customer_id,tenure_months,monthly_spend,support_tickets_90d,late_payments_12m,digital_sessions_30d,contract_type,payment_method,satisfaction_score,discount_rate,products_owned,churn
NOV-00000,27,72.1,3,1,16,mensuel,prelevement,7.7,0.05,2,0
NOV-00001,32,37.64,1,0,18,mensuel,prelevement,9.6,0.1,3,0
NOV-00002,59,125.19,1,1,23,bisannuel,virement,5.6,0.05,3,0
NOV-00003,46,80.99,2,0,14,mensuel,prelevement,8.7,0.0,2,0
NOV-00004,65,58.1,3,2,16,mensuel,carte,5.7,0.0,3,0
NOV-00005,57,123.05,0,0,22,annuel,carte,6.5,0.0,2,0
NOV-00006,34,46.49,2,0,13,bisannuel,carte,7.5,0.0,2,0
NOV-00007,5,97.75,2,1,12,annuel,prelevement,4.3,0.0,1,1
NOV-00008,67,21.51,2,0,20,mensuel,carte,8.3,0.1,2,0
NOV-00009,66,,1,0,16,annuel,prelevement,6.8,0.1,2,0
NOV-00010,17,119.55,3,0,21,annuel,prelevement,9.5,0.2,4,0
NOV-00011,47,148.86,2,2,18,mensuel,prelevement,7.6,0.2,3,1
NOV-00012,13,127.91,1,0,20,mensuel,virement,7.2,0.0,2,0
NOV-00013,14,99.68,1,0,15,mensuel,carte,7.5,0.0,1,0
NOV-00014,5,46.86,2,1,13,mensuel,carte,5.5,0.05,4,1
NOV-00015,19,103.87,0,1,21,bisannuel,carte,9.2,0.2,3,0
NOV-00016,26,57.29,2,1,29,annuel,prelevement,9.2,0.05,2,0
NOV-00017,4,87.26,2,0,18,annuel,carte,8.5,0.0,4,0
NOV-00018,10,111.6,2,0,20,annuel,carte,7.1,0.0,4,1
NOV-00019,32,115.92,1,0,11,annuel,carte,5.9,0.0,2,0
NOV-00020,6,23.3,0,0,14,annuel,prelevement,4.1,0.0,3,0
NOV-00021,8,148.55,3,0,17,mensuel,prelevement,4.4,0.0,4,1
NOV-00022,26,20.54,1,1,18,mensuel,prelevement,9.2,0.0,4,0
NOV-00023,54,72.8,3,1,15,mensuel,prelevement,6.2,0.0,2,1
NOV-00024,21,110.15,0,2,10,mensuel,prelevement,4.8,0.2,2,1
NOV-00025,50,143.86,2,0,20,mensuel,prelevement,9.1,0.05,4,0
NOV-00026,19,112.58,1,1,18,mensuel,prelevement,5.7,0.2,1,1
NOV-00027,19,83.63,2,1,18,bisannuel,virement,9.5,0.1,1,0
NOV-00028,36,65.18,1,1,25,annuel,carte,8.2,0.0,1,0
NOV-00029,15,134.13,3,0,18,mensuel,prelevement,,0.05,4,0
NOV-00030,57,50.29,1,1,19,mensuel,carte,5.9,0.1,1,0
NOV-00031,28,33.34,4,1,18,mensuel,prelevement,7.8,0.1,4,0
NOV-00032,10,112.99,1,1,20,mensuel,carte,8.3,0.0,3,1
NOV-00033,44,148.55,0,0,20,mensuel,carte,10.0,0.1,2,1
NOV-00034,17,48.06,1,0,18,mensuel,prelevement,,0.0,4,0
NOV-00035,42,27.15,0,1,17,annuel,prelevement,7.8,0.0,3,0
NOV-00036,62,109.43,2,0,14,mensuel,carte,6.9,0.2,2,0
NOV-00037,1,38.34,0,0,20,mensuel,prelevement,4.9,0.05,1,0
NOV-00038,6,87.16,2,0,15,annuel,prelevement,10.0,0.0,3,0
NOV-00039,53,81.32,1,0,15,bisannuel,carte,8.6,0.1,1,0
NOV-00040,3,96.37,0,0,15,mensuel,prelevement,6.4,0.0,1,1
NOV-00041,22,46.78,3,0,19,mensuel,prelevement,5.1,0.0,2,1
NOV-00042,2,144.85,0,3,19,annuel,prelevement,9.1,0.0,4,1
NOV-00043,8,,2,0,13,mensuel,prelevement,4.1,0.05,4,1
NOV-00044,57,48.99,1,0,21,mensuel,prelevement,6.9,0.1,1,0
NOV-00045,31,32.34,3,0,15,bisannuel,prelevement,9.9,0.05,2,0
NOV-00046,11,125.45,1,2,15,mensuel,prelevement,7.3,0.0,1,1
NOV-00047,41,137.87,1,1,15,bisannuel,prelevement,7.2,0.0,4,1
NOV-00048,29,130.0,0,0,14,annuel,carte,7.3,0.0,1,0
NOV-00049,2,130.51,0,1,24,mensuel,carte,6.8,0.2,2,1
NOV-00050,66,59.06,1,1,13,bisannuel,prelevement,7.2,0.0,3,0
NOV-00051,6,94.63,1,1,19,annuel,carte,6.6,0.0,2,0
NOV-00052,66,86.82,2,1,21,mensuel,prelevement,8.0,0.0,3,0
NOV-00053,5,64.03,2,0,13,mensuel,prelevement,7.7,0.0,2,0
NOV-00054,11,77.3,3,1,16,annuel,prelevement,8.3,0.0,4,0
NOV-00055,57,103.47,1,1,16,annuel,virement,7.9,0.05,1,0
NOV-00056,65,88.85,0,1,17,annuel,prelevement,8.1,0.2,4,0
NOV-00057,17,91.25,2,0,17,mensuel,prelevement,7.4,0.05,2,0
NOV-00058,69,60.43,1,0,16,annuel,prelevement,8.8,0.0,2,0
NOV-00059,67,34.15,0,0,14,mensuel,carte,9.3,0.0,2,0
NOV-00060,6,129.6,1,1,16,mensuel,carte,8.3,0.0,4,0
NOV-00061,47,127.86,1,0,18,bisannuel,carte,7.4,0.0,4,0
NOV-00062,69,111.9,3,1,18,mensuel,carte,6.6,0.0,2,0
NOV-00063,6,19.94,1,0,21,annuel,prelevement,5.8,0.05,1,0
NOV-00064,66,144.59,0,0,15,bisannuel,carte,7.2,0.05,4,0
NOV-00065,31,85.72,0,0,13,annuel,carte,8.0,0.0,2,0
NOV-00066,53,73.99,1,1,16,bisannuel,prelevement,9.5,0.0,3,0
NOV-00067,29,134.15,0,1,20,bisannuel,prelevement,,0.0,3,0
NOV-00068,54,34.83,1,0,11,bisannuel,carte,6.1,0.0,2,0
NOV-00069,39,87.05,1,1,17,annuel,carte,8.5,0.0,1,1
NOV-00070,50,41.56,4,0,15,mensuel,carte,7.6,0.0,3,0
NOV-00071,68,147.23,2,0,18,bisannuel,carte,9.5,0.05,2,0
NOV-00072,50,72.78,2,0,14,bisannuel,carte,9.4,0.05,2,0
NOV-00073,51,19.62,2,0,18,bisannuel,prelevement,6.9,0.0,2,0
NOV-00074,8,67.69,0,0,14,mensuel,prelevement,6.2,0.1,1,0
NOV-00075,64,121.1,2,1,21,annuel,carte,7.5,0.0,1,0
NOV-00076,36,42.53,1,2,18,mensuel,prelevement,7.3,0.0,4,1
NOV-00077,53,126.01,3,0,21,annuel,carte,8.1,0.0,4,0
NOV-00078,19,134.72,2,1,16,mensuel,carte,6.9,0.0,1,1
NOV-00079,37,139.05,2,1,11,bisannuel,carte,5.3,0.1,3,0
NOV-00080,61,120.63,3,0,14,mensuel,carte,7.5,0.05,2,0
NOV-00081,66,144.29,1,0,20,mensuel,carte,8.8,0.0,2,0
NOV-00082,70,36.01,1,1,23,annuel,prelevement,7.7,0.0,2,0
NOV-00083,46,39.6,1,0,18,annuel,prelevement,6.3,0.0,3,0
NOV-00084,34,59.57,4,1,16,bisannuel,carte,9.5,0.05,4,0
NOV-00085,71,57.84,3,0,17,annuel,prelevement,9.3,0.0,4,0
NOV-00086,31,108.31,2,1,21,bisannuel,carte,7.5,0.0,4,0
NOV-00087,6,86.37,1,1,23,mensuel,virement,6.2,0.05,4,0
NOV-00088,4,97.92,5,2,16,annuel,prelevement,6.2,0.0,2,0
NOV-00089,72,63.43,1,0,12,annuel,virement,5.7,0.0,1,0
NOV-00090,9,117.88,0,0,18,bisannuel,prelevement,5.7,0.0,3,0
NOV-00091,52,62.21,3,0,21,annuel,carte,2.8,0.0,3,0
NOV-00092,58,86.67,2,0,14,mensuel,carte,9.4,0.1,4,0
NOV-00093,51,100.44,3,0,16,mensuel,prelevement,8.5,0.05,4,0
NOV-00094,37,144.37,2,0,15,annuel,prelevement,6.8,0.0,4,0
NOV-00095,13,97.54,2,1,18,mensuel,prelevement,4.7,0.0,2,1
NOV-00096,21,147.98,2,1,14,mensuel,carte,7.2,0.1,1,0
NOV-00097,72,121.33,2,0,22,bisannuel,carte,4.5,0.0,1,0
NOV-00098,66,127.39,0,1,17,annuel,virement,6.1,0.0,4,0
NOV-00099,69,137.4,2,0,17,mensuel,virement,7.6,0.1,1,0
NOV-00100,48,28.97,2,0,23,annuel,prelevement,7.0,0.0,2,1
NOV-00101,34,110.07,0,0,14,mensuel,carte,10.0,0.0,2,0
NOV-00102,70,106.62,2,0,14,mensuel,carte,8.3,0.0,1,1
NOV-00103,12,33.42,2,1,18,mensuel,virement,9.2,0.0,2,0
NOV-00104,53,113.43,1,0,12,annuel,carte,7.8,0.0,1,0
NOV-00105,63,78.43,3,1,16,annuel,prelevement,5.4,0.05,4,0
NOV-00106,47,146.27,0,1,13,mensuel,carte,3.8,0.0,1,1
NOV-00107,60,86.05,1,0,12,mensuel,prelevement,8.6,0.0,1,0
NOV-00108,26,54.73,3,1,15,annuel,carte,9.0,0.1,3,0
NOV-00109,28,113.23,1,0,17,mensuel,prelevement,6.3,0.2,2,1
NOV-00110,19,111.52,1,0,19,annuel,carte,6.2,0.0,4,0
NOV-00111,55,65.67,2,0,18,annuel,prelevement,7.7,0.0,2,0
NOV-00112,34,104.55,3,1,19,mensuel,prelevement,9.5,0.2,3,0
NOV-00113,29,45.02,5,0,20,bisannuel,prelevement,7.5,0.1,2,0
NOV-00114,34,,2,0,18,mensuel,prelevement,9.4,0.2,3,0
NOV-00115,13,142.0,4,0,19,annuel,virement,5.0,0.05,2,0
NOV-00116,37,139.26,2,0,29,bisannuel,prelevement,3.5,0.0,1,0
NOV-00117,25,148.86,2,0,17,mensuel,carte,6.0,0.0,1,1
NOV-00118,46,82.84,1,2,25,mensuel,carte,7.3,0.05,2,1
NOV-00119,54,56.7,2,0,21,mensuel,prelevement,6.2,0.2,2,0
NOV-00120,22,100.11,2,0,19,mensuel,carte,7.7,0.0,1,0
NOV-00121,23,22.28,2,0,23,annuel,carte,5.3,0.0,4,0
NOV-00122,69,92.55,5,0,23,bisannuel,prelevement,7.3,0.05,3,0
NOV-00123,38,60.76,1,0,17,annuel,virement,8.1,0.0,1,0
NOV-00124,70,110.64,1,0,16,annuel,prelevement,8.4,0.0,1,0
NOV-00125,66,140.3,3,0,26,mensuel,prelevement,4.9,0.0,4,1
NOV-00126,69,53.13,0,1,18,mensuel,prelevement,7.6,0.1,3,0
NOV-00127,57,86.84,3,0,23,annuel,prelevement,10.0,0.0,1,0
NOV-00128,44,96.9,1,2,22,mensuel,prelevement,4.8,0.0,2,0
NOV-00129,43,44.46,1,0,13,annuel,virement,9.6,0.1,4,0
NOV-00130,2,80.95,1,1,17,bisannuel,virement,7.3,0.05,1,0
NOV-00131,31,122.04,3,0,22,mensuel,prelevement,6.8,0.0,3,1
NOV-00132,7,34.56,1,1,22,mensuel,prelevement,7.3,0.0,2,0
NOV-00133,25,133.25,3,3,20,bisannuel,virement,9.8,0.1,3,1
NOV-00134,53,114.84,2,1,15,mensuel,carte,6.6,0.0,1,0
NOV-00135,39,108.17,1,1,21,mensuel,carte,8.4,0.0,2,0
NOV-00136,67,98.31,1,0,13,mensuel,prelevement,8.4,0.1,4,0
NOV-00137,57,34.04,1,0,12,mensuel,carte,7.6,0.1,2,0
NOV-00138,23,83.79,1,0,19,bisannuel,carte,8.2,0.0,2,0
NOV-00139,22,143.39,0,0,28,annuel,prelevement,6.7,0.0,2,0
NOV-00140,17,144.83,0,0,17,mensuel,virement,10.0,0.0,3,0
NOV-00141,41,137.52,2,0,9,mensuel,carte,7.8,0.05,4,0
NOV-00142,1,101.98,0,0,18,mensuel,carte,4.9,0.05,2,0
NOV-00143,41,129.03,2,0,19,mensuel,prelevement,5.7,0.05,1,0
NOV-00144,57,22.0,1,1,16,mensuel,carte,2.3,0.0,2,0
NOV-00145,32,22.8,2,0,14,annuel,prelevement,5.6,0.0,3,0
NOV-00146,16,60.16,3,0,22,mensuel,virement,8.8,0.1,3,0
NOV-00147,23,19.35,0,1,19,mensuel,carte,9.4,0.0,1,0
NOV-00148,65,28.44,1,0,20,mensuel,carte,6.6,0.0,3,0
NOV-00149,20,101.28,3,1,16,mensuel,carte,8.5,0.0,4,0
NOV-00150,14,32.87,1,1,17,mensuel,carte,8.0,0.2,3,1
NOV-00151,65,86.53,1,0,22,bisannuel,carte,6.2,0.0,2,0
NOV-00152,3,110.14,4,1,32,annuel,virement,9.8,0.0,2,0
NOV-00153,38,128.35,1,0,14,annuel,carte,4.2,0.05,4,0
NOV-00154,50,,1,0,13,mensuel,carte,6.3,0.1,4,0
NOV-00155,32,83.73,2,0,17,annuel,carte,8.6,0.1,1,0
NOV-00156,35,45.09,0,0,16,bisannuel,carte,6.2,0.05,3,0
NOV-00157,47,25.71,2,0,11,mensuel,prelevement,7.3,0.1,3,0
NOV-00158,16,87.96,0,1,15,mensuel,carte,7.4,0.2,4,0
NOV-00159,3,94.12,2,1,15,mensuel,virement,8.0,0.0,4,0
NOV-00160,50,84.05,1,0,13,mensuel,carte,5.6,0.05,1,0
NOV-00161,7,140.44,1,1,34,mensuel,carte,8.3,0.0,3,1
NOV-00162,21,108.15,0,0,25,bisannuel,prelevement,5.0,0.0,2,0
NOV-00163,62,138.03,1,1,15,mensuel,prelevement,9.0,0.0,3,0
NOV-00164,17,35.32,2,0,27,mensuel,virement,5.1,0.0,2,0
NOV-00165,33,50.83,3,2,17,mensuel,prelevement,7.1,0.0,2,0
NOV-00166,15,55.19,2,1,20,mensuel,virement,10.0,0.0,3,0
NOV-00167,58,43.92,1,0,14,bisannuel,carte,7.7,0.0,1,0
NOV-00168,54,144.17,1,0,18,mensuel,carte,7.4,0.0,3,1
NOV-00169,9,125.81,4,1,27,mensuel,carte,7.5,0.1,4,1
NOV-00170,23,85.56,0,1,12,mensuel,prelevement,5.3,0.1,3,0
NOV-00171,70,53.09,1,0,20,mensuel,carte,5.9,0.1,1,1
NOV-00172,48,27.62,3,0,23,mensuel,prelevement,7.9,0.0,3,0
NOV-00173,12,106.53,0,1,20,mensuel,prelevement,6.4,0.1,4,1
NOV-00174,56,37.51,3,0,17,mensuel,prelevement,8.2,0.0,2,0
NOV-00175,70,53.18,2,0,17,annuel,carte,8.4,0.0,3,0
NOV-00176,52,99.13,2,0,21,mensuel,prelevement,7.9,0.05,3,0
NOV-00177,8,77.6,4,0,15,mensuel,carte,8.9,0.0,3,0
NOV-00178,46,55.04,3,1,19,annuel,prelevement,7.3,0.0,3,0
NOV-00179,24,35.23,1,0,16,mensuel,virement,5.8,0.1,2,1
NOV-00180,14,121.66,2,1,17,mensuel,prelevement,6.5,0.1,2,0
NOV-00181,2,94.6,2,0,18,bisannuel,prelevement,7.8,0.1,3,0
NOV-00182,53,,2,0,14,mensuel,prelevement,7.7,0.0,1,0
NOV-00183,69,34.25,2,1,14,mensuel,prelevement,8.2,0.0,4,0
NOV-00184,51,132.38,1,0,18,mensuel,carte,8.8,0.0,2,0
NOV-00185,40,75.82,0,0,18,mensuel,carte,5.2,0.0,3,0
NOV-00186,59,143.24,4,0,18,mensuel,prelevement,7.1,0.05,4,1
NOV-00187,44,,1,0,19,annuel,carte,10.0,0.1,3,1
NOV-00188,9,49.74,2,0,16,bisannuel,prelevement,5.3,0.05,2,0
NOV-00189,10,55.3,1,0,26,mensuel,carte,8.6,0.2,2,0
NOV-00190,38,97.42,1,0,21,annuel,virement,5.8,0.05,2,0
NOV-00191,71,57.1,1,2,18,annuel,carte,,0.0,4,0
NOV-00192,51,108.5,0,0,18,annuel,prelevement,9.7,0.0,4,0
NOV-00193,10,27.22,3,0,21,mensuel,carte,7.1,0.0,3,0
NOV-00194,12,117.58,1,0,9,mensuel,carte,8.7,0.1,4,0
NOV-00195,44,38.03,0,0,18,annuel,carte,6.9,0.0,2,0
NOV-00196,53,39.37,3,1,15,annuel,prelevement,7.8,0.05,3,0
NOV-00197,24,97.22,2,1,22,bisannuel,carte,6.8,0.0,1,0
NOV-00198,1,23.27,1,0,16,mensuel,carte,7.8,0.0,1,0
NOV-00199,19,88.62,2,0,15,annuel,prelevement,6.5,0.0,2,0
NOV-00200,24,139.33,2,0,20,mensuel,carte,8.6,0.0,1,0
NOV-00201,34,48.38,1,3,21,mensuel,prelevement,3.5,0.0,3,1
NOV-00202,33,147.35,4,0,15,annuel,prelevement,4.9,0.2,4,1
NOV-00203,40,23.13,4,1,18,bisannuel,carte,8.7,0.05,1,0
NOV-00204,52,136.68,2,2,25,mensuel,carte,6.5,0.0,3,1
NOV-00205,16,139.57,0,0,22,annuel,carte,7.2,0.0,4,0
NOV-00206,37,42.67,3,0,17,annuel,virement,7.7,0.0,3,0
NOV-00207,12,90.93,0,1,16,mensuel,prelevement,4.2,0.2,4,1
NOV-00208,71,78.61,1,0,11,mensuel,prelevement,5.8,0.0,1,0
NOV-00209,2,133.27,4,1,14,mensuel,carte,7.9,0.0,4,1
NOV-00210,38,119.39,0,0,17,bisannuel,prelevement,6.6,0.0,3,0
NOV-00211,68,68.5,2,1,18,bisannuel,prelevement,6.9,0.05,3,0
NOV-00212,70,127.61,1,0,12,mensuel,prelevement,6.7,0.1,1,0
NOV-00213,27,130.33,1,1,14,mensuel,carte,6.5,0.05,4,0
NOV-00214,51,107.12,0,0,13,bisannuel,prelevement,6.5,0.0,1,0
NOV-00215,38,88.29,0,0,14,mensuel,virement,7.2,0.0,4,1
NOV-00216,62,66.21,1,0,17,mensuel,virement,5.8,0.1,4,0
NOV-00217,65,73.56,4,0,18,annuel,prelevement,3.4,0.05,3,1
NOV-00218,58,47.26,3,0,25,annuel,prelevement,9.4,0.0,4,0
NOV-00219,7,110.14,3,1,25,bisannuel,prelevement,5.3,0.05,3,0
NOV-00220,10,130.46,4,0,20,annuel,prelevement,6.3,0.0,3,1
NOV-00221,68,65.8,0,0,20,mensuel,carte,6.2,0.0,1,0
NOV-00222,38,95.19,0,0,7,bisannuel,carte,10.0,0.0,1,0
NOV-00223,5,91.34,1,0,18,annuel,prelevement,6.4,0.2,3,1
NOV-00224,4,123.55,4,2,29,annuel,prelevement,7.8,0.05,2,1
NOV-00225,32,137.08,0,0,18,annuel,prelevement,7.0,0.0,1,0
NOV-00226,7,46.25,2,0,12,annuel,carte,5.3,0.0,4,0
NOV-00227,56,103.01,2,0,15,bisannuel,prelevement,6.6,0.0,1,0
NOV-00228,53,124.21,2,0,21,bisannuel,virement,6.5,0.05,3,0
NOV-00229,11,71.71,2,2,12,mensuel,carte,7.2,0.0,2,0
NOV-00230,12,131.02,2,0,21,mensuel,carte,8.3,0.0,2,0
NOV-00231,40,54.25,4,1,16,mensuel,prelevement,6.3,0.1,2,0
NOV-00232,8,136.31,3,0,18,mensuel,prelevement,8.1,0.0,4,0
NOV-00233,18,65.13,1,1,24,annuel,carte,10.0,0.1,3,0
NOV-00234,2,116.44,2,0,18,bisannuel,prelevement,5.1,0.05,1,0
NOV-00235,31,120.35,1,0,11,annuel,carte,6.2,0.1,1,0
NOV-00236,64,80.01,3,0,14,bisannuel,virement,4.5,0.0,3,1
NOV-00237,62,87.34,0,0,13,mensuel,carte,8.0,0.0,1,0
NOV-00238,22,118.11,1,0,21,mensuel,prelevement,10.0,0.0,1,0
NOV-00239,71,56.37,1,0,15,mensuel,prelevement,5.8,0.0,1,0
NOV-00240,59,121.09,2,0,20,bisannuel,prelevement,3.5,0.0,1,0
NOV-00241,43,104.83,3,1,11,annuel,carte,10.0,0.0,2,0
NOV-00242,26,33.61,1,0,20,annuel,carte,4.8,0.1,2,0
NOV-00243,52,128.43,2,0,15,bisannuel,carte,7.0,0.0,3,1
NOV-00244,63,39.41,0,0,19,annuel,virement,8.1,0.0,4,0
NOV-00245,17,125.72,3,0,21,mensuel,carte,9.8,0.05,4,0
NOV-00246,65,67.36,0,0,22,mensuel,prelevement,7.5,0.0,3,0
NOV-00247,9,97.79,1,0,14,annuel,prelevement,8.2,0.0,3,0
NOV-00248,13,102.15,0,0,13,mensuel,prelevement,5.8,0.0,3,0
NOV-00249,21,62.87,2,1,20,annuel,prelevement,1.6,0.0,3,1
NOV-00250,14,102.55,1,1,26,mensuel,carte,6.3,0.1,3,1
NOV-00251,28,122.81,1,0,23,bisannuel,virement,6.9,0.0,4,0
NOV-00252,42,82.08,1,1,13,mensuel,carte,6.0,0.2,2,0
NOV-00253,58,,2,1,22,annuel,prelevement,6.3,0.05,1,0
NOV-00254,58,103.28,2,1,13,mensuel,carte,7.0,0.1,2,1
NOV-00255,60,87.49,2,0,19,mensuel,carte,8.7,0.1,1,0
NOV-00256,56,79.54,1,0,11,mensuel,carte,8.8,0.0,3,0
NOV-00257,5,30.11,1,0,17,mensuel,prelevement,6.5,0.0,2,0
NOV-00258,19,134.9,0,0,17,annuel,virement,8.2,0.05,2,0
NOV-00259,2,41.52,2,1,14,mensuel,prelevement,7.4,0.0,4,0
NOV-00260,68,91.31,2,1,27,mensuel,carte,7.2,0.0,4,0
NOV-00261,72,126.98,1,0,18,annuel,virement,7.2,0.0,4,0
NOV-00262,41,60.18,2,1,26,annuel,carte,,0.0,3,0
NOV-00263,55,24.48,1,0,22,mensuel,virement,6.9,0.0,4,0
NOV-00264,9,75.53,2,1,21,annuel,prelevement,8.0,0.05,4,0
NOV-00265,63,52.73,1,0,23,annuel,carte,8.6,0.05,1,0
NOV-00266,24,44.17,1,0,25,mensuel,carte,5.6,0.1,3,0
NOV-00267,13,95.58,1,0,21,mensuel,virement,5.7,0.0,3,0
NOV-00268,20,143.11,0,1,20,mensuel,prelevement,7.5,0.05,2,1
NOV-00269,71,51.32,0,2,22,mensuel,prelevement,4.8,0.0,3,0
NOV-00270,62,112.22,3,0,23,mensuel,carte,7.3,0.2,3,0
NOV-00271,52,21.08,1,0,26,mensuel,prelevement,7.2,0.05,1,0
NOV-00272,2,41.0,4,0,14,annuel,prelevement,9.8,0.0,1,0
NOV-00273,72,47.28,2,0,16,mensuel,virement,4.4,0.0,4,0
NOV-00274,5,50.71,2,1,13,mensuel,prelevement,4.0,0.0,3,1
NOV-00275,49,65.58,1,0,15,annuel,prelevement,5.6,0.0,2,0
NOV-00276,2,68.77,1,1,16,annuel,carte,9.7,0.0,3,0
NOV-00277,37,116.76,2,0,15,mensuel,prelevement,4.9,0.0,2,1
NOV-00278,66,139.09,5,0,17,mensuel,carte,4.6,0.05,3,1
NOV-00279,2,56.68,0,1,22,mensuel,prelevement,8.5,0.0,1,0
NOV-00280,19,107.22,1,0,18,mensuel,prelevement,6.9,0.0,3,0
NOV-00281,42,21.52,3,1,18,mensuel,carte,7.1,0.1,2,0
NOV-00282,38,104.06,1,1,16,mensuel,prelevement,7.6,0.0,4,0
NOV-00283,30,44.48,2,2,13,mensuel,prelevement,2.8,0.0,3,1
NOV-00284,53,35.74,3,0,20,mensuel,carte,5.0,0.05,4,0
NOV-00285,40,141.96,1,1,12,mensuel,carte,8.4,0.05,4,0
NOV-00286,62,134.09,3,1,18,annuel,prelevement,8.5,0.1,1,0
NOV-00287,29,83.9,4,0,16,mensuel,prelevement,6.7,0.0,4,0
NOV-00288,50,79.51,1,0,24,annuel,carte,8.8,0.0,4,0
NOV-00289,24,77.19,1,0,19,mensuel,prelevement,4.0,0.0,2,1
NOV-00290,57,135.06,0,0,15,mensuel,carte,9.3,0.0,3,0
NOV-00291,31,79.73,2,1,20,annuel,carte,5.0,0.0,1,0
NOV-00292,71,83.0,0,1,15,mensuel,prelevement,6.7,0.0,2,0
NOV-00293,34,129.3,3,0,14,annuel,prelevement,9.0,0.0,3,1
NOV-00294,45,106.32,2,0,22,mensuel,carte,6.1,0.05,3,1
NOV-00295,4,115.21,3,0,24,annuel,prelevement,5.4,0.0,3,1
NOV-00296,26,104.67,1,0,15,bisannuel,prelevement,6.2,0.0,2,0
NOV-00297,69,50.39,1,1,18,mensuel,carte,5.0,0.0,4,0
NOV-00298,38,146.86,3,1,19,mensuel,prelevement,7.0,0.1,4,0
NOV-00299,4,69.85,3,0,14,annuel,carte,9.3,0.0,3,0
NOV-00300,17,130.84,0,1,17,mensuel,prelevement,6.2,0.05,1,0
NOV-00301,19,44.6,0,0,17,mensuel,virement,6.3,0.0,3,0
NOV-00302,47,71.07,1,0,21,annuel,carte,5.9,0.0,1,0
NOV-00303,63,74.28,1,0,16,annuel,prelevement,,0.05,3,0
NOV-00304,59,134.49,3,0,14,mensuel,prelevement,7.8,0.0,1,1
NOV-00305,12,49.23,5,0,23,mensuel,prelevement,8.8,0.05,2,0
NOV-00306,30,110.27,0,0,20,annuel,virement,5.9,0.0,2,0
NOV-00307,40,143.9,1,1,18,annuel,carte,8.5,0.0,4,0
NOV-00308,66,96.2,1,0,17,annuel,prelevement,6.1,0.1,1,0
NOV-00309,42,146.06,1,1,15,mensuel,prelevement,7.0,0.0,1,1
NOV-00310,40,131.23,0,2,21,bisannuel,carte,8.1,0.2,2,0
NOV-00311,9,148.91,2,0,6,bisannuel,prelevement,5.4,0.0,4,1
NOV-00312,7,73.23,2,1,10,mensuel,carte,4.2,0.0,4,1
NOV-00313,57,126.18,0,1,27,annuel,prelevement,5.6,0.0,3,0
NOV-00314,11,88.46,1,0,18,mensuel,carte,6.4,0.1,3,0
NOV-00315,8,107.07,2,0,32,bisannuel,carte,7.7,0.0,1,0
NOV-00316,50,138.56,0,0,14,bisannuel,prelevement,7.7,0.05,1,0
NOV-00317,53,82.65,4,0,18,mensuel,prelevement,9.2,0.0,2,0
NOV-00318,52,127.26,1,0,22,bisannuel,virement,8.5,0.0,1,0
NOV-00319,41,59.84,4,1,15,annuel,carte,3.9,0.0,2,1
NOV-00320,56,84.12,0,0,22,bisannuel,prelevement,7.3,0.0,2,0
NOV-00321,32,103.08,1,1,23,mensuel,prelevement,4.0,0.0,4,0
NOV-00322,4,20.83,3,0,10,annuel,virement,5.7,0.1,3,0
NOV-00323,58,50.65,1,0,18,annuel,carte,6.8,0.0,1,0
NOV-00324,45,132.22,1,0,17,annuel,prelevement,8.0,0.0,1,0
NOV-00325,59,133.58,0,0,21,mensuel,carte,8.9,0.0,1,0
NOV-00326,59,49.91,0,0,13,mensuel,carte,8.8,0.05,2,0
NOV-00327,48,85.88,0,2,12,annuel,carte,10.0,0.05,2,0
NOV-00328,29,22.13,0,0,20,mensuel,virement,6.1,0.0,4,0
NOV-00329,36,128.89,1,0,23,annuel,carte,8.1,0.1,4,0
NOV-00330,63,20.77,0,0,11,annuel,carte,7.1,0.0,2,0
NOV-00331,68,39.03,3,0,25,mensuel,carte,9.8,0.1,4,0
NOV-00332,24,74.87,2,0,16,annuel,prelevement,8.1,0.0,3,0
NOV-00333,8,142.21,2,0,22,annuel,carte,5.4,0.05,3,1
NOV-00334,34,51.88,1,0,25,bisannuel,prelevement,7.5,0.05,1,0
NOV-00335,41,141.87,4,1,20,mensuel,prelevement,7.3,0.0,1,1
NOV-00336,27,94.22,4,0,24,annuel,prelevement,7.5,0.2,1,0
NOV-00337,61,120.93,5,1,21,bisannuel,carte,6.2,0.05,4,0
NOV-00338,53,101.44,3,0,20,mensuel,prelevement,8.0,0.0,4,0
NOV-00339,63,138.98,2,0,20,mensuel,prelevement,4.7,0.0,3,0
NOV-00340,10,24.53,3,0,16,mensuel,carte,7.9,0.0,2,0
NOV-00341,56,84.48,1,0,24,annuel,prelevement,6.3,0.0,2,0
NOV-00342,19,39.77,1,1,18,mensuel,prelevement,5.1,0.0,1,0
NOV-00343,34,137.05,0,0,10,mensuel,prelevement,7.8,0.0,1,0
NOV-00344,47,19.55,0,0,19,mensuel,prelevement,6.5,0.2,1,0
NOV-00345,38,91.46,4,1,11,mensuel,virement,3.1,0.05,3,1
NOV-00346,28,73.68,3,0,14,mensuel,carte,6.9,0.0,3,0
NOV-00347,23,105.13,1,0,14,annuel,prelevement,4.9,0.1,4,0
NOV-00348,65,101.48,4,0,14,bisannuel,prelevement,6.7,0.0,1,0
NOV-00349,21,138.08,1,0,26,mensuel,carte,10.0,0.05,4,0
NOV-00350,49,59.65,1,1,17,mensuel,carte,9.6,0.05,1,0
NOV-00351,29,40.82,2,0,22,mensuel,carte,8.1,0.05,2,0
NOV-00352,71,143.43,0,0,12,bisannuel,carte,6.5,0.0,2,0
NOV-00353,28,74.73,1,1,16,annuel,prelevement,7.9,0.05,3,0
NOV-00354,46,141.41,3,1,18,mensuel,carte,7.8,0.05,2,0
NOV-00355,46,93.68,2,1,28,annuel,prelevement,5.9,0.1,4,0
NOV-00356,29,107.45,1,1,18,annuel,virement,8.8,0.0,2,0
NOV-00357,66,89.0,1,1,13,mensuel,prelevement,9.7,0.05,3,0
NOV-00358,67,94.63,2,0,19,mensuel,carte,7.5,0.1,4,0
NOV-00359,18,67.02,1,0,13,mensuel,prelevement,8.9,0.2,1,0
NOV-00360,21,59.33,0,0,17,mensuel,prelevement,5.5,0.0,4,0
NOV-00361,25,64.3,0,0,21,annuel,prelevement,9.1,0.2,3,0
NOV-00362,3,80.97,1,0,11,annuel,carte,9.7,0.1,1,0
NOV-00363,41,116.68,1,1,18,annuel,prelevement,9.4,0.05,4,0
NOV-00364,56,60.03,2,3,23,mensuel,prelevement,9.3,0.0,1,0
NOV-00365,31,57.24,0,0,14,mensuel,prelevement,10.0,0.1,1,0
NOV-00366,68,71.47,0,0,19,mensuel,prelevement,6.9,0.0,3,1
NOV-00367,56,27.62,0,0,12,mensuel,carte,7.4,0.1,1,0
NOV-00368,55,33.44,1,0,12,annuel,virement,7.4,0.1,3,0
NOV-00369,21,119.77,2,0,14,mensuel,carte,3.8,0.1,3,1
NOV-00370,43,72.95,2,1,20,mensuel,carte,9.5,0.0,3,0
NOV-00371,49,108.37,0,0,30,mensuel,carte,6.9,0.05,3,0
NOV-00372,48,141.24,1,0,15,bisannuel,carte,5.4,0.0,2,0
NOV-00373,19,37.55,3,0,20,mensuel,prelevement,4.4,0.05,3,0
NOV-00374,37,130.7,3,0,20,annuel,prelevement,6.9,0.1,2,0
NOV-00375,52,110.27,3,2,15,annuel,carte,6.6,0.0,3,1
NOV-00376,10,136.76,0,0,21,mensuel,prelevement,6.4,0.0,2,0
NOV-00377,8,27.56,0,1,14,bisannuel,carte,5.5,0.0,3,0
NOV-00378,14,23.91,3,1,21,annuel,prelevement,9.3,0.1,1,1
NOV-00379,23,119.67,1,2,23,mensuel,prelevement,5.5,0.05,1,1
NOV-00380,42,80.49,1,0,21,annuel,carte,9.6,0.1,3,0
NOV-00381,42,19.39,1,1,18,annuel,carte,9.2,0.1,2,0
NOV-00382,47,104.52,1,2,19,annuel,carte,10.0,0.0,1,0
NOV-00383,11,133.89,1,0,16,mensuel,prelevement,7.2,0.05,2,0
NOV-00384,25,82.93,1,0,17,bisannuel,carte,9.5,0.0,3,0
NOV-00385,21,64.23,4,0,10,bisannuel,virement,10.0,0.1,1,0
NOV-00386,19,88.1,1,0,12,bisannuel,carte,8.3,0.2,4,0
NOV-00387,55,83.17,2,1,16,annuel,carte,5.6,0.05,4,0
NOV-00388,11,120.4,2,1,15,mensuel,prelevement,10.0,0.0,4,0
NOV-00389,20,63.65,1,0,15,annuel,carte,7.5,0.0,2,0
NOV-00390,7,20.55,1,0,11,annuel,prelevement,9.3,0.0,2,0
NOV-00391,6,38.61,3,1,22,annuel,carte,8.0,0.0,4,0
NOV-00392,24,75.06,1,1,19,mensuel,carte,9.2,0.0,4,0
NOV-00393,8,147.27,1,0,10,mensuel,carte,4.0,0.0,1,1
NOV-00394,20,107.42,1,0,19,mensuel,carte,9.2,0.05,2,0
NOV-00395,23,120.56,2,0,16,annuel,carte,7.2,0.05,1,1
NOV-00396,50,82.28,2,0,23,annuel,prelevement,3.5,0.2,1,0
NOV-00397,40,35.08,3,0,19,annuel,prelevement,9.4,0.0,3,0
NOV-00398,42,62.77,0,0,18,mensuel,carte,7.6,0.0,3,0
NOV-00399,60,140.92,1,0,19,mensuel,prelevement,7.0,0.0,3,0
NOV-00400,7,37.41,1,0,23,mensuel,prelevement,9.2,0.1,3,0
NOV-00401,50,48.65,3,0,19,bisannuel,prelevement,7.3,0.0,3,0
NOV-00402,56,44.34,1,0,23,mensuel,prelevement,10.0,0.0,3,0
NOV-00403,27,56.01,2,0,21,mensuel,carte,6.9,0.0,1,1
NOV-00404,25,145.13,2,1,22,mensuel,prelevement,5.8,0.0,1,0
NOV-00405,2,65.99,0,0,17,mensuel,carte,9.3,0.0,4,1
NOV-00406,51,95.68,1,0,17,mensuel,prelevement,7.9,0.05,2,0
NOV-00407,36,119.36,2,1,20,annuel,prelevement,7.4,0.0,4,1
NOV-00408,36,133.8,0,0,22,annuel,carte,5.7,0.0,4,0
NOV-00409,64,84.8,0,0,16,annuel,carte,5.7,0.0,2,0
NOV-00410,72,101.91,2,0,12,mensuel,prelevement,7.4,0.0,3,0
NOV-00411,56,34.97,4,1,16,annuel,carte,5.9,0.0,4,0
NOV-00412,16,65.75,0,1,19,annuel,virement,10.0,0.1,1,0
NOV-00413,66,33.81,1,0,14,bisannuel,prelevement,9.9,0.0,4,0
NOV-00414,34,25.44,0,1,21,mensuel,virement,7.4,0.0,2,1
NOV-00415,17,83.98,3,0,17,annuel,prelevement,8.8,0.0,3,0
NOV-00416,53,43.74,0,0,15,mensuel,carte,5.4,0.1,2,0
NOV-00417,6,45.83,0,1,24,mensuel,carte,7.9,0.0,4,0
NOV-00418,13,113.46,4,0,19,mensuel,carte,8.5,0.0,3,1
NOV-00419,45,145.46,2,0,19,mensuel,carte,9.1,0.05,1,0
NOV-00420,62,21.17,3,0,15,bisannuel,virement,3.0,0.0,4,1
NOV-00421,10,41.07,0,0,12,mensuel,carte,8.9,0.1,4,0
NOV-00422,61,117.27,3,0,16,mensuel,prelevement,4.0,0.0,2,1
NOV-00423,20,128.44,1,1,24,annuel,carte,8.9,0.0,3,0
NOV-00424,14,112.63,5,0,22,mensuel,carte,5.4,0.1,4,1
NOV-00425,13,28.36,1,0,24,mensuel,prelevement,9.1,0.0,3,0
NOV-00426,17,43.79,4,0,19,bisannuel,carte,,0.0,1,0
NOV-00427,13,35.73,1,2,19,annuel,carte,9.5,0.0,3,0
NOV-00428,37,85.96,3,1,14,mensuel,prelevement,8.8,0.1,3,0
NOV-00429,71,147.77,2,0,21,mensuel,prelevement,6.1,0.1,3,1
NOV-00430,12,112.33,1,1,21,annuel,carte,5.1,0.1,2,0
NOV-00431,12,87.54,1,0,19,bisannuel,carte,6.2,0.0,1,0
NOV-00432,66,47.07,1,1,22,bisannuel,prelevement,,0.05,3,0
NOV-00433,22,115.19,1,0,18,annuel,prelevement,3.9,0.0,4,0
NOV-00434,63,106.9,0,0,14,mensuel,prelevement,8.5,0.1,1,0
NOV-00435,70,102.77,0,1,17,bisannuel,carte,6.5,0.0,3,0
NOV-00436,20,96.0,0,0,15,bisannuel,carte,7.1,0.1,3,0
NOV-00437,54,,0,0,18,mensuel,prelevement,7.2,0.0,3,0
NOV-00438,70,111.07,1,2,17,mensuel,virement,4.7,0.0,4,0
NOV-00439,32,21.69,1,1,24,annuel,prelevement,7.6,0.05,4,0
NOV-00440,8,86.83,5,1,20,annuel,carte,6.3,0.0,2,1
NOV-00441,58,81.09,1,1,19,annuel,prelevement,7.3,0.05,4,0
NOV-00442,49,47.7,0,0,20,mensuel,virement,7.7,0.1,2,0
NOV-00443,27,76.54,2,0,16,mensuel,carte,5.3,0.0,1,0
NOV-00444,50,121.77,2,1,20,mensuel,prelevement,7.4,0.0,4,0
NOV-00445,38,127.28,2,0,17,annuel,prelevement,5.1,0.0,4,0
NOV-00446,32,130.22,2,0,33,bisannuel,prelevement,5.3,0.0,4,0
NOV-00447,44,72.91,1,0,16,mensuel,prelevement,10.0,0.0,3,0
NOV-00448,29,26.82,0,1,21,bisannuel,virement,7.0,0.1,3,0
NOV-00449,66,77.16,2,0,19,bisannuel,prelevement,8.9,0.0,3,0
NOV-00450,29,69.49,2,1,15,annuel,carte,8.6,0.1,2,0
NOV-00451,3,131.83,0,0,26,bisannuel,prelevement,3.8,0.0,1,0
NOV-00452,70,103.51,4,0,18,annuel,virement,5.8,0.05,2,0
NOV-00453,14,80.44,2,0,15,bisannuel,prelevement,8.0,0.0,1,0
NOV-00454,30,81.51,2,1,20,mensuel,carte,6.3,0.0,2,0
NOV-00455,51,62.96,0,0,19,annuel,prelevement,8.8,0.0,1,0
NOV-00456,21,22.58,2,0,12,annuel,prelevement,5.7,0.0,1,0
NOV-00457,1,130.2,4,1,16,mensuel,virement,10.0,0.0,4,0
NOV-00458,36,143.64,0,1,19,mensuel,carte,6.5,0.0,2,0
NOV-00459,23,117.14,0,1,14,mensuel,prelevement,10.0,0.0,2,0
NOV-00460,30,30.56,2,0,21,mensuel,prelevement,5.3,0.0,1,0
NOV-00461,65,145.4,2,0,17,annuel,virement,6.4,0.0,4,0
NOV-00462,34,83.51,1,1,21,mensuel,prelevement,,0.0,1,1
NOV-00463,46,75.21,3,0,18,mensuel,prelevement,6.5,0.0,2,1
NOV-00464,7,60.38,1,0,15,bisannuel,virement,8.5,0.05,4,0
NOV-00465,69,126.95,1,0,19,mensuel,carte,6.0,0.0,3,0
NOV-00466,9,118.32,2,0,19,mensuel,carte,9.3,0.0,2,0
NOV-00467,11,123.45,0,0,11,mensuel,carte,5.8,0.1,3,0
NOV-00468,44,105.33,1,0,22,mensuel,prelevement,7.2,0.0,4,0
NOV-00469,33,68.74,3,0,13,mensuel,prelevement,5.9,0.1,3,1
NOV-00470,69,104.31,0,1,10,mensuel,carte,10.0,0.05,4,0
NOV-00471,55,135.9,2,0,24,annuel,carte,8.5,0.0,1,0
NOV-00472,53,40.52,1,0,17,annuel,carte,5.4,0.0,1,0
NOV-00473,59,132.46,3,0,14,mensuel,virement,9.6,0.0,3,1
NOV-00474,29,55.14,3,1,18,mensuel,prelevement,7.3,0.0,4,1
NOV-00475,46,33.35,0,1,14,mensuel,prelevement,6.4,0.0,3,0
NOV-00476,69,108.92,1,1,12,mensuel,carte,6.1,0.05,1,0
NOV-00477,16,121.23,2,0,17,mensuel,prelevement,4.8,0.0,4,1
NOV-00478,56,53.91,2,0,18,mensuel,prelevement,7.9,0.0,4,0
NOV-00479,67,38.26,2,0,20,mensuel,carte,10.0,0.0,1,0
NOV-00480,48,20.12,0,0,20,annuel,prelevement,6.1,0.1,2,0
NOV-00481,44,48.8,2,0,13,mensuel,prelevement,5.5,0.0,4,1
NOV-00482,8,23.84,3,0,16,mensuel,prelevement,6.6,0.0,4,1
NOV-00483,34,148.59,2,0,10,annuel,carte,9.1,0.2,3,0
NOV-00484,9,138.86,1,2,16,annuel,prelevement,8.5,0.1,1,0
NOV-00485,14,109.06,2,0,31,annuel,prelevement,6.6,0.0,2,0
NOV-00486,9,122.24,2,0,23,mensuel,prelevement,9.3,0.2,3,0
NOV-00487,16,117.34,1,0,19,bisannuel,carte,8.9,0.05,1,0
NOV-00488,27,59.38,2,0,14,mensuel,prelevement,5.4,0.0,3,1
NOV-00489,56,117.44,3,0,18,mensuel,prelevement,7.6,0.1,3,0
NOV-00490,12,145.49,0,1,17,mensuel,carte,7.2,0.1,2,1
NOV-00491,23,33.79,1,0,14,mensuel,prelevement,,0.05,2,0
NOV-00492,51,38.12,3,0,16,mensuel,carte,6.2,0.05,2,0
NOV-00493,50,105.08,1,0,19,annuel,carte,9.4,0.0,2,1
NOV-00494,55,40.53,1,0,17,mensuel,carte,9.2,0.1,2,0
NOV-00495,58,78.34,0,0,25,mensuel,prelevement,8.7,0.0,4,0
NOV-00496,58,101.4,0,1,17,bisannuel,prelevement,7.4,0.0,3,0
NOV-00497,27,61.9,2,1,16,mensuel,prelevement,7.4,0.05,4,1
NOV-00498,57,93.38,5,1,16,bisannuel,prelevement,8.3,0.0,4,0
NOV-00499,61,83.71,3,1,18,mensuel,prelevement,9.5,0.0,3,0
NOV-00500,54,45.61,1,1,11,annuel,carte,8.7,0.1,3,0
NOV-00501,33,74.31,1,1,13,mensuel,carte,3.8,0.0,4,0
NOV-00502,8,88.06,1,0,10,mensuel,carte,8.6,0.05,1,0
NOV-00503,14,100.74,0,3,18,annuel,carte,7.0,0.0,4,1
NOV-00504,58,134.58,1,1,20,mensuel,prelevement,5.1,0.0,2,0
NOV-00505,10,146.05,1,1,20,annuel,carte,7.3,0.1,3,0
NOV-00506,56,108.78,4,1,23,mensuel,prelevement,5.6,0.0,1,1
NOV-00507,44,83.82,2,1,18,annuel,prelevement,6.1,0.2,3,0
NOV-00508,15,20.81,1,0,22,mensuel,carte,6.6,0.0,4,0
NOV-00509,36,19.05,2,0,20,mensuel,carte,6.3,0.1,3,0
NOV-00510,27,106.06,3,1,21,mensuel,carte,,0.0,3,0
NOV-00511,24,122.92,4,0,18,mensuel,virement,10.0,0.0,1,0
NOV-00512,22,119.59,0,0,14,annuel,prelevement,6.6,0.0,4,0
NOV-00513,43,56.69,1,1,12,bisannuel,virement,7.8,0.1,4,0
NOV-00514,2,73.04,2,0,25,mensuel,prelevement,6.6,0.0,3,1
NOV-00515,42,66.76,1,1,14,mensuel,prelevement,8.6,0.1,3,0
NOV-00516,35,112.79,5,0,13,annuel,carte,7.1,0.05,4,1
NOV-00517,61,117.59,4,0,20,mensuel,carte,6.9,0.0,3,0
NOV-00518,12,116.77,2,1,21,mensuel,virement,6.9,0.0,4,1
NOV-00519,3,99.57,2,0,18,mensuel,prelevement,7.0,0.0,4,0
NOV-00520,44,144.68,2,0,16,mensuel,carte,6.6,0.0,4,0
NOV-00521,25,114.67,1,0,19,mensuel,prelevement,6.9,0.0,4,0
NOV-00522,9,104.82,1,0,18,mensuel,prelevement,4.9,0.0,4,1
NOV-00523,61,62.81,0,1,17,mensuel,prelevement,6.4,0.1,1,0
NOV-00524,56,22.23,2,0,22,mensuel,prelevement,8.9,0.0,2,0
NOV-00525,45,,3,0,20,annuel,carte,6.0,0.2,4,0
NOV-00526,17,56.01,2,0,19,annuel,carte,8.7,0.0,3,0
NOV-00527,1,123.19,1,1,20,mensuel,carte,7.6,0.1,4,0
NOV-00528,53,28.92,1,0,14,bisannuel,prelevement,10.0,0.0,1,0
NOV-00529,65,119.56,1,0,24,annuel,prelevement,4.2,0.0,2,0
NOV-00530,53,23.24,1,0,22,annuel,carte,8.5,0.0,2,0
NOV-00531,34,,1,2,21,mensuel,prelevement,8.4,0.0,4,0
NOV-00532,36,147.06,2,1,17,bisannuel,prelevement,6.8,0.0,3,0
NOV-00533,49,50.33,3,0,15,mensuel,prelevement,8.1,0.0,4,0
NOV-00534,30,43.68,0,0,27,annuel,prelevement,8.4,0.05,4,0
NOV-00535,6,125.98,3,0,22,mensuel,prelevement,7.8,0.1,1,0
NOV-00536,50,65.14,2,0,13,annuel,prelevement,9.8,0.2,4,0
NOV-00537,22,91.7,0,1,21,mensuel,prelevement,5.3,0.1,1,1
NOV-00538,15,46.27,1,0,17,mensuel,carte,8.7,0.1,1,0
NOV-00539,35,52.21,0,1,20,annuel,carte,9.9,0.0,3,0
NOV-00540,26,122.27,1,1,17,annuel,prelevement,7.2,0.05,3,0
NOV-00541,1,139.45,0,0,15,mensuel,virement,8.2,0.0,3,0
NOV-00542,25,102.35,1,0,18,annuel,prelevement,5.1,0.05,1,1
NOV-00543,67,41.77,5,1,15,bisannuel,virement,7.0,0.1,4,0
NOV-00544,13,89.17,0,1,16,annuel,prelevement,7.8,0.0,1,0
NOV-00545,39,78.69,0,0,27,bisannuel,carte,5.9,0.0,3,0
NOV-00546,57,65.27,0,0,21,mensuel,carte,8.9,0.05,3,0
NOV-00547,50,102.71,3,1,16,bisannuel,carte,9.7,0.0,2,0
NOV-00548,51,25.07,0,1,25,annuel,carte,8.9,0.1,1,0
NOV-00549,15,96.15,2,1,22,mensuel,prelevement,10.0,0.1,2,0
NOV-00550,32,76.93,2,0,17,mensuel,prelevement,6.8,0.0,4,0
NOV-00551,42,93.38,2,0,17,mensuel,prelevement,7.5,0.0,1,0
NOV-00552,48,104.08,1,0,19,mensuel,virement,7.5,0.0,1,0
NOV-00553,11,89.84,1,2,24,mensuel,carte,8.6,0.0,4,0
NOV-00554,21,55.06,0,1,17,mensuel,prelevement,8.5,0.0,4,0
NOV-00555,28,94.76,3,0,15,annuel,virement,5.5,0.1,4,0
NOV-00556,43,71.88,1,0,10,annuel,prelevement,9.4,0.2,2,0
NOV-00557,5,97.34,2,0,20,annuel,carte,,0.0,4,0
NOV-00558,59,145.45,1,0,12,annuel,carte,8.9,0.1,1,0
NOV-00559,39,69.94,0,3,18,annuel,carte,7.3,0.1,1,1
NOV-00560,59,142.63,2,0,9,mensuel,prelevement,8.0,0.0,1,0
NOV-00561,70,65.04,3,0,22,mensuel,prelevement,5.1,0.05,4,0
NOV-00562,71,69.08,2,0,25,bisannuel,carte,7.4,0.2,3,0
NOV-00563,52,118.66,2,0,22,annuel,prelevement,7.8,0.0,3,0
NOV-00564,17,101.6,5,0,15,mensuel,prelevement,8.9,0.05,1,1
NOV-00565,22,75.26,1,0,24,bisannuel,carte,3.8,0.0,2,0
NOV-00566,51,76.11,2,1,18,mensuel,prelevement,7.5,0.0,2,1
NOV-00567,38,94.1,1,1,29,bisannuel,carte,6.8,0.05,4,0
NOV-00568,68,74.88,1,0,11,annuel,prelevement,7.2,0.0,1,0
NOV-00569,67,126.4,3,0,13,bisannuel,carte,4.4,0.0,4,0
NOV-00570,51,41.02,0,0,11,mensuel,virement,7.4,0.0,4,0
NOV-00571,1,22.04,5,2,19,mensuel,carte,6.3,0.0,1,1
NOV-00572,1,87.16,1,0,18,annuel,prelevement,8.5,0.0,2,0
NOV-00573,5,112.19,3,0,22,bisannuel,carte,5.1,0.0,1,0
NOV-00574,10,21.73,2,1,27,mensuel,prelevement,10.0,0.05,4,0
NOV-00575,8,81.06,5,0,20,mensuel,prelevement,6.4,0.0,2,1
NOV-00576,15,27.59,2,1,26,mensuel,carte,7.6,0.2,2,0
NOV-00577,64,81.93,1,0,21,bisannuel,prelevement,10.0,0.1,1,0
NOV-00578,72,108.15,0,0,13,mensuel,prelevement,5.3,0.0,4,0
NOV-00579,5,106.69,2,0,14,annuel,virement,6.7,0.2,1,0
NOV-00580,13,22.96,4,0,15,annuel,prelevement,6.1,0.1,1,0
NOV-00581,40,56.22,1,2,17,bisannuel,carte,8.0,0.2,1,0
NOV-00582,44,133.08,0,2,16,bisannuel,carte,9.3,0.0,4,0
NOV-00583,54,105.79,2,2,15,bisannuel,carte,7.8,0.0,3,0
NOV-00584,70,88.27,0,0,21,mensuel,prelevement,4.8,0.1,4,1
NOV-00585,30,39.65,2,1,14,annuel,prelevement,7.6,0.1,1,0
NOV-00586,19,70.87,1,1,20,mensuel,prelevement,8.1,0.0,1,0
NOV-00587,37,81.17,1,0,22,mensuel,prelevement,9.4,0.0,2,0
NOV-00588,31,65.34,2,2,21,mensuel,prelevement,5.7,0.05,1,0
NOV-00589,53,129.28,2,0,15,mensuel,prelevement,8.6,0.05,1,0
NOV-00590,32,74.52,2,0,17,annuel,carte,6.6,0.0,2,0
NOV-00591,41,105.94,1,1,20,annuel,carte,6.9,0.1,3,0
NOV-00592,71,122.91,2,1,25,mensuel,carte,7.2,0.0,4,0
NOV-00593,59,22.97,0,0,21,mensuel,carte,5.9,0.0,2,0
NOV-00594,49,83.06,1,0,15,annuel,prelevement,6.0,0.1,3,0
NOV-00595,19,100.51,0,0,23,annuel,prelevement,9.0,0.0,2,0
NOV-00596,12,43.75,1,0,20,mensuel,prelevement,4.5,0.2,4,0
NOV-00597,70,90.13,3,1,18,annuel,carte,8.2,0.0,2,0
NOV-00598,26,56.97,3,0,20,annuel,carte,9.3,0.0,1,0
NOV-00599,27,25.82,1,0,23,mensuel,virement,5.8,0.0,3,0
NOV-00600,36,108.26,2,0,13,mensuel,prelevement,5.7,0.0,4,0
NOV-00601,49,132.12,1,0,21,annuel,carte,7.8,0.1,3,0
NOV-00602,26,40.86,1,0,24,mensuel,carte,8.0,0.0,2,0
NOV-00603,58,22.07,2,0,12,mensuel,carte,9.5,0.0,2,0
NOV-00604,70,141.16,2,0,17,bisannuel,prelevement,5.8,0.0,1,0
NOV-00605,65,96.43,2,0,17,mensuel,carte,6.5,0.05,1,0
NOV-00606,1,40.58,1,1,20,mensuel,carte,5.9,0.0,2,0
NOV-00607,66,122.78,5,1,17,mensuel,carte,9.5,0.0,3,0
NOV-00608,40,64.37,0,0,13,mensuel,prelevement,8.4,0.0,4,0
NOV-00609,3,49.07,0,0,16,mensuel,prelevement,8.3,0.0,2,0
NOV-00610,51,128.93,2,0,26,bisannuel,carte,7.1,0.1,4,0
NOV-00611,13,113.41,0,1,19,mensuel,prelevement,9.5,0.05,2,0
NOV-00612,12,82.85,1,0,19,annuel,prelevement,6.7,0.1,1,0
NOV-00613,10,147.59,3,1,15,bisannuel,virement,5.4,0.05,2,1
NOV-00614,35,32.16,3,0,15,bisannuel,prelevement,7.8,0.1,4,0
NOV-00615,47,31.65,2,0,17,mensuel,virement,7.3,0.0,1,0
NOV-00616,62,115.94,2,0,15,bisannuel,prelevement,9.6,0.0,4,0
NOV-00617,38,98.56,1,0,20,mensuel,carte,5.4,0.0,2,0
NOV-00618,41,25.56,0,1,29,annuel,prelevement,8.0,0.1,1,0
NOV-00619,32,84.28,3,1,22,mensuel,prelevement,6.3,0.0,1,0
NOV-00620,22,119.46,1,1,24,annuel,prelevement,2.4,0.0,2,0
NOV-00621,7,107.69,3,0,17,mensuel,virement,4.8,0.0,3,1
NOV-00622,47,107.48,4,1,19,bisannuel,virement,4.3,0.0,2,1
NOV-00623,43,123.55,1,1,18,bisannuel,carte,8.7,0.0,2,0
NOV-00624,65,50.25,0,0,15,mensuel,prelevement,8.5,0.1,4,0
NOV-00625,62,114.42,3,1,17,bisannuel,virement,8.5,0.0,2,0
NOV-00626,51,146.27,1,0,19,mensuel,prelevement,7.2,0.05,2,1
NOV-00627,36,138.26,2,0,21,mensuel,prelevement,7.6,0.05,2,0
NOV-00628,20,86.48,3,0,16,bisannuel,virement,7.1,0.05,4,1
NOV-00629,31,29.12,1,1,23,mensuel,prelevement,5.4,0.0,2,0
NOV-00630,3,,0,0,23,mensuel,carte,9.6,0.05,1,0
NOV-00631,42,59.5,2,0,11,mensuel,prelevement,8.3,0.0,4,0
NOV-00632,23,42.54,4,0,23,mensuel,prelevement,6.1,0.05,1,1
NOV-00633,24,56.99,2,1,25,annuel,virement,5.7,0.0,1,0
NOV-00634,63,70.58,1,0,15,mensuel,prelevement,10.0,0.05,2,0
NOV-00635,33,92.3,3,0,12,annuel,carte,6.0,0.2,2,0
NOV-00636,33,36.41,2,0,21,mensuel,prelevement,9.0,0.1,2,0
NOV-00637,43,76.51,1,0,20,mensuel,carte,,0.1,4,0
NOV-00638,40,107.85,2,1,20,mensuel,prelevement,7.0,0.1,2,1
NOV-00639,25,118.08,0,0,19,mensuel,carte,10.0,0.05,3,0
NOV-00640,17,44.44,0,0,25,mensuel,prelevement,7.8,0.0,2,1
NOV-00641,21,91.47,2,1,12,mensuel,prelevement,9.6,0.1,2,0
NOV-00642,27,139.45,0,0,16,annuel,prelevement,6.5,0.1,4,0
NOV-00643,29,103.49,0,0,24,mensuel,carte,7.7,0.0,2,0
NOV-00644,56,,3,2,21,mensuel,carte,4.6,0.0,3,0
NOV-00645,28,29.61,2,2,18,annuel,virement,8.5,0.05,4,0
NOV-00646,13,133.83,1,0,20,bisannuel,carte,7.8,0.0,4,0
NOV-00647,18,99.11,1,0,15,mensuel,prelevement,6.3,0.0,1,0
NOV-00648,68,128.75,0,2,11,annuel,virement,10.0,0.05,1,0
NOV-00649,25,26.94,0,0,15,mensuel,prelevement,7.2,0.0,4,0
NOV-00650,9,38.52,1,2,21,bisannuel,prelevement,10.0,0.0,4,0
NOV-00651,49,102.56,5,0,14,annuel,prelevement,,0.1,1,1
NOV-00652,19,127.26,2,2,21,mensuel,prelevement,7.1,0.0,1,1
NOV-00653,29,100.73,1,0,15,mensuel,carte,7.1,0.0,1,0
NOV-00654,68,142.13,3,0,20,mensuel,carte,6.0,0.0,3,1
NOV-00655,43,127.87,1,2,15,mensuel,carte,7.9,0.0,1,0
NOV-00656,56,115.46,1,0,23,mensuel,prelevement,7.8,0.05,1,0
NOV-00657,71,70.95,0,0,21,annuel,virement,3.9,0.2,4,0
NOV-00658,5,111.43,0,1,18,bisannuel,prelevement,7.4,0.0,1,0
NOV-00659,8,116.85,0,0,15,mensuel,carte,9.7,0.1,1,0
NOV-00660,8,113.32,0,0,15,mensuel,virement,8.3,0.0,4,0
NOV-00661,27,94.95,3,0,18,mensuel,virement,9.7,0.1,4,0
NOV-00662,9,124.64,3,1,19,mensuel,prelevement,5.7,0.0,4,0
NOV-00663,40,49.27,2,1,19,annuel,carte,7.2,0.1,4,0
NOV-00664,50,144.06,0,0,12,bisannuel,prelevement,8.3,0.0,3,0
NOV-00665,7,97.72,0,1,20,bisannuel,prelevement,8.0,0.0,1,0
NOV-00666,10,102.18,2,1,20,annuel,carte,3.1,0.05,3,1
NOV-00667,11,44.66,1,0,18,annuel,prelevement,4.8,0.1,1,0
NOV-00668,42,141.91,2,1,26,mensuel,carte,4.9,0.0,3,0
NOV-00669,12,138.64,2,1,15,mensuel,prelevement,8.3,0.0,4,1
NOV-00670,70,128.34,2,2,11,mensuel,virement,6.4,0.0,3,0
NOV-00671,40,110.08,0,1,13,mensuel,prelevement,7.2,0.2,4,0
NOV-00672,2,131.82,2,0,20,mensuel,prelevement,9.9,0.0,3,0
NOV-00673,42,38.46,3,0,21,mensuel,prelevement,4.2,0.05,2,0
NOV-00674,68,113.03,0,0,21,mensuel,carte,8.9,0.0,1,0
NOV-00675,72,114.24,2,0,25,bisannuel,carte,6.6,0.1,2,0
NOV-00676,63,75.25,4,1,18,bisannuel,carte,5.0,0.05,4,0
NOV-00677,24,51.49,2,0,13,mensuel,virement,10.0,0.2,2,0
NOV-00678,21,67.26,0,0,21,mensuel,prelevement,8.9,0.05,1,0
NOV-00679,11,147.92,2,0,16,annuel,carte,4.7,0.05,1,0
NOV-00680,37,85.62,3,1,20,mensuel,carte,6.2,0.1,1,1
NOV-00681,65,20.25,0,1,16,mensuel,carte,9.2,0.0,1,0
NOV-00682,63,50.44,2,0,19,mensuel,virement,8.7,0.1,1,0
NOV-00683,45,117.05,0,0,15,bisannuel,carte,8.3,0.05,1,0
NOV-00684,38,88.26,2,0,13,mensuel,carte,4.9,0.05,2,0
NOV-00685,8,64.21,0,0,14,annuel,virement,5.3,0.0,4,0
NOV-00686,25,26.73,1,0,18,mensuel,carte,7.4,0.1,2,0
NOV-00687,58,94.38,2,0,21,annuel,carte,10.0,0.0,2,0
NOV-00688,23,132.54,1,0,15,annuel,prelevement,9.3,0.05,3,0
NOV-00689,20,107.22,2,2,21,annuel,carte,8.8,0.0,2,0
NOV-00690,63,36.82,0,2,21,mensuel,carte,9.5,0.0,3,0
NOV-00691,50,24.79,1,0,16,mensuel,carte,7.3,0.05,4,1
NOV-00692,60,70.65,1,0,19,annuel,prelevement,9.4,0.0,4,0
NOV-00693,41,139.66,1,0,25,bisannuel,virement,9.2,0.05,4,0
NOV-00694,38,37.78,3,1,25,bisannuel,prelevement,,0.1,2,0
NOV-00695,19,50.79,3,1,15,mensuel,prelevement,6.7,0.0,4,0
NOV-00696,71,119.1,4,2,16,mensuel,virement,9.3,0.05,2,1
NOV-00697,5,145.86,0,3,21,bisannuel,prelevement,9.0,0.0,1,1
NOV-00698,44,89.56,1,0,13,annuel,prelevement,6.7,0.1,3,0
NOV-00699,10,53.24,1,0,23,mensuel,prelevement,6.3,0.05,4,0
NOV-00700,4,139.8,1,1,12,mensuel,prelevement,9.2,0.0,2,0
NOV-00701,33,65.68,1,0,19,annuel,carte,4.9,0.05,3,0
NOV-00702,25,148.32,0,0,17,bisannuel,carte,9.9,0.0,2,0
NOV-00703,71,113.51,3,0,18,mensuel,prelevement,6.6,0.05,1,0
NOV-00704,42,49.87,1,0,19,mensuel,prelevement,7.2,0.05,1,0
NOV-00705,26,141.42,1,0,20,mensuel,prelevement,,0.05,3,0
NOV-00706,63,136.48,2,1,17,bisannuel,virement,8.3,0.0,3,0
NOV-00707,44,135.15,1,0,14,annuel,carte,6.8,0.1,4,0
NOV-00708,58,80.15,3,0,18,mensuel,carte,6.2,0.1,1,1
NOV-00709,42,111.54,2,1,20,bisannuel,carte,6.1,0.1,1,0
NOV-00710,24,134.3,2,0,17,annuel,prelevement,8.4,0.1,4,0
NOV-00711,24,119.9,2,0,21,mensuel,carte,8.0,0.05,3,1
NOV-00712,55,79.07,0,0,23,mensuel,carte,9.3,0.05,4,0
NOV-00713,31,55.34,2,0,17,annuel,carte,6.5,0.0,3,0
NOV-00714,55,130.52,4,2,20,bisannuel,prelevement,6.9,0.0,1,0
NOV-00715,62,76.8,4,0,23,mensuel,carte,8.2,0.0,1,0
NOV-00716,32,43.67,2,0,12,mensuel,prelevement,5.5,0.2,4,1
NOV-00717,17,107.51,1,1,20,annuel,carte,8.3,0.0,4,0
NOV-00718,25,126.6,0,0,19,annuel,carte,2.7,0.0,3,0
NOV-00719,5,50.0,1,0,23,annuel,prelevement,7.1,0.1,4,0
NOV-00720,65,120.12,4,1,18,bisannuel,prelevement,6.6,0.05,2,0
NOV-00721,34,93.21,1,4,22,annuel,virement,7.2,0.05,1,0
NOV-00722,30,55.44,3,0,20,mensuel,prelevement,5.9,0.0,2,0
NOV-00723,62,28.95,1,0,13,annuel,prelevement,7.2,0.0,4,0
NOV-00724,17,79.09,2,1,19,mensuel,prelevement,6.1,0.0,1,0
NOV-00725,64,67.82,2,1,14,bisannuel,prelevement,,0.0,3,0
NOV-00726,18,143.52,3,0,17,mensuel,carte,9.7,0.0,4,0
NOV-00727,60,147.11,1,0,20,mensuel,prelevement,4.8,0.0,3,1
NOV-00728,22,76.77,1,0,17,annuel,prelevement,10.0,0.0,2,0
NOV-00729,59,,1,0,19,bisannuel,carte,5.7,0.0,2,0
NOV-00730,67,,0,0,14,mensuel,prelevement,7.9,0.0,1,0
NOV-00731,61,132.07,0,0,25,bisannuel,prelevement,4.9,0.05,3,0
NOV-00732,71,40.09,2,1,23,mensuel,prelevement,6.8,0.0,3,0
NOV-00733,52,37.71,1,0,27,mensuel,prelevement,6.5,0.0,1,0
NOV-00734,35,98.66,2,0,15,bisannuel,carte,8.3,0.05,1,0
NOV-00735,12,55.16,2,0,13,mensuel,carte,6.3,0.0,2,0
NOV-00736,39,125.81,2,2,20,mensuel,prelevement,6.7,0.0,3,0
NOV-00737,66,93.99,2,0,22,bisannuel,prelevement,7.6,0.05,2,1
NOV-00738,39,105.33,0,1,15,bisannuel,prelevement,7.1,0.0,4,0
NOV-00739,3,37.57,2,1,19,mensuel,carte,6.5,0.1,4,0
NOV-00740,39,34.09,1,1,14,mensuel,prelevement,8.4,0.0,2,0
NOV-00741,72,139.18,3,0,20,mensuel,carte,6.6,0.0,4,0
NOV-00742,44,23.03,3,0,19,annuel,carte,6.0,0.0,3,0
NOV-00743,9,145.27,1,2,17,mensuel,carte,6.0,0.1,2,1
NOV-00744,49,83.19,2,0,17,mensuel,prelevement,7.5,0.0,4,0
NOV-00745,16,111.45,2,0,24,mensuel,carte,7.7,0.2,1,0
NOV-00746,11,42.28,2,1,18,annuel,carte,7.3,0.05,2,0
NOV-00747,22,46.77,2,0,21,mensuel,prelevement,5.9,0.0,2,1
NOV-00748,54,82.01,3,0,19,mensuel,virement,7.1,0.0,4,0
NOV-00749,60,51.64,1,2,32,mensuel,prelevement,7.6,0.1,1,0
NOV-00750,28,,3,0,28,mensuel,carte,6.7,0.0,3,0
NOV-00751,44,57.17,2,0,18,mensuel,carte,9.0,0.0,4,0
NOV-00752,21,23.25,3,0,22,mensuel,carte,7.8,0.0,4,1
NOV-00753,32,84.5,1,0,23,bisannuel,carte,8.3,0.05,2,0
NOV-00754,46,50.37,0,1,12,annuel,virement,5.2,0.1,2,0
NOV-00755,62,144.11,2,0,16,annuel,prelevement,8.3,0.0,2,0
NOV-00756,68,91.66,0,0,22,annuel,prelevement,8.3,0.0,3,0
NOV-00757,17,124.9,2,0,17,mensuel,prelevement,7.4,0.0,2,0
NOV-00758,39,,1,0,12,annuel,prelevement,5.8,0.05,3,0
NOV-00759,23,132.69,3,0,18,bisannuel,carte,6.6,0.0,2,0
NOV-00760,34,45.71,2,0,24,annuel,carte,7.7,0.1,1,0
NOV-00761,24,49.07,2,1,14,mensuel,prelevement,6.8,0.05,4,1
NOV-00762,68,82.59,2,0,19,bisannuel,prelevement,8.9,0.0,3,0
NOV-00763,46,87.52,3,2,10,mensuel,carte,6.2,0.1,1,1
NOV-00764,59,37.92,2,1,19,bisannuel,carte,6.7,0.1,4,0
NOV-00765,60,117.93,2,0,11,bisannuel,carte,8.4,0.1,2,0
NOV-00766,15,49.23,0,0,16,mensuel,carte,6.7,0.0,3,0
NOV-00767,16,128.08,4,0,15,mensuel,carte,5.1,0.0,1,1
NOV-00768,42,30.02,1,0,14,mensuel,carte,4.8,0.0,1,0
NOV-00769,39,55.12,2,0,21,annuel,virement,4.0,0.0,1,0
NOV-00770,50,138.22,0,0,16,mensuel,carte,6.4,0.0,3,0
NOV-00771,8,142.98,1,0,18,bisannuel,prelevement,4.8,0.0,4,0
NOV-00772,33,100.29,1,1,19,mensuel,prelevement,7.8,0.0,2,0
NOV-00773,14,28.26,5,1,21,mensuel,prelevement,9.4,0.0,4,0
NOV-00774,13,133.45,0,0,14,mensuel,carte,7.3,0.0,2,1
NOV-00775,30,125.07,1,0,16,annuel,carte,7.5,0.0,4,0
NOV-00776,29,28.79,1,0,25,bisannuel,prelevement,8.4,0.05,3,0
NOV-00777,46,109.26,1,0,16,annuel,prelevement,7.3,0.1,3,1
NOV-00778,34,58.07,0,0,12,mensuel,prelevement,8.8,0.1,1,0
NOV-00779,19,136.2,4,1,12,annuel,prelevement,8.7,0.0,4,1
NOV-00780,61,40.9,1,0,8,mensuel,carte,5.7,0.1,3,0
NOV-00781,55,118.25,1,0,11,mensuel,carte,7.3,0.05,3,0
NOV-00782,62,35.49,2,0,21,mensuel,prelevement,10.0,0.0,4,0
NOV-00783,53,70.82,0,0,21,annuel,prelevement,5.8,0.0,1,0
NOV-00784,31,141.58,1,1,24,mensuel,prelevement,7.6,0.0,1,0
NOV-00785,37,44.4,1,0,24,mensuel,prelevement,6.5,0.0,4,0
NOV-00786,29,72.67,2,1,34,annuel,carte,6.6,0.0,4,0
NOV-00787,58,21.55,0,1,18,mensuel,carte,,0.0,2,0
NOV-00788,63,148.67,3,0,12,mensuel,prelevement,6.9,0.05,1,1
NOV-00789,42,88.49,1,2,18,mensuel,prelevement,6.7,0.0,1,1
NOV-00790,20,19.29,1,0,23,annuel,prelevement,7.3,0.0,3,0
NOV-00791,67,97.11,4,0,16,mensuel,carte,9.2,0.0,4,0
NOV-00792,54,82.1,0,1,17,bisannuel,prelevement,6.0,0.0,1,0
NOV-00793,58,,1,0,21,mensuel,carte,8.8,0.0,1,0
NOV-00794,30,91.26,0,0,18,mensuel,carte,5.5,0.0,2,0
NOV-00795,3,108.54,0,1,20,bisannuel,carte,7.7,0.05,3,0
NOV-00796,59,65.31,2,1,23,mensuel,prelevement,8.2,0.0,3,0
NOV-00797,67,55.23,1,0,21,mensuel,prelevement,4.9,0.05,4,0
NOV-00798,12,118.73,2,1,12,mensuel,virement,9.5,0.0,2,0
NOV-00799,44,,2,0,12,mensuel,carte,7.1,0.05,4,1
NOV-00800,4,146.46,1,0,21,mensuel,prelevement,10.0,0.0,4,0
NOV-00801,38,90.4,4,0,15,mensuel,carte,9.3,0.0,3,0
NOV-00802,23,30.44,2,2,17,mensuel,prelevement,5.6,0.0,3,0
NOV-00803,49,94.38,5,2,17,bisannuel,carte,6.7,0.05,3,0
NOV-00804,18,116.95,3,0,19,mensuel,carte,4.6,0.0,2,0
NOV-00805,71,33.07,1,1,7,mensuel,carte,7.3,0.0,4,0
NOV-00806,67,49.46,0,1,18,mensuel,prelevement,7.4,0.0,2,0
NOV-00807,45,136.71,1,0,18,mensuel,prelevement,8.7,0.2,4,0
NOV-00808,25,73.58,2,0,26,mensuel,prelevement,8.5,0.1,3,0
NOV-00809,23,,0,0,16,mensuel,prelevement,6.1,0.0,3,0
NOV-00810,45,75.19,1,1,10,annuel,carte,8.8,0.0,1,0
NOV-00811,60,33.26,4,0,23,mensuel,prelevement,7.0,0.0,4,0
NOV-00812,20,128.62,1,0,15,annuel,carte,7.4,0.0,3,0
NOV-00813,57,136.06,3,1,18,annuel,virement,3.7,0.0,3,0
NOV-00814,42,37.81,1,0,17,mensuel,prelevement,8.3,0.05,1,0
NOV-00815,10,24.31,2,0,18,mensuel,prelevement,2.6,0.0,3,1
NOV-00816,27,123.41,1,1,23,annuel,prelevement,6.3,0.05,1,1
NOV-00817,20,40.91,1,0,17,mensuel,carte,6.2,0.0,3,0
NOV-00818,49,34.53,4,0,19,mensuel,prelevement,6.8,0.1,4,0
NOV-00819,64,28.33,1,0,20,mensuel,prelevement,9.5,0.0,2,0
NOV-00820,54,37.35,6,0,13,annuel,prelevement,6.9,0.0,4,1
NOV-00821,32,142.66,1,1,22,bisannuel,carte,8.0,0.0,1,0
NOV-00822,18,35.68,3,0,17,mensuel,carte,6.6,0.1,3,0
NOV-00823,29,91.41,2,0,19,bisannuel,prelevement,4.9,0.0,4,0
NOV-00824,70,66.59,3,1,18,mensuel,carte,4.8,0.0,1,1
NOV-00825,65,139.69,1,0,22,annuel,prelevement,3.8,0.05,2,0
NOV-00826,69,119.81,3,1,20,mensuel,carte,6.4,0.05,4,0
NOV-00827,37,78.96,4,2,23,annuel,prelevement,6.9,0.05,3,0
NOV-00828,54,135.21,1,0,18,bisannuel,prelevement,7.0,0.0,1,0
NOV-00829,5,133.36,0,0,17,mensuel,prelevement,6.2,0.0,3,1
NOV-00830,42,77.68,0,3,18,annuel,carte,6.8,0.0,1,0
NOV-00831,39,147.27,2,0,17,annuel,prelevement,5.2,0.1,4,0
NOV-00832,52,59.23,0,0,16,mensuel,prelevement,5.8,0.05,1,0
NOV-00833,1,66.35,3,0,18,bisannuel,carte,6.2,0.0,2,0
NOV-00834,54,87.81,0,0,17,mensuel,prelevement,5.7,0.0,1,0
NOV-00835,3,53.11,1,0,25,mensuel,carte,8.4,0.0,4,0
NOV-00836,22,91.02,0,1,14,mensuel,prelevement,6.7,0.0,1,0
NOV-00837,27,116.42,3,0,14,mensuel,carte,5.0,0.0,4,1
NOV-00838,25,27.74,1,0,21,mensuel,prelevement,8.3,0.0,1,0
NOV-00839,48,109.12,2,0,8,annuel,prelevement,10.0,0.0,1,0
NOV-00840,57,89.0,0,0,19,annuel,carte,8.3,0.0,3,0
NOV-00841,60,42.92,2,0,14,annuel,carte,6.3,0.0,3,0
NOV-00842,57,23.01,0,2,24,annuel,prelevement,9.4,0.1,1,0
NOV-00843,57,43.46,2,0,14,bisannuel,carte,6.7,0.0,4,0
NOV-00844,19,42.46,1,1,21,bisannuel,carte,8.6,0.0,4,0
NOV-00845,7,,1,1,18,mensuel,prelevement,7.5,0.1,2,0
NOV-00846,66,95.91,3,0,15,mensuel,virement,7.2,0.05,4,0
NOV-00847,16,79.34,2,0,17,mensuel,prelevement,6.5,0.1,3,0
NOV-00848,25,106.81,3,0,25,annuel,prelevement,7.4,0.0,2,0
NOV-00849,30,78.56,0,0,17,annuel,carte,7.5,0.0,1,0
NOV-00850,24,66.01,1,0,26,annuel,carte,4.9,0.0,1,0
NOV-00851,65,89.26,1,1,21,mensuel,prelevement,4.5,0.1,1,1
NOV-00852,56,140.83,2,1,14,mensuel,carte,6.3,0.0,1,0
NOV-00853,31,75.71,4,0,19,annuel,carte,9.3,0.05,1,0
NOV-00854,37,131.34,1,2,21,annuel,carte,4.7,0.0,1,1
NOV-00855,1,37.04,5,0,12,annuel,carte,8.0,0.2,1,0
NOV-00856,58,75.07,0,0,11,mensuel,carte,7.2,0.0,2,0
NOV-00857,17,74.17,4,1,20,mensuel,prelevement,9.1,0.05,3,0
NOV-00858,17,118.78,2,0,14,mensuel,prelevement,8.1,0.0,1,1
NOV-00859,16,53.2,1,0,17,annuel,carte,8.4,0.05,3,0
NOV-00860,9,88.17,2,0,22,mensuel,prelevement,4.8,0.2,1,0
NOV-00861,15,76.95,1,1,17,mensuel,prelevement,6.3,0.0,1,0
NOV-00862,28,144.81,1,0,14,bisannuel,prelevement,5.3,0.0,4,0
NOV-00863,21,87.53,3,0,16,annuel,prelevement,7.4,0.05,4,0
NOV-00864,50,22.0,2,0,18,mensuel,carte,8.2,0.1,3,0
NOV-00865,44,78.1,3,1,26,annuel,prelevement,6.2,0.2,3,0
NOV-00866,53,73.65,1,1,17,mensuel,prelevement,8.6,0.0,3,0
NOV-00867,6,82.48,1,1,23,annuel,carte,6.6,0.0,4,0
NOV-00868,30,143.6,5,0,15,mensuel,carte,6.4,0.05,2,1
NOV-00869,22,71.52,3,0,18,annuel,prelevement,5.2,0.1,4,0
NOV-00870,12,141.84,0,0,28,annuel,carte,9.9,0.0,2,0
NOV-00871,24,142.41,2,0,19,annuel,carte,7.8,0.0,3,0
NOV-00872,53,137.96,1,0,25,mensuel,carte,6.0,0.1,2,0
NOV-00873,40,74.66,0,1,20,mensuel,prelevement,7.3,0.0,1,0
NOV-00874,65,98.18,2,0,19,mensuel,prelevement,5.8,0.05,1,0
NOV-00875,37,145.5,3,0,16,mensuel,prelevement,6.8,0.1,2,0
NOV-00876,41,64.74,0,0,28,mensuel,carte,5.7,0.0,3,0
NOV-00877,7,84.88,2,0,22,bisannuel,prelevement,8.2,0.0,4,0
NOV-00878,24,67.19,2,2,13,mensuel,prelevement,7.1,0.1,3,1
NOV-00879,26,141.6,2,0,16,mensuel,prelevement,9.4,0.0,3,0
NOV-00880,15,77.6,1,1,20,mensuel,prelevement,8.0,0.05,1,0
NOV-00881,27,126.59,0,0,22,mensuel,prelevement,8.5,0.0,3,0
NOV-00882,71,23.26,2,0,18,bisannuel,prelevement,6.6,0.0,4,0
NOV-00883,37,56.88,0,0,18,annuel,prelevement,9.0,0.0,1,0
NOV-00884,49,99.51,0,0,17,mensuel,carte,,0.05,1,0
NOV-00885,36,80.29,0,2,19,mensuel,prelevement,4.3,0.05,3,0
NOV-00886,8,73.59,3,0,23,annuel,prelevement,6.4,0.1,3,0
NOV-00887,50,135.11,1,0,22,mensuel,carte,8.2,0.0,3,0
NOV-00888,35,64.39,2,0,14,mensuel,carte,2.6,0.0,4,1
NOV-00889,63,87.25,2,0,14,mensuel,prelevement,,0.0,2,0
NOV-00890,9,109.14,2,0,19,mensuel,prelevement,8.2,0.05,4,1
NOV-00891,34,93.12,2,2,23,mensuel,prelevement,10.0,0.0,2,0
NOV-00892,69,64.91,2,0,17,mensuel,prelevement,6.6,0.0,2,0
NOV-00893,33,125.77,3,1,20,annuel,carte,7.8,0.0,2,0
NOV-00894,60,27.21,1,0,31,annuel,carte,6.7,0.0,3,0
NOV-00895,6,104.37,3,0,20,mensuel,prelevement,8.7,0.1,1,0
NOV-00896,6,107.7,0,1,16,bisannuel,carte,7.9,0.0,1,0
NOV-00897,22,86.98,2,2,15,mensuel,carte,5.6,0.1,1,0
NOV-00898,56,57.36,1,1,18,mensuel,carte,7.6,0.1,3,0
NOV-00899,24,135.49,1,1,19,mensuel,prelevement,5.4,0.0,3,0
NOV-00900,59,123.54,2,2,21,mensuel,prelevement,6.3,0.1,3,1
NOV-00901,35,106.8,2,0,19,mensuel,prelevement,5.1,0.1,2,0
NOV-00902,3,86.49,1,0,16,mensuel,carte,8.7,0.0,4,0
NOV-00903,29,63.13,2,1,12,bisannuel,prelevement,5.0,0.0,1,1
NOV-00904,45,72.05,2,1,18,bisannuel,carte,10.0,0.0,2,1
NOV-00905,4,108.62,2,1,19,mensuel,carte,5.6,0.0,4,1
NOV-00906,23,72.68,3,1,19,annuel,virement,8.5,0.0,1,0
NOV-00907,72,127.44,0,1,19,mensuel,prelevement,4.2,0.0,4,0
NOV-00908,72,139.93,3,2,18,mensuel,prelevement,8.3,0.0,4,0
NOV-00909,2,,2,0,17,annuel,carte,9.0,0.05,3,0
NOV-00910,57,70.36,2,1,21,annuel,prelevement,7.9,0.1,4,1
NOV-00911,72,71.18,0,0,25,mensuel,prelevement,8.2,0.05,2,0
NOV-00912,39,140.02,0,0,13,annuel,prelevement,9.3,0.05,4,0
NOV-00913,7,57.89,3,1,18,annuel,prelevement,7.9,0.05,1,1
NOV-00914,19,145.77,2,0,20,mensuel,prelevement,6.1,0.05,2,0
NOV-00915,9,37.49,2,0,19,annuel,carte,6.5,0.0,3,0
NOV-00916,4,134.53,1,0,27,mensuel,prelevement,7.2,0.0,3,0
NOV-00917,69,34.33,4,1,25,mensuel,prelevement,7.6,0.05,1,0
NOV-00918,7,88.29,4,1,22,mensuel,virement,8.0,0.2,3,1
NOV-00919,2,43.85,2,2,23,mensuel,prelevement,5.8,0.0,2,1
NOV-00920,25,24.73,3,0,17,mensuel,carte,6.9,0.0,4,0
NOV-00921,45,107.68,1,1,12,mensuel,carte,,0.0,2,1
NOV-00922,35,128.93,0,1,19,mensuel,carte,5.7,0.0,1,1
NOV-00923,1,79.86,2,0,28,annuel,prelevement,7.2,0.0,3,0
NOV-00924,17,68.87,2,0,19,annuel,carte,5.3,0.0,2,0
NOV-00925,1,126.88,3,1,22,mensuel,prelevement,7.3,0.1,4,1
NOV-00926,26,52.52,1,1,27,mensuel,prelevement,7.3,0.0,4,0
NOV-00927,43,31.93,2,0,19,mensuel,prelevement,8.8,0.0,3,0
NOV-00928,31,100.82,3,0,18,annuel,virement,7.0,0.0,3,0
NOV-00929,43,48.98,2,0,16,annuel,carte,8.3,0.0,3,0
NOV-00930,53,70.36,1,1,20,annuel,prelevement,7.7,0.0,2,0
NOV-00931,62,54.41,1,2,18,annuel,prelevement,9.1,0.05,3,0
NOV-00932,24,95.29,2,0,27,bisannuel,virement,7.4,0.0,2,0
NOV-00933,1,91.97,1,1,14,mensuel,prelevement,3.2,0.05,4,1
NOV-00934,24,135.43,2,1,21,annuel,prelevement,7.5,0.2,1,0
NOV-00935,61,77.06,1,0,16,mensuel,prelevement,,0.05,3,0
NOV-00936,16,29.13,0,2,18,mensuel,prelevement,,0.0,4,0
NOV-00937,67,102.23,4,1,9,mensuel,prelevement,4.0,0.0,4,1
NOV-00938,54,143.44,1,2,11,mensuel,carte,7.5,0.0,4,1
NOV-00939,41,90.94,2,0,19,mensuel,prelevement,,0.0,4,0
NOV-00940,58,110.61,1,1,17,mensuel,carte,8.0,0.0,4,0
NOV-00941,32,148.36,0,0,12,mensuel,prelevement,8.5,0.1,1,0
NOV-00942,28,87.26,1,1,16,mensuel,virement,8.7,0.0,3,0
NOV-00943,47,147.1,0,0,29,mensuel,prelevement,7.8,0.0,1,0
NOV-00944,30,19.82,1,1,19,bisannuel,prelevement,7.3,0.0,4,0
NOV-00945,24,21.42,3,0,26,annuel,prelevement,6.7,0.1,4,0
NOV-00946,7,145.79,1,0,15,mensuel,carte,7.1,0.1,4,0
NOV-00947,47,103.36,2,0,16,annuel,prelevement,4.3,0.0,1,0
NOV-00948,56,108.68,4,0,17,annuel,carte,7.8,0.05,3,0
NOV-00949,16,50.79,2,0,16,mensuel,prelevement,7.0,0.0,2,0
NOV-00950,70,96.19,1,0,20,annuel,carte,7.8,0.05,1,0
NOV-00951,41,104.79,2,2,12,bisannuel,prelevement,5.2,0.0,2,0
NOV-00952,53,26.58,0,0,22,mensuel,carte,6.8,0.05,1,0
NOV-00953,51,72.31,1,0,24,mensuel,carte,8.1,0.05,1,0
NOV-00954,52,33.01,2,0,20,annuel,prelevement,7.0,0.0,2,1
NOV-00955,15,34.36,2,1,17,annuel,prelevement,6.9,0.0,4,0
NOV-00956,54,138.93,2,1,11,mensuel,prelevement,4.3,0.0,4,1
NOV-00957,59,147.55,1,0,14,mensuel,prelevement,8.0,0.0,3,0
NOV-00958,14,97.91,2,0,15,annuel,carte,5.7,0.0,1,0
NOV-00959,52,86.62,2,0,22,mensuel,prelevement,10.0,0.0,1,0
NOV-00960,16,146.9,1,0,11,mensuel,prelevement,10.0,0.0,2,1
NOV-00961,56,105.69,1,2,21,mensuel,prelevement,6.0,0.0,4,1
NOV-00962,33,145.26,1,0,14,mensuel,prelevement,7.1,0.0,3,1
NOV-00963,5,148.3,2,0,13,annuel,prelevement,9.6,0.05,1,0
NOV-00964,27,71.79,2,0,17,annuel,prelevement,5.6,0.0,3,0
NOV-00965,3,143.99,0,1,22,mensuel,carte,6.0,0.05,3,1
NOV-00966,31,64.11,2,0,20,mensuel,prelevement,9.2,0.0,2,0
NOV-00967,13,100.05,2,1,14,annuel,prelevement,6.8,0.0,4,0
NOV-00968,39,66.51,2,0,17,mensuel,prelevement,5.0,0.05,3,1
NOV-00969,20,69.81,2,0,17,mensuel,prelevement,6.4,0.1,1,0
NOV-00970,13,22.27,2,2,17,mensuel,carte,7.1,0.05,2,1
NOV-00971,53,75.23,1,0,19,annuel,carte,8.4,0.0,3,0
NOV-00972,1,136.89,1,0,12,mensuel,carte,5.7,0.1,1,0
NOV-00973,72,106.69,2,2,9,mensuel,carte,6.0,0.1,4,0
NOV-00974,27,141.53,1,0,18,bisannuel,carte,6.0,0.05,2,0
NOV-00975,35,27.86,1,0,23,annuel,prelevement,7.3,0.1,4,0
NOV-00976,1,40.48,1,0,16,annuel,carte,8.7,0.1,4,0
NOV-00977,4,69.52,2,0,20,annuel,prelevement,6.9,0.0,3,0
NOV-00978,42,19.58,0,0,25,bisannuel,prelevement,5.8,0.1,2,0
NOV-00979,69,132.37,2,3,21,mensuel,prelevement,9.0,0.0,1,0
NOV-00980,51,30.84,1,0,17,mensuel,virement,7.3,0.1,3,0
NOV-00981,21,47.29,1,0,20,mensuel,prelevement,9.7,0.05,1,0
NOV-00982,56,32.6,2,0,17,annuel,prelevement,8.0,0.0,1,0
NOV-00983,64,143.75,1,0,25,mensuel,carte,5.1,0.1,2,0
NOV-00984,22,69.4,4,0,10,mensuel,prelevement,5.3,0.0,4,1
NOV-00985,32,121.41,2,2,19,mensuel,prelevement,7.5,0.05,4,1
NOV-00986,43,124.43,3,2,18,mensuel,carte,8.2,0.1,4,1
NOV-00987,10,111.16,0,2,19,annuel,prelevement,7.4,0.0,4,0
NOV-00988,17,114.5,3,1,14,bisannuel,prelevement,6.8,0.05,2,1
NOV-00989,6,21.69,0,1,19,annuel,virement,7.5,0.2,3,0
NOV-00990,13,80.13,0,0,17,mensuel,carte,7.3,0.0,1,1
NOV-00991,27,33.96,2,0,16,annuel,carte,8.9,0.0,2,0
NOV-00992,30,27.41,0,1,13,annuel,prelevement,6.6,0.05,1,0
NOV-00993,51,124.46,0,0,14,annuel,prelevement,8.0,0.05,1,0
NOV-00994,60,118.87,1,1,15,mensuel,prelevement,5.7,0.2,4,0
NOV-00995,33,111.22,2,0,14,mensuel,prelevement,5.6,0.0,2,0
NOV-00996,18,101.93,2,1,16,mensuel,prelevement,6.6,0.0,1,1
NOV-00997,14,,2,0,14,bisannuel,prelevement,8.4,0.0,3,0
NOV-00998,49,148.25,3,1,16,annuel,prelevement,5.9,0.05,2,1
NOV-00999,71,79.37,1,1,19,mensuel,prelevement,9.4,0.05,3,0
NOV-01000,8,67.2,1,0,14,annuel,carte,6.0,0.05,2,0
NOV-01001,50,124.77,0,0,15,annuel,carte,5.6,0.0,2,1
NOV-01002,59,,0,1,22,mensuel,carte,9.7,0.0,3,0
NOV-01003,25,44.3,0,0,15,annuel,carte,8.7,0.0,1,0
NOV-01004,11,71.73,3,1,14,mensuel,virement,5.5,0.0,4,1
NOV-01005,60,30.33,0,0,19,mensuel,virement,8.5,0.1,3,0
NOV-01006,44,73.09,1,1,17,annuel,virement,4.6,0.0,2,1
NOV-01007,13,107.65,2,0,15,annuel,carte,6.0,0.2,4,0
NOV-01008,53,86.05,2,0,14,annuel,prelevement,6.5,0.0,1,0
NOV-01009,26,90.25,2,0,18,bisannuel,carte,6.7,0.05,3,0
NOV-01010,43,134.01,0,0,14,mensuel,virement,7.8,0.0,3,0
NOV-01011,58,145.65,2,1,23,bisannuel,carte,7.2,0.0,2,0
NOV-01012,16,68.98,0,0,18,mensuel,carte,10.0,0.1,3,0
NOV-01013,4,36.31,1,0,28,annuel,prelevement,6.7,0.1,2,0
NOV-01014,32,31.66,2,0,30,annuel,carte,9.3,0.1,2,0
NOV-01015,34,25.57,0,0,17,mensuel,carte,6.4,0.0,4,0
NOV-01016,56,123.25,3,0,16,annuel,virement,9.2,0.0,3,0
NOV-01017,6,32.44,0,0,15,annuel,prelevement,6.1,0.1,1,0
NOV-01018,70,68.68,3,2,11,mensuel,prelevement,6.2,0.0,1,1
NOV-01019,17,27.42,0,0,15,mensuel,prelevement,8.6,0.0,3,0
NOV-01020,43,45.51,2,1,20,annuel,carte,7.9,0.1,4,0
NOV-01021,4,114.15,0,0,24,mensuel,carte,8.7,0.0,1,0
NOV-01022,68,120.13,3,0,18,mensuel,prelevement,3.2,0.0,2,1
NOV-01023,1,75.36,0,0,18,mensuel,carte,8.0,0.0,1,0
NOV-01024,34,127.92,0,1,19,bisannuel,carte,8.8,0.0,4,0
NOV-01025,7,59.56,1,1,25,annuel,carte,9.7,0.0,3,0
NOV-01026,46,54.73,0,0,20,mensuel,carte,7.7,0.05,3,0
NOV-01027,3,79.03,1,0,21,mensuel,prelevement,5.6,0.0,4,0
NOV-01028,30,42.55,0,0,21,mensuel,carte,7.2,0.1,3,0
NOV-01029,26,36.14,1,0,16,mensuel,carte,5.0,0.0,1,1
NOV-01030,42,119.56,1,0,17,bisannuel,prelevement,6.1,0.1,3,0
NOV-01031,61,134.08,1,0,16,mensuel,carte,7.8,0.0,4,0
NOV-01032,41,33.95,3,0,17,annuel,carte,7.8,0.05,2,0
NOV-01033,23,93.75,1,0,13,mensuel,prelevement,6.7,0.0,2,1
NOV-01034,72,141.58,5,1,18,annuel,carte,5.9,0.0,4,0
NOV-01035,49,63.89,3,1,23,mensuel,prelevement,5.3,0.05,3,0
NOV-01036,56,80.79,1,0,24,mensuel,prelevement,7.1,0.0,1,0
NOV-01037,38,114.78,2,1,19,annuel,prelevement,9.3,0.0,1,0
NOV-01038,30,57.1,0,0,15,bisannuel,carte,8.5,0.05,3,0
NOV-01039,7,90.2,4,2,17,mensuel,virement,6.7,0.0,3,1
NOV-01040,41,44.62,1,0,23,mensuel,prelevement,5.9,0.0,2,0
NOV-01041,64,25.72,2,0,17,mensuel,prelevement,8.3,0.05,4,0
NOV-01042,23,79.27,1,0,22,mensuel,prelevement,7.2,0.0,4,0
NOV-01043,68,43.42,1,0,17,annuel,prelevement,7.7,0.0,1,0
NOV-01044,48,130.14,0,1,23,annuel,carte,9.5,0.0,2,0
NOV-01045,40,136.78,0,0,15,bisannuel,carte,8.8,0.0,4,0
NOV-01046,54,102.12,2,0,17,mensuel,carte,8.8,0.0,1,0
NOV-01047,33,118.24,1,0,22,annuel,prelevement,4.8,0.05,1,0
NOV-01048,13,124.72,2,1,21,annuel,carte,8.7,0.0,3,0
NOV-01049,37,49.75,3,0,16,annuel,carte,7.6,0.0,2,0
NOV-01050,23,28.35,3,0,20,annuel,prelevement,7.2,0.0,4,0
NOV-01051,21,23.46,0,1,12,annuel,prelevement,5.7,0.0,4,0
NOV-01052,29,92.99,2,1,12,mensuel,prelevement,7.8,0.0,3,0
NOV-01053,19,45.09,1,0,18,mensuel,virement,7.2,0.0,1,0
NOV-01054,62,85.4,2,0,13,bisannuel,prelevement,10.0,0.1,1,0
NOV-01055,10,145.81,2,0,22,mensuel,prelevement,9.6,0.0,3,0
NOV-01056,21,76.79,3,0,18,mensuel,carte,6.2,0.0,4,0
NOV-01057,1,104.0,2,0,21,mensuel,prelevement,9.4,0.0,3,0
NOV-01058,29,147.98,2,1,9,mensuel,carte,6.6,0.0,3,1
NOV-01059,50,,3,1,22,mensuel,carte,4.5,0.05,1,0
NOV-01060,9,80.8,2,0,19,mensuel,carte,5.8,0.0,3,1
NOV-01061,67,70.9,0,0,17,annuel,carte,9.5,0.1,4,0
NOV-01062,71,32.77,1,1,20,mensuel,carte,6.6,0.05,1,0
NOV-01063,51,56.1,1,0,24,mensuel,prelevement,6.4,0.0,1,0
NOV-01064,65,83.44,2,0,16,annuel,prelevement,9.7,0.05,2,0
NOV-01065,34,128.08,1,0,20,mensuel,carte,7.5,0.05,3,1
NOV-01066,5,53.55,2,1,16,annuel,virement,6.0,0.05,2,0
NOV-01067,16,129.87,0,0,12,annuel,prelevement,8.1,0.0,1,0
NOV-01068,46,34.72,1,0,19,mensuel,virement,8.5,0.0,4,0
NOV-01069,48,71.12,2,1,24,mensuel,carte,8.8,0.0,2,0
NOV-01070,72,140.46,0,0,19,mensuel,virement,6.4,0.0,1,0
NOV-01071,71,42.38,2,1,19,annuel,carte,8.9,0.05,4,0
NOV-01072,8,74.23,1,0,20,annuel,prelevement,10.0,0.1,4,0
NOV-01073,24,146.25,3,0,18,mensuel,prelevement,5.1,0.05,2,0
NOV-01074,57,129.63,3,0,24,bisannuel,carte,6.8,0.0,2,0
NOV-01075,8,76.79,2,1,16,mensuel,carte,7.7,0.0,4,1
NOV-01076,21,126.57,1,0,17,bisannuel,prelevement,4.5,0.0,4,1
NOV-01077,45,47.75,1,1,17,mensuel,prelevement,6.2,0.05,3,0
NOV-01078,60,61.84,1,1,26,mensuel,prelevement,10.0,0.0,1,0
NOV-01079,49,120.71,1,1,16,mensuel,virement,8.2,0.0,3,0
NOV-01080,70,93.13,1,0,16,mensuel,prelevement,8.9,0.0,2,0
NOV-01081,54,122.69,2,0,15,annuel,carte,8.1,0.0,1,0
NOV-01082,62,94.07,3,2,17,annuel,prelevement,8.1,0.0,2,0
NOV-01083,49,38.34,1,1,19,mensuel,prelevement,6.0,0.0,2,0
NOV-01084,49,93.36,3,0,20,mensuel,virement,7.8,0.1,4,0
NOV-01085,25,31.57,0,2,21,annuel,carte,9.5,0.1,1,0
NOV-01086,33,126.14,3,1,20,mensuel,prelevement,8.6,0.1,2,0
NOV-01087,70,65.64,0,2,13,mensuel,prelevement,5.3,0.1,1,0
NOV-01088,47,71.36,0,1,25,mensuel,carte,9.2,0.1,3,0
NOV-01089,58,120.26,0,1,17,annuel,prelevement,6.6,0.0,3,0
NOV-01090,10,46.93,0,0,27,annuel,carte,7.1,0.0,4,0
NOV-01091,33,122.73,0,1,22,mensuel,carte,8.3,0.0,3,0
NOV-01092,29,,2,0,13,mensuel,prelevement,9.4,0.0,3,0
NOV-01093,61,,1,1,15,mensuel,prelevement,7.2,0.05,2,0
NOV-01094,27,60.81,5,0,15,bisannuel,carte,9.4,0.0,1,0
NOV-01095,40,81.87,1,0,22,bisannuel,carte,6.9,0.0,2,0
NOV-01096,39,141.86,1,0,16,mensuel,prelevement,7.4,0.1,2,0
NOV-01097,48,95.73,2,0,19,mensuel,prelevement,9.8,0.0,1,1
NOV-01098,27,136.33,3,2,24,mensuel,prelevement,5.0,0.1,4,1
NOV-01099,6,36.77,1,1,26,mensuel,prelevement,9.6,0.0,4,0
NOV-01100,35,89.64,0,1,16,bisannuel,prelevement,3.1,0.0,4,0
NOV-01101,25,123.54,1,1,28,bisannuel,carte,7.8,0.0,3,0
NOV-01102,13,47.56,0,0,14,mensuel,prelevement,6.4,0.0,3,0
NOV-01103,60,56.68,0,1,16,mensuel,carte,4.0,0.1,1,0
NOV-01104,41,39.02,0,1,20,mensuel,carte,3.3,0.1,4,0
NOV-01105,32,98.71,0,1,15,annuel,carte,5.4,0.0,2,0
NOV-01106,4,67.93,2,0,22,annuel,carte,8.2,0.0,4,0
NOV-01107,52,77.3,4,0,19,mensuel,virement,6.4,0.1,3,0
NOV-01108,22,58.73,1,0,14,bisannuel,prelevement,5.8,0.0,1,0
NOV-01109,25,27.07,4,0,21,mensuel,prelevement,9.8,0.0,4,0
NOV-01110,60,53.34,2,0,14,mensuel,virement,7.4,0.0,2,1
NOV-01111,37,80.62,1,0,26,annuel,carte,5.3,0.0,2,0
NOV-01112,31,97.04,2,0,18,mensuel,prelevement,5.0,0.0,2,1
NOV-01113,8,58.11,1,1,12,mensuel,virement,7.5,0.1,1,0
NOV-01114,39,42.07,1,0,18,mensuel,prelevement,5.7,0.1,3,0
NOV-01115,30,110.64,3,1,24,mensuel,carte,8.2,0.0,3,1
NOV-01116,63,55.49,1,0,17,annuel,prelevement,3.1,0.1,2,0
NOV-01117,7,101.8,2,0,19,annuel,carte,7.9,0.1,1,0
NOV-01118,46,50.59,1,0,17,annuel,prelevement,8.8,0.0,2,0
NOV-01119,14,80.67,1,1,20,bisannuel,carte,4.6,0.0,3,0
NOV-01120,67,60.43,2,0,13,annuel,prelevement,4.6,0.1,3,0
NOV-01121,51,146.09,3,1,13,mensuel,prelevement,5.9,0.2,1,1
NOV-01122,7,131.21,1,0,21,mensuel,carte,9.2,0.2,4,0
NOV-01123,61,34.97,0,1,14,annuel,prelevement,8.5,0.0,2,0
NOV-01124,62,51.11,1,1,14,annuel,carte,6.4,0.05,1,0
NOV-01125,63,101.4,1,1,14,annuel,prelevement,8.5,0.0,2,1
NOV-01126,6,38.45,1,1,22,mensuel,carte,6.2,0.0,1,0
NOV-01127,49,80.21,0,0,23,bisannuel,carte,9.6,0.0,2,0
NOV-01128,51,37.97,3,1,9,annuel,prelevement,6.3,0.0,1,0
NOV-01129,50,29.4,0,1,12,mensuel,prelevement,6.6,0.1,3,0
NOV-01130,39,74.12,2,0,14,mensuel,carte,5.4,0.1,1,0
NOV-01131,7,79.61,3,0,19,annuel,virement,6.9,0.05,1,0
NOV-01132,63,44.42,1,0,21,annuel,prelevement,6.8,0.0,4,0
NOV-01133,13,90.95,4,0,21,mensuel,prelevement,7.2,0.0,2,0
NOV-01134,2,125.02,1,0,21,bisannuel,virement,5.3,0.0,4,0
NOV-01135,66,66.58,3,1,18,bisannuel,prelevement,5.7,0.1,3,0
NOV-01136,56,21.83,1,1,20,mensuel,prelevement,2.6,0.0,2,0
NOV-01137,51,88.31,1,1,19,mensuel,virement,8.1,0.1,4,0
NOV-01138,70,37.89,0,1,15,bisannuel,prelevement,5.4,0.1,4,0
NOV-01139,28,30.38,2,0,18,mensuel,carte,7.8,0.05,4,0
NOV-01140,68,46.19,2,0,10,mensuel,prelevement,7.5,0.0,4,0
NOV-01141,33,53.42,0,0,16,mensuel,carte,6.4,0.0,4,0
NOV-01142,9,96.31,3,1,25,mensuel,prelevement,6.3,0.05,3,0
NOV-01143,9,59.93,3,0,15,annuel,carte,6.9,0.05,2,0
NOV-01144,20,80.23,1,0,21,mensuel,prelevement,6.0,0.0,4,0
NOV-01145,36,74.18,1,0,20,mensuel,carte,8.9,0.0,2,0
NOV-01146,35,97.86,1,1,17,annuel,prelevement,6.1,0.0,4,0
NOV-01147,35,88.45,2,1,23,mensuel,prelevement,7.0,0.0,3,0
NOV-01148,55,26.25,3,0,12,mensuel,carte,10.0,0.1,2,0
NOV-01149,38,40.03,0,0,25,bisannuel,prelevement,10.0,0.0,1,0
NOV-01150,12,19.36,1,0,15,mensuel,carte,7.9,0.0,3,0
NOV-01151,43,75.78,2,1,16,annuel,prelevement,8.3,0.1,4,0
NOV-01152,50,86.75,2,0,21,mensuel,carte,6.8,0.05,3,0
NOV-01153,3,137.36,1,1,22,annuel,prelevement,5.6,0.0,4,1
NOV-01154,49,60.39,3,1,23,mensuel,prelevement,7.9,0.0,1,0
NOV-01155,34,146.44,2,1,14,annuel,prelevement,8.7,0.0,3,1
NOV-01156,24,80.23,0,0,18,bisannuel,prelevement,9.3,0.05,2,0
NOV-01157,19,,2,0,14,mensuel,prelevement,9.3,0.0,2,0
NOV-01158,55,126.38,5,1,20,mensuel,carte,7.4,0.0,1,0
NOV-01159,57,143.02,4,0,14,annuel,carte,7.6,0.0,4,1
NOV-01160,7,63.11,2,0,18,bisannuel,prelevement,6.7,0.0,4,0
NOV-01161,1,108.43,2,0,19,annuel,carte,6.4,0.05,4,0
NOV-01162,68,55.79,1,0,16,mensuel,carte,8.0,0.0,3,0
NOV-01163,18,112.16,1,0,17,annuel,prelevement,6.0,0.05,2,1
NOV-01164,55,98.97,1,0,25,annuel,prelevement,5.9,0.05,2,0
NOV-01165,58,51.83,0,0,22,mensuel,prelevement,8.6,0.1,1,0
NOV-01166,60,103.05,1,0,17,annuel,virement,,0.05,3,0
NOV-01167,72,97.06,1,0,17,mensuel,prelevement,10.0,0.05,3,0
NOV-01168,42,49.11,0,0,19,bisannuel,carte,9.0,0.0,3,0
NOV-01169,20,55.15,1,1,20,mensuel,carte,9.4,0.2,1,0
NOV-01170,16,77.77,0,0,23,annuel,prelevement,5.7,0.2,3,0
NOV-01171,4,81.91,1,0,12,mensuel,prelevement,6.2,0.0,3,1
NOV-01172,14,143.16,0,1,15,mensuel,prelevement,6.5,0.0,4,1
NOV-01173,32,80.5,0,1,18,mensuel,prelevement,5.6,0.0,4,0
NOV-01174,46,83.96,0,0,24,mensuel,prelevement,7.4,0.0,1,0
NOV-01175,32,124.17,0,1,26,bisannuel,virement,8.6,0.1,1,0
NOV-01176,55,60.6,2,2,18,annuel,prelevement,,0.0,3,0
NOV-01177,3,139.53,1,0,13,mensuel,virement,5.8,0.0,2,1
NOV-01178,57,146.75,1,1,19,mensuel,virement,6.7,0.05,1,0
NOV-01179,50,28.12,1,2,18,mensuel,carte,7.7,0.05,1,0
NOV-01180,14,108.83,0,0,18,annuel,prelevement,7.8,0.1,4,0
NOV-01181,23,119.33,0,0,17,annuel,carte,6.6,0.05,1,0
NOV-01182,17,96.79,4,0,12,mensuel,prelevement,5.1,0.0,3,1
NOV-01183,37,135.47,0,2,23,bisannuel,carte,5.0,0.0,2,0
NOV-01184,51,127.3,2,0,17,annuel,virement,8.1,0.0,2,0
NOV-01185,33,,3,1,13,mensuel,carte,5.6,0.1,3,0
NOV-01186,36,119.51,2,0,29,annuel,prelevement,6.3,0.0,1,0
NOV-01187,49,74.03,2,1,13,mensuel,prelevement,5.8,0.0,4,1
NOV-01188,45,77.57,2,0,12,bisannuel,carte,5.9,0.0,2,0
NOV-01189,22,77.25,0,2,16,mensuel,prelevement,6.3,0.0,4,1
NOV-01190,36,137.79,0,1,19,annuel,prelevement,5.0,0.0,2,1
NOV-01191,59,53.46,3,0,14,annuel,prelevement,5.9,0.05,4,0
NOV-01192,63,73.14,1,0,11,mensuel,prelevement,5.7,0.1,4,0
NOV-01193,23,111.14,2,0,22,mensuel,prelevement,5.3,0.0,3,0
NOV-01194,16,40.41,0,1,14,mensuel,prelevement,7.4,0.0,4,1
NOV-01195,70,92.2,1,2,12,mensuel,prelevement,7.1,0.0,4,0
NOV-01196,14,82.59,2,0,23,mensuel,carte,8.2,0.0,2,0
NOV-01197,69,52.5,0,1,27,bisannuel,carte,7.5,0.0,4,0
NOV-01198,22,97.43,1,0,12,mensuel,carte,7.9,0.05,4,1
NOV-01199,72,84.44,2,1,19,mensuel,carte,9.0,0.05,2,0
NOV-01200,54,55.99,4,1,16,mensuel,prelevement,5.5,0.0,2,0
NOV-01201,4,96.95,1,0,20,mensuel,virement,,0.1,4,0
NOV-01202,46,127.19,0,1,26,bisannuel,prelevement,7.2,0.1,1,0
NOV-01203,7,108.49,2,0,22,mensuel,carte,6.3,0.0,1,0
NOV-01204,12,77.64,1,2,20,mensuel,prelevement,5.6,0.05,1,1
NOV-01205,42,75.91,1,0,24,mensuel,virement,6.5,0.0,4,0
NOV-01206,65,141.13,2,0,28,mensuel,carte,6.0,0.05,2,0
NOV-01207,33,110.11,2,0,16,mensuel,prelevement,9.5,0.0,2,0
NOV-01208,44,119.56,3,0,21,mensuel,carte,6.3,0.05,3,0
NOV-01209,65,22.1,5,0,20,mensuel,carte,6.1,0.05,3,0
NOV-01210,42,55.06,0,0,17,annuel,carte,9.2,0.0,2,0
NOV-01211,18,144.05,1,1,13,mensuel,prelevement,10.0,0.0,2,0
NOV-01212,42,23.02,1,0,18,mensuel,carte,9.7,0.0,2,0
NOV-01213,58,48.82,1,0,17,mensuel,prelevement,9.2,0.05,1,0
NOV-01214,15,42.89,3,0,14,mensuel,prelevement,5.8,0.05,2,0
NOV-01215,40,102.76,3,1,14,bisannuel,carte,7.5,0.0,1,0
NOV-01216,27,132.13,1,0,20,mensuel,carte,4.2,0.0,3,1
NOV-01217,19,39.0,6,0,12,mensuel,virement,8.7,0.0,1,0
NOV-01218,3,110.44,2,0,24,mensuel,prelevement,8.4,0.1,3,0
NOV-01219,56,129.67,2,0,18,mensuel,carte,6.9,0.1,1,0
NOV-01220,21,80.89,0,1,15,mensuel,carte,6.8,0.05,3,0
NOV-01221,71,144.87,2,0,12,mensuel,carte,5.8,0.05,4,1
NOV-01222,51,135.42,1,1,17,mensuel,carte,5.1,0.0,4,1
NOV-01223,49,105.24,2,0,22,mensuel,carte,10.0,0.1,1,0
NOV-01224,29,67.91,0,1,19,mensuel,carte,8.6,0.0,3,0
NOV-01225,24,44.53,2,0,9,annuel,virement,7.6,0.0,3,0
NOV-01226,20,76.02,0,1,16,mensuel,virement,7.1,0.0,4,0
NOV-01227,44,55.82,5,1,16,annuel,prelevement,,0.05,3,0
NOV-01228,33,72.25,1,1,14,mensuel,prelevement,8.0,0.1,3,0
NOV-01229,37,146.3,1,0,13,annuel,carte,8.7,0.0,1,0
NOV-01230,60,27.76,0,0,18,bisannuel,prelevement,8.1,0.05,3,0
NOV-01231,63,37.2,2,0,19,bisannuel,prelevement,8.4,0.1,2,0
NOV-01232,72,133.85,2,0,27,bisannuel,prelevement,8.7,0.0,3,0
NOV-01233,64,125.18,3,0,28,annuel,prelevement,6.3,0.05,4,0
NOV-01234,5,111.26,1,1,20,annuel,prelevement,6.2,0.1,2,0
NOV-01235,41,80.08,2,0,12,mensuel,virement,4.5,0.0,4,1
NOV-01236,19,81.64,1,0,22,annuel,virement,4.7,0.1,4,1
NOV-01237,45,30.29,3,2,22,mensuel,carte,7.1,0.0,3,0
NOV-01238,9,29.38,0,0,16,annuel,carte,6.9,0.0,1,0
NOV-01239,52,106.68,0,0,22,bisannuel,prelevement,7.0,0.1,4,0
NOV-01240,5,141.53,1,1,15,mensuel,prelevement,6.4,0.0,4,0
NOV-01241,13,84.78,1,0,21,mensuel,carte,5.7,0.05,3,0
NOV-01242,43,102.87,2,0,15,mensuel,prelevement,8.4,0.0,4,1
NOV-01243,72,115.16,1,0,17,mensuel,prelevement,6.5,0.0,1,0
NOV-01244,71,104.34,2,0,19,mensuel,virement,5.5,0.0,3,0
NOV-01245,58,135.45,4,0,18,bisannuel,virement,7.2,0.05,1,0
NOV-01246,60,92.44,2,2,12,bisannuel,virement,8.1,0.0,3,0
NOV-01247,12,135.9,3,1,11,mensuel,prelevement,9.1,0.05,4,1
NOV-01248,69,40.37,4,0,18,bisannuel,prelevement,5.3,0.2,2,0
NOV-01249,24,90.77,0,1,19,annuel,carte,8.5,0.0,4,0
NOV-01250,1,65.07,2,1,29,mensuel,carte,9.7,0.05,1,0
NOV-01251,15,80.49,2,1,16,annuel,prelevement,8.3,0.1,3,1
NOV-01252,14,144.58,1,0,20,annuel,carte,7.3,0.1,2,0
NOV-01253,10,52.58,1,2,16,mensuel,virement,7.4,0.0,1,0
NOV-01254,32,137.74,0,0,16,mensuel,prelevement,9.1,0.1,3,0
NOV-01255,39,30.77,2,2,25,annuel,virement,7.4,0.0,2,0
NOV-01256,10,123.23,1,0,18,annuel,prelevement,6.4,0.0,4,0
NOV-01257,57,74.79,2,1,15,mensuel,carte,8.6,0.0,3,0
NOV-01258,59,105.9,1,0,18,annuel,carte,5.6,0.0,3,0
NOV-01259,49,140.63,0,1,23,mensuel,prelevement,5.3,0.05,1,0
NOV-01260,40,115.94,4,0,19,bisannuel,prelevement,6.3,0.0,4,0
NOV-01261,12,115.22,0,0,19,mensuel,carte,5.7,0.0,4,0
NOV-01262,17,61.68,0,0,21,mensuel,carte,6.7,0.0,4,0
NOV-01263,18,66.6,4,0,22,mensuel,carte,6.1,0.0,3,1
NOV-01264,46,116.66,4,1,16,mensuel,virement,5.9,0.0,2,1
NOV-01265,4,96.36,1,0,27,mensuel,prelevement,7.1,0.0,4,0
NOV-01266,56,105.13,3,0,14,mensuel,prelevement,8.6,0.1,2,0
NOV-01267,60,19.17,3,0,16,mensuel,prelevement,6.8,0.0,4,0
NOV-01268,18,121.79,3,0,20,mensuel,carte,6.4,0.0,2,1
NOV-01269,18,133.63,2,0,27,mensuel,carte,9.6,0.0,4,0
NOV-01270,66,87.84,1,0,21,annuel,virement,9.7,0.0,4,0
NOV-01271,15,21.44,2,0,21,bisannuel,prelevement,8.3,0.2,1,0
NOV-01272,2,134.13,1,1,24,annuel,carte,7.0,0.1,3,0
NOV-01273,7,88.97,2,0,16,annuel,prelevement,6.8,0.0,3,0
NOV-01274,33,113.18,0,1,20,mensuel,carte,7.8,0.05,4,0
NOV-01275,49,145.39,3,1,16,mensuel,carte,7.8,0.0,4,0
NOV-01276,44,69.77,0,0,16,annuel,prelevement,6.8,0.0,2,0
NOV-01277,38,146.8,0,1,13,mensuel,prelevement,7.7,0.0,1,0
NOV-01278,25,78.19,1,0,8,annuel,virement,7.7,0.0,4,0
NOV-01279,12,106.27,0,1,9,mensuel,carte,4.8,0.0,4,0
NOV-01280,45,127.43,0,0,14,annuel,carte,7.5,0.0,2,0
NOV-01281,8,68.02,0,1,21,mensuel,carte,6.4,0.05,1,1
NOV-01282,22,90.86,1,1,25,mensuel,carte,10.0,0.1,4,0
NOV-01283,41,65.05,1,1,23,annuel,prelevement,10.0,0.0,3,0
NOV-01284,48,83.24,0,0,16,mensuel,prelevement,4.7,0.05,1,0
NOV-01285,24,142.45,0,0,19,mensuel,prelevement,6.0,0.1,4,1
NOV-01286,43,28.74,1,1,21,annuel,carte,7.0,0.0,2,0
NOV-01287,19,144.88,0,0,15,bisannuel,prelevement,5.8,0.0,3,0
NOV-01288,25,97.64,1,0,14,mensuel,carte,7.5,0.0,4,0
NOV-01289,17,71.66,1,0,19,mensuel,prelevement,5.7,0.0,2,0
NOV-01290,38,101.88,3,1,19,annuel,prelevement,8.8,0.05,4,0
NOV-01291,54,41.05,2,0,21,mensuel,carte,4.3,0.05,3,0
NOV-01292,62,30.66,1,0,16,mensuel,carte,7.9,0.0,1,0
NOV-01293,9,45.68,2,0,21,mensuel,prelevement,8.4,0.1,3,0
NOV-01294,7,135.54,2,0,22,mensuel,prelevement,7.5,0.1,3,1
NOV-01295,36,31.03,6,1,25,annuel,carte,7.9,0.1,2,0
NOV-01296,1,58.73,2,1,17,mensuel,virement,5.7,0.0,4,0
NOV-01297,53,132.75,1,0,27,mensuel,carte,8.6,0.0,3,0
NOV-01298,33,82.72,0,0,25,annuel,carte,5.4,0.0,4,1
NOV-01299,9,63.9,1,0,23,mensuel,prelevement,5.2,0.1,4,0
NOV-01300,3,102.64,2,1,22,mensuel,prelevement,8.3,0.0,2,1
NOV-01301,18,103.85,0,0,13,mensuel,carte,7.9,0.1,2,0
NOV-01302,15,54.44,1,0,13,mensuel,prelevement,7.7,0.1,4,0
NOV-01303,24,23.58,1,1,24,mensuel,prelevement,7.4,0.05,4,0
NOV-01304,26,142.98,0,0,14,annuel,prelevement,8.0,0.0,2,0
NOV-01305,1,140.76,1,0,19,bisannuel,carte,6.9,0.0,2,1
NOV-01306,10,32.95,3,0,20,mensuel,prelevement,7.7,0.0,4,0
NOV-01307,16,40.23,3,1,25,mensuel,carte,8.3,0.0,1,0
NOV-01308,18,,2,1,21,mensuel,carte,10.0,0.1,3,1
NOV-01309,1,37.45,0,0,18,annuel,prelevement,7.4,0.0,1,0
NOV-01310,17,114.42,3,0,18,annuel,carte,9.3,0.2,1,0
NOV-01311,63,113.41,1,0,32,annuel,virement,6.8,0.1,3,0
NOV-01312,51,73.86,2,0,19,annuel,virement,9.2,0.0,1,0
NOV-01313,28,74.79,3,2,24,mensuel,prelevement,5.2,0.0,2,1
NOV-01314,19,123.66,3,0,14,bisannuel,prelevement,5.2,0.0,3,0
NOV-01315,31,141.19,2,0,19,mensuel,virement,9.1,0.1,2,0
NOV-01316,14,126.55,1,0,17,mensuel,prelevement,4.9,0.0,3,0
NOV-01317,52,105.34,1,1,23,mensuel,carte,7.6,0.05,1,0
NOV-01318,42,62.26,1,0,17,mensuel,prelevement,6.9,0.0,1,0
NOV-01319,40,80.49,0,1,18,annuel,carte,7.4,0.0,4,0
NOV-01320,7,103.49,1,0,16,mensuel,virement,7.0,0.05,3,0
NOV-01321,55,138.16,1,0,13,mensuel,carte,7.0,0.05,2,0
NOV-01322,3,22.94,3,0,18,bisannuel,prelevement,5.7,0.0,4,0
NOV-01323,62,82.98,2,0,12,annuel,carte,6.5,0.05,4,0
NOV-01324,8,123.96,0,0,21,annuel,carte,8.6,0.0,4,0
NOV-01325,65,117.95,0,0,16,mensuel,carte,7.9,0.1,1,0
NOV-01326,50,127.75,0,0,22,mensuel,virement,5.6,0.0,2,1
NOV-01327,19,47.95,3,1,22,annuel,carte,7.7,0.05,4,0
NOV-01328,14,145.62,1,0,16,mensuel,carte,9.9,0.0,1,0
NOV-01329,15,28.74,2,0,27,mensuel,prelevement,7.1,0.0,3,0
NOV-01330,5,23.74,0,1,15,mensuel,prelevement,10.0,0.0,4,0
NOV-01331,44,57.87,0,1,20,mensuel,virement,6.4,0.0,3,1
NOV-01332,31,27.01,1,0,12,mensuel,virement,9.8,0.1,3,0
NOV-01333,45,120.39,1,1,12,bisannuel,carte,8.6,0.05,3,0
NOV-01334,25,40.71,0,0,21,annuel,prelevement,9.1,0.2,4,0
NOV-01335,40,72.89,2,0,17,annuel,prelevement,6.2,0.0,3,0
NOV-01336,21,116.82,2,0,28,mensuel,carte,4.5,0.1,3,0
NOV-01337,28,140.79,1,1,18,annuel,carte,5.2,0.1,1,0
NOV-01338,55,127.51,0,1,20,annuel,carte,8.6,0.2,2,0
NOV-01339,5,72.61,1,3,28,mensuel,prelevement,5.3,0.0,3,1
NOV-01340,72,131.61,3,2,18,bisannuel,prelevement,8.8,0.0,2,0
NOV-01341,7,75.68,4,1,18,annuel,prelevement,7.2,0.1,3,1
NOV-01342,20,64.0,1,1,22,annuel,virement,8.5,0.05,3,0
NOV-01343,21,103.24,2,0,18,mensuel,carte,4.0,0.0,1,0
NOV-01344,18,61.19,1,1,16,annuel,carte,6.7,0.1,4,1
NOV-01345,5,123.92,0,0,19,annuel,prelevement,8.5,0.0,3,0
NOV-01346,5,101.38,1,0,24,mensuel,prelevement,5.7,0.1,3,0
NOV-01347,62,130.23,2,0,13,annuel,prelevement,7.3,0.05,3,0
NOV-01348,17,145.36,1,0,11,mensuel,carte,6.6,0.0,1,1
NOV-01349,15,,1,0,17,annuel,prelevement,8.7,0.0,2,0
NOV-01350,72,69.61,4,0,18,annuel,prelevement,8.6,0.0,3,0
NOV-01351,36,145.02,2,0,17,mensuel,prelevement,4.8,0.0,4,0
NOV-01352,37,137.48,1,0,19,annuel,carte,9.6,0.0,4,0
NOV-01353,31,131.22,1,2,16,mensuel,carte,9.4,0.1,2,0
NOV-01354,48,105.96,1,1,15,mensuel,prelevement,6.5,0.0,2,0
NOV-01355,53,144.72,1,0,21,mensuel,prelevement,7.7,0.1,4,0
NOV-01356,38,99.06,4,0,16,annuel,prelevement,7.1,0.05,4,0
NOV-01357,23,81.58,2,0,14,annuel,carte,5.0,0.0,4,0
NOV-01358,36,58.04,0,1,14,annuel,prelevement,7.7,0.05,2,0
NOV-01359,36,55.78,1,1,21,mensuel,virement,10.0,0.1,1,0
NOV-01360,62,94.64,2,0,13,bisannuel,prelevement,10.0,0.0,3,0
NOV-01361,14,48.86,1,1,15,annuel,virement,8.6,0.05,4,0
NOV-01362,70,80.24,0,0,23,annuel,prelevement,7.5,0.05,1,0
NOV-01363,32,112.67,1,0,11,mensuel,carte,6.1,0.0,4,0
NOV-01364,16,30.94,0,0,18,mensuel,carte,6.8,0.0,3,1
NOV-01365,44,53.05,2,1,9,mensuel,virement,6.5,0.0,1,0
NOV-01366,14,88.22,0,0,14,mensuel,carte,4.7,0.0,2,0
NOV-01367,51,138.62,0,1,20,bisannuel,prelevement,5.6,0.1,4,1
NOV-01368,21,146.99,1,1,19,annuel,prelevement,6.1,0.0,2,0
NOV-01369,57,44.86,1,0,19,annuel,virement,9.2,0.05,2,0
NOV-01370,67,139.63,3,0,22,bisannuel,carte,6.0,0.0,3,0
NOV-01371,32,21.24,2,0,18,mensuel,carte,6.9,0.05,1,0
NOV-01372,43,25.67,1,0,16,mensuel,prelevement,9.3,0.05,3,0
NOV-01373,69,75.89,2,0,13,mensuel,prelevement,5.4,0.0,1,0
NOV-01374,37,74.26,2,0,24,bisannuel,prelevement,8.3,0.0,2,0
NOV-01375,18,26.04,1,1,23,annuel,carte,,0.05,3,0
NOV-01376,25,49.23,5,0,21,mensuel,carte,5.9,0.0,2,0
NOV-01377,67,29.47,1,0,23,annuel,prelevement,5.9,0.0,1,0
NOV-01378,42,71.82,0,0,19,bisannuel,prelevement,10.0,0.05,4,0
NOV-01379,16,139.7,1,0,21,mensuel,carte,7.9,0.2,4,0
NOV-01380,59,78.65,0,1,20,mensuel,prelevement,5.9,0.0,1,0
NOV-01381,35,120.19,1,3,13,annuel,prelevement,6.2,0.0,1,0
NOV-01382,69,79.51,0,0,20,bisannuel,prelevement,6.2,0.0,2,0
NOV-01383,48,124.79,2,0,19,mensuel,prelevement,6.9,0.0,1,0
NOV-01384,6,106.81,2,0,18,mensuel,carte,10.0,0.2,4,0
NOV-01385,2,19.3,1,0,19,annuel,carte,6.2,0.0,4,1
NOV-01386,16,72.16,3,3,11,mensuel,virement,8.6,0.05,2,0
NOV-01387,32,112.13,1,1,12,mensuel,prelevement,8.7,0.0,3,0
NOV-01388,51,51.25,2,0,16,annuel,prelevement,10.0,0.0,3,0
NOV-01389,53,94.6,2,0,10,annuel,carte,7.0,0.0,3,0
NOV-01390,2,71.32,2,0,15,mensuel,prelevement,7.6,0.1,2,0
NOV-01391,16,126.21,3,1,20,mensuel,prelevement,10.0,0.0,3,0
NOV-01392,59,125.84,2,0,17,mensuel,prelevement,6.2,0.0,4,0
NOV-01393,62,25.39,2,0,22,bisannuel,carte,5.9,0.0,3,0
NOV-01394,5,147.11,1,1,18,annuel,carte,4.5,0.0,2,1
NOV-01395,15,21.43,1,0,16,mensuel,carte,8.5,0.0,4,0
NOV-01396,54,35.23,4,1,21,mensuel,prelevement,7.0,0.05,1,0
NOV-01397,10,100.14,2,0,14,annuel,prelevement,4.7,0.1,4,0
NOV-01398,42,116.53,0,0,23,mensuel,prelevement,6.2,0.0,3,0
NOV-01399,20,104.16,0,0,18,mensuel,prelevement,5.6,0.05,1,0
NOV-01400,8,34.43,2,1,8,mensuel,prelevement,3.4,0.0,2,1
NOV-01401,7,30.77,5,0,22,mensuel,prelevement,5.0,0.0,2,1
NOV-01402,29,31.15,2,1,8,mensuel,prelevement,3.4,0.0,2,1
NOV-01403,6,123.28,1,0,23,annuel,prelevement,6.9,0.05,2,0
NOV-01404,68,104.97,1,0,13,mensuel,carte,7.1,0.05,4,1
NOV-01405,18,31.67,1,0,13,mensuel,prelevement,6.7,0.0,3,0
NOV-01406,67,120.19,1,0,16,annuel,virement,8.9,0.0,3,0
NOV-01407,62,63.62,1,0,20,annuel,prelevement,8.6,0.0,3,0
NOV-01408,22,109.73,1,0,21,mensuel,prelevement,5.7,0.0,4,0
NOV-01409,53,142.9,1,1,17,mensuel,prelevement,,0.0,2,1
NOV-01410,9,55.67,1,0,14,mensuel,carte,6.8,0.0,2,1
NOV-01411,32,114.58,1,2,11,bisannuel,prelevement,6.8,0.0,1,1
NOV-01412,46,45.08,2,0,21,mensuel,prelevement,8.2,0.1,2,0
NOV-01413,8,109.79,1,0,22,mensuel,prelevement,5.7,0.0,2,1
NOV-01414,5,96.03,0,0,17,annuel,carte,9.8,0.05,1,0
NOV-01415,16,122.94,1,0,18,bisannuel,prelevement,4.6,0.0,3,0
NOV-01416,55,102.4,1,0,29,mensuel,prelevement,5.8,0.0,3,0
NOV-01417,44,42.77,2,0,13,mensuel,carte,10.0,0.1,2,0
NOV-01418,32,123.7,0,0,21,annuel,prelevement,3.8,0.0,1,0
NOV-01419,46,32.64,0,0,14,mensuel,prelevement,9.6,0.0,2,0
NOV-01420,29,109.92,1,0,21,bisannuel,prelevement,6.4,0.0,1,0
NOV-01421,6,102.15,3,0,23,mensuel,carte,5.8,0.0,1,0
NOV-01422,38,111.62,0,0,25,mensuel,prelevement,8.1,0.0,3,0
NOV-01423,54,134.89,2,0,5,mensuel,prelevement,7.6,0.0,3,0
NOV-01424,57,,0,2,20,mensuel,prelevement,5.7,0.0,4,1
NOV-01425,52,48.96,4,0,21,bisannuel,prelevement,7.3,0.0,4,0
NOV-01426,19,42.97,0,0,18,mensuel,prelevement,7.0,0.0,2,0
NOV-01427,59,142.67,1,0,22,mensuel,prelevement,5.4,0.05,3,0
NOV-01428,26,139.21,1,1,21,annuel,prelevement,7.9,0.05,4,0
NOV-01429,46,84.58,0,1,21,mensuel,virement,5.1,0.0,4,0
NOV-01430,62,20.77,1,1,17,mensuel,prelevement,5.1,0.1,4,0
NOV-01431,64,93.09,0,0,17,annuel,prelevement,6.7,0.05,4,0
NOV-01432,60,78.56,1,2,27,bisannuel,carte,7.4,0.0,4,0
NOV-01433,52,74.38,1,0,26,mensuel,prelevement,7.9,0.0,2,0
NOV-01434,67,32.82,3,1,15,mensuel,prelevement,6.3,0.2,4,0
NOV-01435,1,117.34,0,2,16,mensuel,virement,8.6,0.0,1,0
NOV-01436,5,35.84,2,0,21,mensuel,carte,5.8,0.0,4,0
NOV-01437,16,42.94,0,0,17,mensuel,prelevement,8.4,0.0,3,0
NOV-01438,51,98.85,1,1,23,mensuel,virement,6.6,0.0,3,0
NOV-01439,65,108.95,0,0,15,mensuel,prelevement,6.9,0.1,3,0
NOV-01440,31,138.99,1,0,18,bisannuel,virement,6.2,0.1,4,0
NOV-01441,46,53.98,1,1,26,mensuel,carte,8.9,0.1,2,0
NOV-01442,29,52.96,1,1,27,annuel,prelevement,6.1,0.0,3,0
NOV-01443,22,116.73,0,1,17,mensuel,prelevement,1.2,0.0,1,1
NOV-01444,22,67.3,1,0,18,mensuel,prelevement,9.7,0.0,3,0
NOV-01445,8,72.35,2,0,18,mensuel,carte,6.0,0.05,1,1
NOV-01446,29,76.94,0,0,24,annuel,carte,5.9,0.0,4,0
NOV-01447,5,89.71,3,0,15,bisannuel,prelevement,6.5,0.05,3,0
NOV-01448,41,66.54,2,1,17,mensuel,carte,8.2,0.05,3,0
NOV-01449,12,92.83,0,0,18,bisannuel,prelevement,6.4,0.05,1,0
NOV-01450,15,52.54,2,0,14,bisannuel,carte,6.2,0.1,1,0
NOV-01451,32,27.18,4,0,13,mensuel,carte,,0.1,2,1
NOV-01452,28,35.92,0,0,15,bisannuel,prelevement,,0.05,1,0
NOV-01453,71,48.82,3,1,16,annuel,prelevement,7.5,0.0,4,1
NOV-01454,25,41.27,4,0,25,mensuel,carte,9.1,0.0,2,0
NOV-01455,62,68.15,1,0,17,annuel,virement,10.0,0.0,1,0
NOV-01456,46,87.24,2,1,20,mensuel,prelevement,9.2,0.0,4,0
NOV-01457,35,49.58,1,0,18,mensuel,prelevement,6.4,0.1,1,0
NOV-01458,2,78.85,0,0,11,annuel,carte,7.6,0.0,4,0
NOV-01459,34,99.04,2,1,18,bisannuel,carte,,0.0,4,0
NOV-01460,28,45.56,1,1,21,mensuel,prelevement,9.9,0.05,1,0
NOV-01461,10,132.58,2,0,16,mensuel,carte,8.3,0.05,4,0
NOV-01462,43,136.09,1,0,24,mensuel,prelevement,7.5,0.0,2,0
NOV-01463,30,58.76,2,0,24,bisannuel,prelevement,4.9,0.0,1,0
NOV-01464,48,20.01,2,0,14,bisannuel,prelevement,6.0,0.05,1,0
NOV-01465,18,28.25,2,0,23,mensuel,prelevement,7.7,0.0,2,0
NOV-01466,24,66.79,2,0,14,mensuel,carte,5.0,0.1,2,1
NOV-01467,35,136.13,2,1,15,mensuel,prelevement,8.0,0.0,1,0
NOV-01468,63,74.36,2,0,14,annuel,prelevement,6.5,0.1,4,0
NOV-01469,3,19.42,0,1,12,mensuel,prelevement,7.5,0.0,1,0
NOV-01470,9,146.71,1,0,10,bisannuel,carte,8.4,0.1,1,0
NOV-01471,68,61.0,2,0,17,mensuel,carte,10.0,0.05,1,0
NOV-01472,32,45.26,2,0,23,mensuel,prelevement,7.8,0.0,3,0
NOV-01473,22,54.14,4,0,16,mensuel,carte,8.1,0.0,4,1
NOV-01474,66,64.37,3,1,15,mensuel,prelevement,7.3,0.1,1,0
NOV-01475,5,130.5,2,2,18,mensuel,prelevement,4.7,0.05,3,0
NOV-01476,8,20.79,1,0,18,mensuel,carte,9.4,0.1,1,0
NOV-01477,23,62.89,0,1,21,annuel,prelevement,10.0,0.05,1,0
NOV-01478,39,84.21,1,0,23,mensuel,prelevement,8.9,0.05,4,0
NOV-01479,61,130.73,5,0,16,annuel,carte,7.6,0.0,4,0
NOV-01480,70,78.98,2,1,16,mensuel,prelevement,6.0,0.0,1,1
NOV-01481,32,122.76,2,0,20,annuel,prelevement,6.9,0.05,2,0
NOV-01482,63,102.13,3,1,14,mensuel,carte,5.1,0.0,1,0
NOV-01483,24,45.59,1,0,14,mensuel,prelevement,7.8,0.0,2,0
NOV-01484,30,139.43,0,0,26,annuel,carte,10.0,0.1,3,0
NOV-01485,62,,0,2,15,mensuel,prelevement,9.0,0.0,1,0
NOV-01486,67,47.8,1,1,14,bisannuel,carte,4.8,0.05,1,0
NOV-01487,8,119.39,1,2,21,annuel,virement,9.5,0.1,1,0
NOV-01488,27,35.07,1,1,8,annuel,prelevement,8.1,0.05,2,1
NOV-01489,38,48.05,1,0,30,annuel,carte,6.2,0.05,3,0
NOV-01490,43,105.47,3,0,12,mensuel,prelevement,6.6,0.1,1,0
NOV-01491,57,22.51,1,0,18,mensuel,prelevement,10.0,0.0,2,0
NOV-01492,1,33.54,1,0,17,annuel,carte,4.7,0.1,2,0
NOV-01493,9,44.31,0,0,25,bisannuel,carte,7.2,0.0,4,0
NOV-01494,13,117.45,3,0,22,mensuel,prelevement,5.0,0.0,2,1
NOV-01495,8,58.89,2,1,19,bisannuel,prelevement,10.0,0.0,3,0
NOV-01496,11,137.95,0,0,18,annuel,prelevement,5.3,0.0,1,0
NOV-01497,9,60.07,6,0,22,mensuel,carte,5.6,0.2,3,1
NOV-01498,11,131.09,1,0,24,mensuel,carte,8.6,0.0,3,0
NOV-01499,36,73.78,1,0,13,mensuel,carte,7.9,0.05,3,0
NOV-01500,57,,1,0,13,annuel,carte,10.0,0.05,3,0
NOV-01501,2,47.98,0,0,29,mensuel,carte,5.7,0.05,3,0
NOV-01502,62,136.38,2,0,18,mensuel,virement,6.6,0.05,4,0
NOV-01503,41,126.22,0,1,22,mensuel,virement,5.5,0.0,2,1
NOV-01504,42,121.35,3,0,18,mensuel,prelevement,6.4,0.0,2,1
NOV-01505,3,95.25,2,0,27,mensuel,carte,9.2,0.0,2,0
NOV-01506,69,72.32,3,1,14,mensuel,carte,7.7,0.1,2,0
NOV-01507,44,36.62,1,0,16,annuel,prelevement,5.9,0.0,2,0
NOV-01508,31,35.4,2,0,13,mensuel,virement,8.9,0.0,2,0
NOV-01509,51,142.01,1,0,10,annuel,prelevement,8.8,0.05,4,0
NOV-01510,13,145.65,1,0,12,annuel,carte,5.7,0.0,3,0
NOV-01511,6,136.06,0,1,25,mensuel,carte,6.4,0.0,4,1
NOV-01512,8,25.52,1,1,17,mensuel,prelevement,9.8,0.0,2,0
NOV-01513,22,136.62,1,1,18,annuel,carte,5.1,0.0,3,1
NOV-01514,15,40.42,2,0,17,mensuel,prelevement,5.7,0.0,3,0
NOV-01515,45,91.24,1,0,22,mensuel,carte,5.8,0.05,1,0
NOV-01516,23,86.72,0,0,23,mensuel,carte,6.9,0.0,1,0
NOV-01517,9,132.32,2,1,20,bisannuel,carte,7.1,0.0,2,0
NOV-01518,25,,1,0,17,mensuel,prelevement,3.8,0.0,3,1
NOV-01519,71,143.16,2,1,20,annuel,carte,6.0,0.2,2,0
NOV-01520,8,40.01,1,0,27,mensuel,carte,6.0,0.1,2,0
NOV-01521,53,61.54,2,0,24,bisannuel,carte,7.2,0.0,2,0
NOV-01522,1,120.9,0,0,18,mensuel,carte,8.4,0.0,4,0
NOV-01523,54,99.21,0,0,18,mensuel,prelevement,7.8,0.1,3,0
NOV-01524,61,82.54,1,0,9,bisannuel,carte,10.0,0.0,1,0
NOV-01525,52,60.03,1,0,21,mensuel,prelevement,10.0,0.1,2,0
NOV-01526,52,68.62,3,0,18,mensuel,carte,6.5,0.0,4,0
NOV-01527,18,144.68,3,0,21,mensuel,virement,8.1,0.0,3,0
NOV-01528,37,23.36,2,1,17,bisannuel,carte,9.5,0.2,3,0
NOV-01529,42,104.08,1,1,10,mensuel,prelevement,8.5,0.1,1,0
NOV-01530,58,123.82,1,0,20,annuel,prelevement,3.9,0.1,3,0
NOV-01531,31,142.52,1,1,15,mensuel,carte,10.0,0.0,1,0
NOV-01532,7,101.8,2,0,15,bisannuel,prelevement,6.4,0.1,4,1
NOV-01533,55,29.47,2,1,18,bisannuel,prelevement,5.3,0.05,1,0
NOV-01534,1,57.94,2,0,22,annuel,carte,5.3,0.0,4,1
NOV-01535,63,109.38,1,0,22,mensuel,carte,9.4,0.0,3,0
NOV-01536,55,118.18,0,1,22,annuel,virement,8.7,0.05,1,0
NOV-01537,40,46.76,2,0,11,mensuel,prelevement,6.0,0.0,2,0
NOV-01538,48,62.36,3,0,18,annuel,prelevement,3.3,0.1,3,1
NOV-01539,21,60.44,3,1,16,bisannuel,prelevement,4.5,0.0,2,1
NOV-01540,36,25.69,2,3,15,bisannuel,virement,8.4,0.1,4,0
NOV-01541,27,94.82,2,1,17,mensuel,prelevement,8.8,0.1,1,0
NOV-01542,13,147.48,1,0,16,annuel,prelevement,7.1,0.1,2,0
NOV-01543,32,84.48,1,0,24,bisannuel,prelevement,7.2,0.0,2,0
NOV-01544,67,105.03,1,0,22,annuel,prelevement,7.2,0.05,4,0
NOV-01545,28,37.8,1,1,30,annuel,prelevement,6.7,0.1,3,0
NOV-01546,40,75.9,2,0,14,mensuel,carte,7.3,0.05,4,0
NOV-01547,49,38.48,2,1,17,mensuel,prelevement,7.3,0.0,1,1
NOV-01548,21,130.73,2,1,25,annuel,prelevement,4.3,0.0,2,0
NOV-01549,2,100.95,1,2,19,mensuel,prelevement,5.4,0.1,3,0
NOV-01550,27,96.43,1,0,16,bisannuel,carte,7.8,0.2,3,0
NOV-01551,21,134.11,3,0,22,mensuel,prelevement,6.6,0.0,4,0
NOV-01552,16,,2,1,15,bisannuel,prelevement,6.3,0.1,3,0
NOV-01553,17,140.54,4,0,15,annuel,prelevement,8.4,0.05,1,1
NOV-01554,19,98.38,0,0,11,mensuel,carte,7.2,0.0,3,0
NOV-01555,13,36.45,2,1,15,bisannuel,prelevement,7.3,0.0,2,0
NOV-01556,11,137.6,1,1,22,bisannuel,prelevement,8.1,0.1,2,0
NOV-01557,14,29.93,2,0,24,annuel,prelevement,8.0,0.1,4,0
NOV-01558,24,21.33,1,0,21,mensuel,carte,7.0,0.0,1,0
NOV-01559,48,31.54,0,0,17,annuel,carte,5.5,0.0,2,0
NOV-01560,45,87.57,1,0,19,mensuel,prelevement,4.8,0.0,4,0
NOV-01561,17,132.41,1,0,18,mensuel,prelevement,8.0,0.2,3,0
NOV-01562,9,88.71,3,0,16,annuel,prelevement,6.1,0.05,4,0
NOV-01563,51,44.6,1,0,19,bisannuel,carte,4.9,0.0,4,0
NOV-01564,57,76.9,3,0,15,bisannuel,carte,5.3,0.1,4,0
NOV-01565,66,22.78,0,0,24,annuel,carte,7.7,0.0,3,0
NOV-01566,43,108.44,1,0,14,mensuel,carte,8.2,0.05,3,0
NOV-01567,39,82.05,4,0,21,bisannuel,prelevement,7.3,0.1,2,0
NOV-01568,51,32.49,0,0,13,bisannuel,prelevement,6.5,0.0,4,0
NOV-01569,29,144.41,0,1,20,mensuel,carte,10.0,0.0,3,0
NOV-01570,62,83.84,1,0,12,mensuel,carte,8.5,0.0,3,0
NOV-01571,17,54.06,2,0,21,annuel,prelevement,,0.0,4,0
NOV-01572,38,137.38,2,1,13,annuel,carte,7.7,0.05,3,1
NOV-01573,25,41.18,1,0,18,mensuel,prelevement,7.4,0.05,2,0
NOV-01574,63,84.22,1,1,24,mensuel,prelevement,6.4,0.1,1,0
NOV-01575,38,97.23,1,0,26,annuel,prelevement,8.3,0.0,4,0
NOV-01576,7,89.99,4,0,15,bisannuel,virement,7.6,0.1,2,0
NOV-01577,64,85.42,3,0,18,mensuel,prelevement,5.6,0.0,2,0
NOV-01578,13,118.18,1,1,23,annuel,prelevement,9.5,0.0,4,0
NOV-01579,26,99.73,2,0,24,bisannuel,carte,5.3,0.0,2,0
NOV-01580,44,39.29,2,1,27,mensuel,prelevement,6.7,0.0,1,0
NOV-01581,11,91.59,3,1,19,annuel,virement,6.2,0.05,4,0
NOV-01582,33,21.97,1,3,14,mensuel,virement,8.3,0.0,4,0
NOV-01583,57,99.12,3,0,13,annuel,carte,8.9,0.0,4,0
NOV-01584,59,133.46,1,0,12,mensuel,prelevement,6.5,0.0,3,0
NOV-01585,38,93.0,1,0,26,mensuel,virement,4.9,0.0,2,0
NOV-01586,59,127.93,2,0,17,annuel,carte,5.3,0.0,1,0
NOV-01587,64,58.37,1,0,18,annuel,carte,8.0,0.0,2,0
NOV-01588,48,81.68,1,0,18,mensuel,prelevement,5.9,0.0,3,0
NOV-01589,46,134.36,0,1,14,bisannuel,carte,8.2,0.1,4,0
NOV-01590,30,49.44,0,1,22,mensuel,carte,9.3,0.0,2,0
NOV-01591,22,91.07,1,0,11,bisannuel,carte,7.9,0.0,2,0
NOV-01592,54,,2,0,23,annuel,carte,9.0,0.05,1,0
NOV-01593,71,119.17,4,1,18,mensuel,carte,6.6,0.0,1,0
NOV-01594,56,37.45,1,0,17,mensuel,carte,8.5,0.05,2,0
NOV-01595,36,116.65,0,0,22,bisannuel,carte,4.3,0.0,3,0
NOV-01596,11,92.56,2,0,22,mensuel,prelevement,7.8,0.2,1,1
NOV-01597,71,101.84,2,2,15,annuel,prelevement,9.4,0.0,4,0
NOV-01598,2,30.12,0,1,24,mensuel,prelevement,8.7,0.2,3,0
NOV-01599,3,40.0,0,0,18,mensuel,carte,7.9,0.1,3,0
NOV-01600,57,49.02,0,0,18,annuel,prelevement,9.1,0.0,1,0
NOV-01601,70,103.2,3,0,20,annuel,carte,8.7,0.1,4,1
NOV-01602,5,106.22,0,0,15,mensuel,carte,9.3,0.05,3,0
NOV-01603,55,,0,0,20,annuel,carte,7.5,0.0,3,0
NOV-01604,57,76.7,3,0,24,annuel,prelevement,4.6,0.0,3,0
NOV-01605,21,112.03,0,1,18,annuel,carte,5.8,0.05,2,0
NOV-01606,60,105.43,1,0,30,annuel,prelevement,4.6,0.0,2,0
NOV-01607,15,21.74,5,0,22,mensuel,prelevement,,0.1,4,0
NOV-01608,16,122.78,2,0,17,mensuel,carte,7.1,0.1,3,0
NOV-01609,59,33.71,4,0,15,annuel,prelevement,7.2,0.0,4,1
NOV-01610,37,110.47,1,0,15,annuel,carte,5.2,0.0,4,1
NOV-01611,27,89.43,4,0,25,mensuel,carte,5.8,0.0,1,0
NOV-01612,17,46.76,2,0,19,annuel,prelevement,6.3,0.05,1,0
NOV-01613,47,88.19,2,0,11,annuel,carte,4.9,0.0,2,0
NOV-01614,5,77.41,1,0,19,bisannuel,prelevement,4.8,0.2,2,0
NOV-01615,42,138.15,1,0,20,mensuel,carte,6.6,0.05,3,1
NOV-01616,32,64.28,3,1,23,mensuel,carte,5.7,0.0,1,0
NOV-01617,58,127.67,3,1,26,mensuel,carte,5.4,0.05,4,1
NOV-01618,7,84.74,2,0,10,mensuel,carte,7.8,0.0,3,0
NOV-01619,18,106.43,3,1,15,mensuel,prelevement,7.6,0.0,3,0
NOV-01620,35,39.27,1,0,16,mensuel,carte,8.0,0.0,4,0
NOV-01621,34,27.97,1,0,19,annuel,virement,8.2,0.0,2,0
NOV-01622,51,68.36,1,1,21,annuel,prelevement,9.5,0.05,3,0
NOV-01623,2,23.04,1,0,14,mensuel,carte,9.1,0.0,3,0
NOV-01624,64,136.55,1,1,19,mensuel,prelevement,7.9,0.0,1,0
NOV-01625,37,34.1,3,1,20,bisannuel,carte,6.8,0.05,2,0
NOV-01626,31,62.64,6,0,22,mensuel,carte,7.9,0.1,3,0
NOV-01627,43,135.84,0,2,19,annuel,prelevement,8.6,0.0,1,1
NOV-01628,26,41.32,0,1,17,annuel,virement,4.0,0.0,1,0
NOV-01629,13,53.96,2,0,17,mensuel,prelevement,6.7,0.05,1,0
NOV-01630,22,27.06,3,1,25,mensuel,prelevement,8.4,0.05,1,0
NOV-01631,26,121.06,0,2,25,annuel,carte,7.6,0.0,4,0
NOV-01632,21,,2,0,14,bisannuel,carte,8.1,0.0,1,0
NOV-01633,62,116.81,1,0,21,bisannuel,carte,4.3,0.0,1,0
NOV-01634,10,54.35,1,0,16,mensuel,prelevement,7.8,0.1,4,0
NOV-01635,29,37.11,1,0,16,mensuel,carte,5.8,0.1,1,1
NOV-01636,60,111.54,1,0,23,annuel,virement,8.9,0.0,1,0
NOV-01637,18,130.97,0,0,14,mensuel,prelevement,6.2,0.05,3,0
NOV-01638,16,22.23,2,2,17,mensuel,prelevement,10.0,0.0,2,0
NOV-01639,29,115.5,4,0,18,annuel,prelevement,5.3,0.0,2,0
NOV-01640,2,43.64,2,3,17,mensuel,carte,7.2,0.1,4,0
NOV-01641,15,66.06,2,1,20,mensuel,carte,6.3,0.05,1,0
NOV-01642,47,57.23,2,0,22,mensuel,prelevement,10.0,0.1,3,0
NOV-01643,44,36.52,0,0,21,bisannuel,virement,7.6,0.1,3,0
NOV-01644,44,35.6,2,1,17,mensuel,carte,8.4,0.1,3,0
NOV-01645,72,71.66,2,0,14,bisannuel,prelevement,,0.0,4,0
NOV-01646,66,24.42,0,0,13,annuel,carte,8.3,0.1,4,0
NOV-01647,7,139.89,1,0,25,bisannuel,prelevement,6.8,0.1,4,0
NOV-01648,54,91.58,2,0,22,mensuel,prelevement,5.6,0.05,4,0
NOV-01649,58,70.96,3,0,13,bisannuel,prelevement,6.9,0.0,2,0
NOV-01650,54,123.91,1,0,13,mensuel,prelevement,7.3,0.1,4,0
NOV-01651,19,45.73,2,1,22,mensuel,prelevement,3.9,0.2,4,0
NOV-01652,31,117.69,2,1,17,mensuel,prelevement,7.4,0.1,1,1
NOV-01653,41,127.71,2,0,15,mensuel,carte,9.9,0.0,1,0
NOV-01654,34,47.1,2,0,20,mensuel,carte,5.8,0.0,3,0
NOV-01655,21,90.54,1,0,15,mensuel,prelevement,7.3,0.0,2,0
NOV-01656,22,90.53,1,0,18,annuel,carte,5.6,0.05,3,0
NOV-01657,55,95.92,0,1,18,mensuel,carte,7.3,0.0,4,0
NOV-01658,15,55.16,4,0,16,annuel,carte,7.4,0.1,1,1
NOV-01659,11,55.04,4,0,13,mensuel,prelevement,8.0,0.0,3,0
NOV-01660,45,119.7,0,0,19,annuel,carte,9.8,0.1,4,0
NOV-01661,42,65.26,1,0,23,mensuel,carte,5.8,0.0,1,0
NOV-01662,32,95.78,0,0,15,annuel,prelevement,6.5,0.1,1,0
NOV-01663,3,98.19,1,0,20,annuel,prelevement,5.7,0.0,3,0
NOV-01664,9,134.19,0,0,17,mensuel,prelevement,7.4,0.1,4,0
NOV-01665,60,81.44,4,0,12,annuel,carte,8.2,0.0,3,0
NOV-01666,46,27.88,1,0,21,mensuel,prelevement,7.9,0.0,4,0
NOV-01667,41,112.0,1,1,12,mensuel,prelevement,8.8,0.0,1,0
NOV-01668,27,148.87,2,1,17,mensuel,carte,5.9,0.0,1,0
NOV-01669,38,47.04,2,0,16,mensuel,carte,5.0,0.0,3,1
NOV-01670,55,27.09,1,0,21,mensuel,carte,6.3,0.05,1,0
NOV-01671,2,68.53,1,0,15,mensuel,prelevement,6.3,0.0,4,0
NOV-01672,63,130.07,1,0,20,mensuel,carte,6.5,0.1,4,0
NOV-01673,71,69.66,4,1,11,annuel,prelevement,6.7,0.05,1,0
NOV-01674,11,20.17,1,0,22,mensuel,virement,7.7,0.0,1,0
NOV-01675,6,98.42,3,0,15,mensuel,carte,8.8,0.0,4,1
NOV-01676,58,70.25,1,1,16,mensuel,prelevement,8.8,0.0,3,0
NOV-01677,57,73.75,0,0,14,mensuel,prelevement,9.5,0.1,2,0
NOV-01678,21,107.44,0,0,19,annuel,carte,2.2,0.0,2,0
NOV-01679,33,139.26,2,1,21,mensuel,carte,5.3,0.0,3,1
NOV-01680,60,134.4,3,0,20,mensuel,carte,5.9,0.05,2,1
NOV-01681,65,147.96,2,1,11,bisannuel,virement,6.8,0.0,2,1
NOV-01682,49,113.63,1,0,19,annuel,prelevement,8.3,0.0,2,0
NOV-01683,29,69.37,1,1,29,annuel,carte,,0.1,1,0
NOV-01684,4,75.57,1,1,19,mensuel,virement,6.8,0.2,2,0
NOV-01685,2,91.83,1,1,18,annuel,carte,5.8,0.05,2,0
NOV-01686,31,100.3,0,1,16,mensuel,prelevement,7.0,0.0,1,0
NOV-01687,44,23.82,2,0,17,mensuel,virement,6.3,0.05,2,0
NOV-01688,24,31.46,1,1,22,bisannuel,prelevement,7.4,0.0,1,0
NOV-01689,1,24.81,0,0,22,bisannuel,carte,8.0,0.05,4,1
NOV-01690,6,122.86,0,0,19,mensuel,prelevement,4.4,0.05,1,0
NOV-01691,6,144.14,1,0,16,annuel,carte,5.0,0.1,1,1
NOV-01692,55,97.12,2,0,13,mensuel,prelevement,4.7,0.05,3,0
NOV-01693,2,39.78,4,0,18,annuel,carte,9.6,0.0,1,0
NOV-01694,37,135.47,1,2,20,annuel,virement,5.4,0.0,3,1
NOV-01695,60,114.32,2,0,17,annuel,virement,5.1,0.1,3,0
NOV-01696,48,93.24,2,0,19,annuel,virement,5.6,0.0,1,0
NOV-01697,64,29.18,1,1,19,mensuel,prelevement,6.2,0.1,1,0
NOV-01698,72,35.21,2,1,18,annuel,virement,4.6,0.1,3,0
NOV-01699,65,148.67,2,0,18,annuel,prelevement,8.1,0.0,1,0
NOV-01700,4,73.94,2,0,18,bisannuel,prelevement,10.0,0.0,4,0
NOV-01701,3,23.69,5,0,16,bisannuel,carte,,0.05,1,0
NOV-01702,4,,3,0,11,annuel,prelevement,9.0,0.2,2,1
NOV-01703,6,118.81,2,0,16,bisannuel,carte,6.8,0.0,2,0
NOV-01704,2,22.63,1,0,14,mensuel,virement,6.3,0.1,1,1
NOV-01705,9,24.16,2,0,15,mensuel,prelevement,3.0,0.05,4,0
NOV-01706,45,87.25,1,2,17,annuel,prelevement,3.9,0.05,4,0
NOV-01707,72,25.45,2,0,13,mensuel,carte,8.8,0.1,1,0
NOV-01708,67,127.98,1,0,21,annuel,prelevement,7.1,0.0,4,0
NOV-01709,41,30.28,0,0,13,annuel,virement,9.0,0.0,3,0
NOV-01710,70,57.24,3,1,17,bisannuel,prelevement,7.3,0.1,1,0
NOV-01711,71,111.9,1,0,19,mensuel,prelevement,10.0,0.05,1,0
NOV-01712,58,62.19,1,0,19,bisannuel,virement,6.9,0.0,2,0
NOV-01713,8,62.12,0,0,23,mensuel,prelevement,6.0,0.0,2,0
NOV-01714,67,139.03,0,1,19,mensuel,prelevement,5.5,0.05,1,0
NOV-01715,62,133.28,0,0,11,mensuel,virement,6.5,0.0,2,0
NOV-01716,34,76.39,0,0,20,mensuel,prelevement,7.5,0.0,1,0
NOV-01717,69,98.57,2,0,25,mensuel,carte,6.9,0.0,1,0
NOV-01718,25,42.2,1,1,15,annuel,carte,4.9,0.0,1,0
NOV-01719,1,140.87,1,1,14,mensuel,carte,8.5,0.1,3,0
NOV-01720,45,129.22,1,0,16,annuel,carte,8.3,0.05,2,0
NOV-01721,28,127.37,1,0,15,mensuel,prelevement,9.1,0.1,2,0
NOV-01722,29,93.53,1,0,17,annuel,prelevement,5.5,0.05,4,0
NOV-01723,14,122.31,1,0,17,annuel,prelevement,5.9,0.0,2,0
NOV-01724,6,80.06,2,0,13,mensuel,carte,,0.05,1,0
NOV-01725,23,,2,1,23,mensuel,carte,7.0,0.0,2,1
NOV-01726,1,129.48,1,0,19,annuel,prelevement,8.3,0.0,1,0
NOV-01727,57,80.93,3,3,19,mensuel,prelevement,6.9,0.1,1,0
NOV-01728,1,139.82,0,0,24,mensuel,prelevement,7.7,0.05,3,0
NOV-01729,16,91.65,1,0,23,annuel,carte,3.3,0.0,2,0
NOV-01730,8,128.99,0,0,11,annuel,carte,9.4,0.05,1,0
NOV-01731,15,,0,0,18,annuel,prelevement,6.1,0.0,2,1
NOV-01732,48,133.47,1,1,14,mensuel,prelevement,7.2,0.1,4,0
NOV-01733,41,84.26,0,0,27,bisannuel,prelevement,7.7,0.0,1,0
NOV-01734,47,98.7,1,0,19,mensuel,carte,7.3,0.0,1,0
NOV-01735,68,20.07,3,0,20,annuel,prelevement,4.1,0.0,4,0
NOV-01736,41,86.81,3,1,18,mensuel,prelevement,,0.0,2,0
NOV-01737,72,106.87,1,0,14,mensuel,carte,7.7,0.0,3,0
NOV-01738,14,28.11,1,0,16,mensuel,virement,7.7,0.2,1,0
NOV-01739,48,24.43,1,2,13,bisannuel,prelevement,4.7,0.0,4,0
NOV-01740,43,95.72,4,2,18,mensuel,prelevement,3.8,0.05,4,1
NOV-01741,9,30.83,2,0,13,mensuel,prelevement,5.5,0.05,3,0
NOV-01742,21,133.92,1,1,18,mensuel,prelevement,5.6,0.0,3,0
NOV-01743,43,84.41,2,0,30,mensuel,prelevement,9.3,0.0,1,0
NOV-01744,37,55.77,0,1,13,mensuel,prelevement,8.0,0.0,1,0
NOV-01745,7,28.45,1,0,13,mensuel,carte,8.0,0.05,3,0
NOV-01746,40,,0,1,13,bisannuel,carte,7.3,0.1,1,0
NOV-01747,69,112.11,2,0,15,mensuel,carte,8.9,0.0,4,0
NOV-01748,56,106.77,1,0,20,mensuel,prelevement,8.3,0.0,2,0
NOV-01749,32,113.81,6,0,24,annuel,prelevement,6.3,0.05,4,0
NOV-01750,22,82.72,1,0,18,annuel,carte,7.1,0.0,3,0
NOV-01751,8,106.23,3,0,21,mensuel,prelevement,7.1,0.0,1,1
NOV-01752,16,39.79,0,0,24,mensuel,carte,9.8,0.1,4,0
NOV-01753,56,78.06,1,0,19,mensuel,prelevement,10.0,0.0,4,0
NOV-01754,53,69.45,3,0,17,mensuel,carte,9.0,0.1,4,0
NOV-01755,42,137.56,3,1,20,annuel,carte,8.6,0.0,1,0
NOV-01756,72,142.33,0,0,20,annuel,prelevement,10.0,0.0,1,0
NOV-01757,65,63.75,0,0,11,annuel,prelevement,5.0,0.05,1,0
NOV-01758,54,39.24,0,1,14,bisannuel,prelevement,8.4,0.2,2,0
NOV-01759,34,34.54,3,0,15,mensuel,prelevement,9.3,0.1,2,0
NOV-01760,5,55.67,0,0,23,annuel,prelevement,9.2,0.0,2,0
NOV-01761,69,120.04,1,0,30,annuel,prelevement,10.0,0.05,1,0
NOV-01762,59,,0,0,14,mensuel,prelevement,9.0,0.0,4,0
NOV-01763,5,135.78,2,1,13,mensuel,prelevement,8.5,0.0,1,0
NOV-01764,38,101.43,1,1,20,mensuel,prelevement,6.7,0.05,4,0
NOV-01765,62,133.37,1,0,25,annuel,prelevement,6.1,0.05,2,0
NOV-01766,71,92.43,0,0,23,mensuel,carte,7.3,0.0,4,0
NOV-01767,22,45.43,4,0,16,annuel,prelevement,7.7,0.0,3,0
NOV-01768,9,87.79,1,0,20,mensuel,prelevement,5.7,0.0,2,1
NOV-01769,50,69.57,3,0,14,mensuel,carte,8.1,0.1,2,0
NOV-01770,45,123.88,3,1,14,annuel,prelevement,6.0,0.0,1,0
NOV-01771,22,131.11,2,0,15,annuel,prelevement,6.9,0.05,4,0
NOV-01772,10,109.05,1,0,21,mensuel,prelevement,6.3,0.1,2,0
NOV-01773,14,127.56,0,0,18,mensuel,carte,6.0,0.1,3,0
NOV-01774,40,61.29,0,0,13,annuel,prelevement,8.9,0.0,2,0
NOV-01775,29,33.58,0,0,20,mensuel,carte,6.8,0.1,1,0
NOV-01776,20,144.4,0,0,17,mensuel,prelevement,8.2,0.05,4,0
NOV-01777,52,22.91,3,0,25,annuel,carte,7.8,0.05,4,0
NOV-01778,52,137.49,3,1,19,annuel,prelevement,9.8,0.1,2,0
NOV-01779,60,92.23,0,0,22,mensuel,prelevement,7.5,0.1,1,0
NOV-01780,28,125.48,1,0,25,mensuel,prelevement,9.9,0.05,3,0
NOV-01781,72,85.66,1,0,17,mensuel,carte,6.0,0.1,4,0
NOV-01782,20,113.8,2,0,14,annuel,prelevement,6.0,0.0,4,0
NOV-01783,46,139.07,5,0,14,annuel,carte,9.4,0.0,4,0
NOV-01784,60,35.83,1,0,12,annuel,prelevement,6.2,0.0,2,0
NOV-01785,37,81.76,0,0,17,bisannuel,carte,6.4,0.05,1,0
NOV-01786,3,49.58,0,1,31,annuel,prelevement,5.4,0.0,1,0
NOV-01787,35,67.53,4,1,16,mensuel,prelevement,7.2,0.1,4,0
NOV-01788,52,111.74,2,0,15,mensuel,prelevement,9.3,0.05,2,0
NOV-01789,8,78.44,3,1,17,mensuel,carte,8.6,0.05,4,0
NOV-01790,41,91.29,4,0,21,mensuel,prelevement,8.5,0.1,4,0
NOV-01791,46,79.1,1,0,14,mensuel,prelevement,8.0,0.1,1,0
NOV-01792,58,119.39,1,0,20,annuel,carte,6.9,0.0,1,0
NOV-01793,52,127.32,0,2,14,mensuel,prelevement,7.8,0.05,1,0
NOV-01794,21,65.83,0,0,14,bisannuel,prelevement,7.8,0.2,4,0
NOV-01795,72,86.09,3,0,19,bisannuel,prelevement,6.5,0.1,1,0
NOV-01796,29,20.95,2,1,12,bisannuel,prelevement,5.8,0.1,3,0
NOV-01797,25,42.0,1,1,15,mensuel,carte,7.0,0.0,3,0
NOV-01798,57,85.4,2,0,18,mensuel,carte,6.5,0.1,3,0
NOV-01799,19,106.06,2,0,21,mensuel,prelevement,8.2,0.05,2,0
NOV-01800,38,57.39,1,0,15,annuel,carte,6.6,0.1,4,0
NOV-01801,43,24.56,2,1,18,bisannuel,prelevement,8.9,0.05,3,0
NOV-01802,5,98.02,1,0,17,mensuel,carte,9.4,0.2,3,0
NOV-01803,32,39.65,1,0,9,annuel,prelevement,9.1,0.05,2,0
NOV-01804,71,50.05,3,2,10,mensuel,prelevement,7.4,0.0,2,0
NOV-01805,50,59.93,1,0,18,mensuel,prelevement,4.9,0.0,2,1
NOV-01806,50,130.81,0,0,16,annuel,prelevement,8.0,0.05,3,0
NOV-01807,25,60.48,1,1,16,annuel,carte,6.4,0.0,2,0
NOV-01808,22,131.89,1,0,19,mensuel,prelevement,8.1,0.05,2,0
NOV-01809,69,27.13,0,1,23,bisannuel,carte,4.5,0.0,2,0
NOV-01810,56,34.9,1,0,20,mensuel,prelevement,5.8,0.0,4,0
NOV-01811,18,115.62,0,0,21,mensuel,carte,6.7,0.0,4,0
NOV-01812,21,132.26,0,0,19,mensuel,carte,4.6,0.1,2,0
NOV-01813,61,71.86,1,0,20,annuel,prelevement,6.5,0.05,2,0
NOV-01814,66,125.33,2,1,16,bisannuel,prelevement,7.1,0.0,1,0
NOV-01815,69,77.21,3,1,21,annuel,carte,8.6,0.2,1,0
NOV-01816,35,74.73,1,0,18,mensuel,prelevement,5.7,0.0,3,0
NOV-01817,34,97.38,1,0,21,mensuel,prelevement,6.0,0.0,4,0
NOV-01818,59,107.67,0,1,9,mensuel,prelevement,7.8,0.0,4,0
NOV-01819,43,119.92,2,0,25,mensuel,prelevement,8.0,0.1,2,0
NOV-01820,40,85.27,1,1,22,bisannuel,carte,10.0,0.0,2,0
NOV-01821,64,132.0,4,0,17,mensuel,prelevement,7.6,0.1,1,1
NOV-01822,10,92.38,1,0,17,mensuel,virement,7.9,0.1,2,0
NOV-01823,52,86.47,2,0,12,bisannuel,carte,8.3,0.0,1,0
NOV-01824,51,63.23,2,2,23,mensuel,carte,10.0,0.1,2,0
NOV-01825,1,93.05,1,0,15,annuel,carte,3.3,0.05,1,0
NOV-01826,6,67.3,1,0,28,bisannuel,prelevement,10.0,0.0,1,0
NOV-01827,21,77.64,2,0,16,mensuel,carte,4.7,0.2,4,1
NOV-01828,21,50.45,2,0,18,mensuel,carte,6.0,0.0,3,0
NOV-01829,17,59.85,0,0,16,mensuel,prelevement,8.0,0.0,1,0
NOV-01830,70,99.87,1,0,13,annuel,carte,5.4,0.0,2,1
NOV-01831,39,115.59,0,0,18,mensuel,prelevement,5.9,0.0,2,0
NOV-01832,57,108.84,0,1,14,mensuel,prelevement,7.3,0.0,4,0
NOV-01833,50,128.95,2,0,22,mensuel,virement,5.2,0.0,3,0
NOV-01834,30,134.75,1,0,21,bisannuel,prelevement,8.4,0.0,2,0
NOV-01835,62,52.12,3,0,24,annuel,carte,3.8,0.0,2,0
NOV-01836,49,141.45,0,0,18,mensuel,prelevement,6.7,0.0,3,0
NOV-01837,64,107.88,2,0,17,annuel,prelevement,8.4,0.0,4,1
NOV-01838,67,30.47,2,0,16,bisannuel,virement,4.9,0.05,4,0
NOV-01839,8,29.41,0,0,15,mensuel,carte,7.9,0.0,1,0
NOV-01840,46,45.9,2,0,12,mensuel,prelevement,7.5,0.1,4,0
NOV-01841,27,121.96,0,0,20,mensuel,carte,9.2,0.0,4,0
NOV-01842,55,19.84,4,0,17,bisannuel,prelevement,7.5,0.0,3,0
NOV-01843,40,76.39,2,0,16,mensuel,prelevement,7.0,0.0,4,0
NOV-01844,1,102.48,1,0,21,mensuel,prelevement,6.8,0.0,4,0
NOV-01845,32,97.8,1,0,15,mensuel,prelevement,5.8,0.0,2,0
NOV-01846,2,38.32,2,0,22,annuel,carte,5.6,0.0,3,0
NOV-01847,27,36.66,2,2,19,annuel,prelevement,4.7,0.05,3,1
NOV-01848,33,44.6,2,0,19,bisannuel,prelevement,5.3,0.0,2,0
NOV-01849,67,34.08,0,0,18,mensuel,carte,9.3,0.0,3,0
NOV-01850,34,73.08,3,0,20,bisannuel,prelevement,7.6,0.1,4,0
NOV-01851,38,51.06,2,0,18,bisannuel,carte,5.5,0.0,2,0
NOV-01852,39,101.05,2,1,23,annuel,carte,7.3,0.1,4,0
NOV-01853,34,118.77,2,0,20,mensuel,prelevement,5.0,0.05,4,0
NOV-01854,15,36.46,2,1,18,mensuel,carte,10.0,0.0,1,0
NOV-01855,69,48.77,1,0,16,mensuel,prelevement,8.3,0.0,1,0
NOV-01856,42,134.8,1,0,20,annuel,prelevement,7.2,0.0,3,0
NOV-01857,57,87.26,1,0,25,annuel,virement,5.4,0.0,4,0
NOV-01858,64,109.51,1,1,18,mensuel,virement,7.8,0.1,2,0
NOV-01859,2,56.69,2,0,22,annuel,prelevement,6.2,0.0,2,0
NOV-01860,58,142.74,0,0,19,mensuel,prelevement,4.7,0.05,2,0
NOV-01861,17,48.33,1,1,13,annuel,prelevement,5.9,0.0,2,0
NOV-01862,1,44.42,2,0,14,bisannuel,carte,9.9,0.1,2,0
NOV-01863,36,130.82,1,0,17,mensuel,prelevement,3.6,0.0,4,0
NOV-01864,43,140.75,0,1,18,annuel,carte,6.2,0.0,4,0
NOV-01865,23,69.0,3,0,10,mensuel,prelevement,6.6,0.0,1,1
NOV-01866,64,133.91,0,1,14,annuel,carte,8.4,0.05,1,0
NOV-01867,53,118.57,3,0,22,mensuel,carte,6.1,0.05,3,1
NOV-01868,42,53.99,0,0,12,bisannuel,carte,10.0,0.1,2,0
NOV-01869,59,128.6,1,1,15,mensuel,prelevement,8.3,0.0,4,0
NOV-01870,52,133.27,1,1,17,annuel,carte,4.5,0.05,1,0
NOV-01871,56,70.5,4,0,15,mensuel,virement,8.8,0.1,2,0
NOV-01872,11,119.78,1,0,19,mensuel,carte,8.9,0.0,3,0
NOV-01873,17,30.11,1,0,20,annuel,prelevement,4.0,0.0,1,0
NOV-01874,26,21.31,1,0,20,annuel,prelevement,6.2,0.1,1,0
NOV-01875,40,97.5,2,1,18,mensuel,prelevement,7.7,0.1,2,0
NOV-01876,37,92.91,1,0,21,annuel,carte,10.0,0.0,3,0
NOV-01877,36,104.8,1,1,21,mensuel,prelevement,9.0,0.1,4,1
NOV-01878,17,30.9,2,0,11,mensuel,prelevement,6.7,0.0,2,0
NOV-01879,7,51.65,1,0,14,annuel,prelevement,6.5,0.1,2,0
NOV-01880,59,147.46,0,0,19,mensuel,carte,7.2,0.0,1,0
NOV-01881,65,114.46,1,0,24,bisannuel,prelevement,8.1,0.0,2,0
NOV-01882,44,96.54,0,1,21,annuel,prelevement,5.7,0.2,2,0
NOV-01883,4,98.35,1,0,21,mensuel,virement,5.1,0.05,4,1
NOV-01884,26,136.91,1,0,17,mensuel,prelevement,10.0,0.05,3,0
NOV-01885,42,58.39,1,0,22,bisannuel,carte,10.0,0.05,4,0
NOV-01886,72,82.81,2,0,20,mensuel,prelevement,,0.2,4,0
NOV-01887,38,88.6,0,1,16,annuel,prelevement,6.7,0.05,2,0
NOV-01888,57,92.47,2,0,11,mensuel,carte,7.8,0.1,4,0
NOV-01889,43,54.0,0,1,19,mensuel,prelevement,8.0,0.0,2,0
NOV-01890,6,26.91,2,0,14,mensuel,carte,8.3,0.0,4,0
NOV-01891,18,61.91,1,1,19,mensuel,carte,6.1,0.0,2,0
NOV-01892,59,124.56,3,1,20,mensuel,virement,10.0,0.0,2,0
NOV-01893,2,133.72,2,0,19,mensuel,prelevement,7.2,0.0,3,1
NOV-01894,46,57.08,2,1,25,mensuel,virement,5.7,0.0,4,0
NOV-01895,16,58.19,3,1,14,annuel,carte,7.5,0.0,2,0
NOV-01896,45,70.53,0,1,20,annuel,prelevement,5.9,0.0,2,0
NOV-01897,42,78.08,4,0,23,bisannuel,carte,7.7,0.0,2,0
NOV-01898,30,52.61,2,0,15,mensuel,carte,6.1,0.0,4,0
NOV-01899,44,35.0,3,0,16,annuel,virement,6.6,0.2,4,0
NOV-01900,35,141.1,1,0,27,annuel,virement,7.6,0.0,2,0
NOV-01901,70,43.97,3,0,16,mensuel,prelevement,4.4,0.2,4,1
NOV-01902,11,133.07,1,0,21,mensuel,carte,7.0,0.05,3,0
NOV-01903,6,97.96,3,1,19,mensuel,prelevement,6.3,0.1,3,0
NOV-01904,63,85.72,1,1,20,bisannuel,prelevement,8.4,0.0,2,0
NOV-01905,13,41.82,1,0,12,annuel,carte,9.0,0.0,1,0
NOV-01906,51,91.18,1,1,20,annuel,carte,6.8,0.05,4,0
NOV-01907,6,73.65,1,1,25,mensuel,prelevement,7.1,0.0,3,0
NOV-01908,42,108.88,0,0,22,mensuel,carte,5.3,0.1,4,0
NOV-01909,55,75.72,1,2,21,annuel,carte,4.5,0.0,3,0
NOV-01910,57,82.05,0,0,16,annuel,carte,10.0,0.0,3,0
NOV-01911,44,59.64,3,0,19,mensuel,carte,8.9,0.05,2,0
NOV-01912,71,90.77,2,0,16,mensuel,carte,8.0,0.2,2,0
NOV-01913,15,133.75,2,0,24,mensuel,prelevement,7.5,0.0,1,0
NOV-01914,31,57.81,3,1,15,bisannuel,prelevement,3.6,0.05,2,0
NOV-01915,8,133.5,1,0,17,annuel,carte,5.2,0.0,4,1
NOV-01916,46,118.24,3,0,20,annuel,carte,7.5,0.0,2,0
NOV-01917,34,52.47,1,0,25,mensuel,virement,4.6,0.05,2,0
NOV-01918,4,79.98,1,0,22,mensuel,prelevement,5.9,0.05,1,0
NOV-01919,1,96.08,0,0,13,mensuel,carte,7.8,0.0,3,1
NOV-01920,23,51.98,2,0,16,mensuel,prelevement,6.8,0.0,4,0
NOV-01921,28,78.24,3,0,18,mensuel,prelevement,5.9,0.2,2,0
NOV-01922,53,105.07,1,0,15,mensuel,carte,5.6,0.05,4,0
NOV-01923,7,100.82,1,2,15,annuel,prelevement,4.0,0.0,4,1
NOV-01924,72,110.21,1,0,23,bisannuel,prelevement,9.0,0.0,3,0
NOV-01925,36,40.86,1,1,16,mensuel,carte,4.9,0.0,2,1
NOV-01926,10,47.6,2,0,19,mensuel,prelevement,8.3,0.0,2,0
NOV-01927,42,31.29,1,0,14,bisannuel,carte,5.1,0.0,4,0
NOV-01928,6,34.29,1,0,6,annuel,carte,7.2,0.05,1,0
NOV-01929,61,55.99,2,2,13,annuel,prelevement,10.0,0.2,4,0
NOV-01930,60,,4,0,13,annuel,prelevement,6.8,0.1,1,1
NOV-01931,57,39.41,2,1,20,annuel,prelevement,6.0,0.05,2,0
NOV-01932,45,37.14,4,0,14,mensuel,prelevement,6.9,0.1,1,1
NOV-01933,69,133.85,1,0,17,annuel,carte,6.1,0.05,2,0
NOV-01934,26,108.42,1,1,17,annuel,prelevement,8.2,0.05,1,0
NOV-01935,5,38.31,0,0,13,mensuel,prelevement,3.9,0.05,4,0
NOV-01936,15,25.07,3,1,23,bisannuel,carte,5.5,0.1,1,0
NOV-01937,71,131.79,1,0,21,mensuel,carte,6.9,0.0,2,0
NOV-01938,62,52.83,4,2,17,mensuel,prelevement,5.9,0.05,2,1
NOV-01939,46,54.23,3,0,16,bisannuel,carte,6.0,0.05,1,0
NOV-01940,40,71.07,1,0,12,mensuel,prelevement,6.0,0.05,1,1
NOV-01941,31,20.55,3,0,18,mensuel,carte,8.0,0.0,4,0
NOV-01942,30,68.78,1,0,15,mensuel,carte,7.8,0.05,4,1
NOV-01943,39,111.34,2,2,17,mensuel,virement,4.4,0.2,1,1
NOV-01944,39,75.35,0,1,22,mensuel,prelevement,9.1,0.2,2,0
NOV-01945,6,27.71,3,0,26,annuel,carte,6.6,0.1,1,0
NOV-01946,52,133.83,2,0,22,annuel,carte,7.2,0.0,2,1
NOV-01947,65,84.61,3,0,13,annuel,virement,8.0,0.0,1,0
NOV-01948,2,29.54,0,1,20,mensuel,prelevement,10.0,0.05,1,0
NOV-01949,30,45.36,1,0,19,mensuel,carte,6.6,0.0,3,1
NOV-01950,23,,4,0,20,annuel,virement,6.3,0.0,3,1
NOV-01951,30,96.48,0,1,19,mensuel,prelevement,7.3,0.1,1,0
NOV-01952,60,98.65,4,0,13,annuel,prelevement,6.0,0.0,1,0
NOV-01953,69,124.73,0,0,17,bisannuel,prelevement,7.7,0.05,3,0
NOV-01954,64,94.44,0,1,17,annuel,prelevement,6.6,0.05,2,0
NOV-01955,8,109.0,2,1,20,mensuel,prelevement,4.3,0.0,1,0
NOV-01956,39,51.62,0,1,10,mensuel,prelevement,4.6,0.0,1,0
NOV-01957,45,63.4,3,0,23,bisannuel,prelevement,7.6,0.1,2,0
NOV-01958,65,37.84,2,0,16,mensuel,prelevement,8.9,0.0,3,0
NOV-01959,72,40.06,1,1,21,mensuel,carte,4.7,0.0,2,0
NOV-01960,20,26.51,2,0,17,annuel,carte,8.1,0.0,2,0
NOV-01961,18,131.42,3,0,23,annuel,carte,10.0,0.2,2,0
NOV-01962,38,66.03,1,0,12,annuel,prelevement,6.3,0.1,2,0
NOV-01963,34,54.39,2,0,14,mensuel,carte,6.1,0.0,1,1
NOV-01964,17,23.55,1,0,15,mensuel,prelevement,9.5,0.0,4,0
NOV-01965,70,29.44,2,0,17,bisannuel,carte,6.8,0.0,1,0
NOV-01966,36,25.56,2,1,25,annuel,prelevement,7.1,0.1,4,0
NOV-01967,67,111.35,3,0,20,annuel,prelevement,7.6,0.0,3,0
NOV-01968,45,44.77,1,0,15,mensuel,prelevement,7.7,0.1,2,0
NOV-01969,24,136.53,0,1,15,mensuel,prelevement,8.5,0.1,1,0
NOV-01970,67,34.09,1,1,12,bisannuel,prelevement,9.9,0.0,2,0
NOV-01971,47,64.12,1,0,29,bisannuel,carte,9.2,0.0,1,0
NOV-01972,26,94.55,2,0,8,mensuel,carte,8.8,0.05,4,1
NOV-01973,61,31.57,2,1,16,mensuel,prelevement,10.0,0.0,1,0
NOV-01974,9,27.32,4,2,19,bisannuel,prelevement,9.2,0.0,4,0
NOV-01975,72,28.66,0,0,25,mensuel,carte,8.5,0.0,2,1
NOV-01976,14,117.37,3,0,19,mensuel,virement,6.2,0.1,2,0
NOV-01977,59,63.43,1,0,14,mensuel,virement,6.4,0.05,4,0
NOV-01978,65,81.19,0,0,19,annuel,prelevement,8.7,0.2,2,0
NOV-01979,31,52.78,1,0,16,mensuel,carte,7.7,0.1,3,0
NOV-01980,52,141.41,1,0,11,bisannuel,carte,5.5,0.1,3,0
NOV-01981,21,112.14,3,0,20,mensuel,prelevement,7.5,0.0,2,0
NOV-01982,63,71.71,1,0,11,mensuel,carte,6.2,0.0,4,0
NOV-01983,57,115.61,1,1,23,mensuel,prelevement,10.0,0.0,1,0
NOV-01984,49,45.14,1,0,18,mensuel,prelevement,4.7,0.1,2,0
NOV-01985,37,75.76,1,1,22,mensuel,carte,6.4,0.05,1,1
NOV-01986,62,138.67,2,1,20,bisannuel,virement,4.5,0.05,4,0
NOV-01987,71,42.01,2,1,14,mensuel,virement,7.2,0.0,2,0
NOV-01988,46,106.67,4,0,21,mensuel,carte,7.7,0.1,3,1
NOV-01989,5,133.05,1,0,21,annuel,carte,9.7,0.0,2,0
NOV-01990,55,131.99,2,2,23,bisannuel,prelevement,7.8,0.1,3,0
NOV-01991,43,110.75,0,0,23,mensuel,prelevement,8.8,0.0,1,0
NOV-01992,60,48.39,0,1,15,bisannuel,virement,7.1,0.0,1,0
NOV-01993,13,75.62,1,0,20,mensuel,carte,6.5,0.1,1,1
NOV-01994,27,32.87,1,3,20,mensuel,prelevement,9.3,0.05,2,0
NOV-01995,15,121.75,1,1,17,bisannuel,virement,9.3,0.1,2,0
NOV-01996,33,57.79,2,1,15,mensuel,prelevement,9.0,0.0,2,0
NOV-01997,35,110.43,2,0,21,mensuel,prelevement,9.2,0.0,1,0
NOV-01998,51,30.25,1,0,19,mensuel,prelevement,6.1,0.1,3,0
NOV-01999,34,118.9,0,0,26,annuel,carte,6.9,0.05,1,0
NOV-02000,12,47.14,0,0,18,annuel,prelevement,7.1,0.0,1,0
NOV-02001,49,86.62,0,1,15,mensuel,carte,,0.1,1,0
NOV-02002,55,138.95,2,0,19,bisannuel,carte,5.7,0.1,2,0
NOV-02003,5,90.06,0,0,13,mensuel,prelevement,7.4,0.05,4,0
NOV-02004,44,61.99,1,1,24,mensuel,carte,6.0,0.0,1,0
NOV-02005,56,63.77,3,0,24,annuel,carte,6.5,0.05,2,0
NOV-02006,35,115.63,0,0,17,mensuel,prelevement,10.0,0.0,4,0
NOV-02007,36,66.72,0,1,19,mensuel,virement,9.8,0.0,4,0
NOV-02008,34,105.15,2,0,17,annuel,prelevement,4.0,0.2,4,0
NOV-02009,72,58.83,1,1,25,annuel,carte,6.3,0.0,4,0
NOV-02010,46,139.05,0,0,24,mensuel,carte,3.3,0.0,3,0
NOV-02011,47,112.84,3,2,11,annuel,carte,5.4,0.0,1,0
NOV-02012,53,142.37,4,0,16,annuel,carte,7.2,0.0,3,1
NOV-02013,6,123.03,2,0,9,mensuel,carte,6.8,0.0,4,1
NOV-02014,31,117.82,0,0,18,annuel,carte,6.6,0.05,4,1
NOV-02015,10,71.29,2,0,21,mensuel,prelevement,4.4,0.0,1,1
NOV-02016,46,100.22,2,1,13,mensuel,prelevement,9.7,0.05,4,0
NOV-02017,61,22.56,1,0,26,mensuel,prelevement,5.5,0.05,2,0
NOV-02018,12,50.29,1,0,20,bisannuel,carte,5.9,0.0,1,0
NOV-02019,39,69.25,1,0,18,mensuel,carte,3.8,0.1,4,0
NOV-02020,60,134.38,3,3,20,annuel,carte,8.1,0.2,2,1
NOV-02021,37,114.48,2,0,15,annuel,carte,6.6,0.0,3,0
NOV-02022,59,68.27,2,0,14,annuel,prelevement,4.9,0.05,2,0
NOV-02023,40,148.5,2,3,17,mensuel,prelevement,8.9,0.0,1,0
NOV-02024,70,62.31,0,1,19,mensuel,carte,5.7,0.2,1,0
NOV-02025,55,42.6,2,1,18,mensuel,prelevement,6.7,0.2,4,0
NOV-02026,11,42.68,2,1,16,annuel,prelevement,5.0,0.0,2,1
NOV-02027,54,108.63,1,2,17,mensuel,carte,5.1,0.0,2,0
NOV-02028,71,110.69,4,0,10,mensuel,prelevement,6.6,0.1,4,0
NOV-02029,33,127.42,2,2,17,mensuel,prelevement,8.3,0.2,2,1
NOV-02030,1,30.19,1,0,19,mensuel,carte,4.5,0.0,2,0
NOV-02031,8,93.74,0,0,26,annuel,prelevement,6.2,0.1,2,0
NOV-02032,6,62.67,2,0,23,mensuel,carte,7.3,0.0,3,0
NOV-02033,47,107.63,1,0,15,annuel,carte,8.5,0.0,3,0
NOV-02034,49,119.44,1,1,25,mensuel,virement,9.8,0.0,2,0
NOV-02035,36,61.18,2,2,15,mensuel,prelevement,7.3,0.0,1,0
NOV-02036,33,33.99,0,0,19,mensuel,prelevement,7.7,0.05,3,0
NOV-02037,28,144.15,2,1,13,mensuel,carte,6.5,0.0,1,0
NOV-02038,66,26.95,3,1,10,annuel,prelevement,10.0,0.1,1,0
NOV-02039,5,77.94,1,0,16,mensuel,carte,6.4,0.0,2,0
NOV-02040,59,60.21,1,0,20,mensuel,virement,7.1,0.0,4,0
NOV-02041,41,57.99,2,0,18,mensuel,prelevement,5.3,0.1,2,0
NOV-02042,60,117.52,1,1,18,mensuel,carte,6.6,0.0,1,1
NOV-02043,55,31.46,1,1,20,mensuel,prelevement,6.4,0.0,2,1
NOV-02044,37,35.2,0,0,22,annuel,virement,,0.1,1,0
NOV-02045,66,79.95,2,0,25,bisannuel,carte,10.0,0.1,4,0
NOV-02046,29,98.44,1,0,23,annuel,prelevement,4.6,0.0,2,1
NOV-02047,35,25.0,1,0,15,annuel,prelevement,5.5,0.0,1,0
NOV-02048,70,76.87,2,1,20,annuel,prelevement,5.0,0.0,3,0
NOV-02049,6,39.28,2,0,25,annuel,prelevement,5.6,0.0,3,0
NOV-02050,11,79.58,0,1,13,mensuel,prelevement,8.2,0.0,1,1
NOV-02051,6,52.86,3,0,14,mensuel,prelevement,9.2,0.0,4,0
NOV-02052,13,112.67,2,1,14,mensuel,virement,9.5,0.0,3,0
NOV-02053,34,129.4,3,1,11,bisannuel,carte,7.3,0.0,2,0
NOV-02054,54,79.0,1,0,26,mensuel,carte,5.3,0.0,4,0
NOV-02055,22,128.08,2,2,16,mensuel,virement,,0.1,1,0
NOV-02056,23,88.54,2,1,18,bisannuel,virement,5.4,0.0,2,1
NOV-02057,6,70.05,1,1,19,annuel,prelevement,8.2,0.0,3,0
NOV-02058,14,78.61,0,1,15,mensuel,carte,7.1,0.0,1,0
NOV-02059,63,68.75,0,1,25,annuel,prelevement,6.9,0.0,1,0
NOV-02060,66,22.32,3,0,17,mensuel,carte,7.2,0.1,1,1
NOV-02061,1,65.6,1,0,23,mensuel,prelevement,6.5,0.0,1,0
NOV-02062,35,147.35,1,0,16,mensuel,prelevement,5.1,0.0,2,0
NOV-02063,63,113.52,0,0,22,mensuel,carte,4.5,0.05,2,0
NOV-02064,52,112.15,0,0,20,annuel,prelevement,5.4,0.05,1,0
NOV-02065,34,85.3,2,0,17,bisannuel,prelevement,6.0,0.0,4,1
NOV-02066,50,65.08,3,1,27,mensuel,carte,6.0,0.05,1,0
NOV-02067,4,58.66,2,0,24,mensuel,prelevement,4.5,0.0,4,1
NOV-02068,16,36.49,1,1,14,mensuel,carte,7.3,0.2,4,0
NOV-02069,38,108.98,0,0,12,annuel,prelevement,10.0,0.0,2,0
NOV-02070,20,108.34,0,1,20,mensuel,carte,6.4,0.0,2,1
NOV-02071,27,57.27,0,0,22,mensuel,carte,9.1,0.0,3,0
NOV-02072,47,73.92,0,1,22,bisannuel,carte,6.1,0.1,4,0
NOV-02073,28,101.91,1,0,24,mensuel,prelevement,4.6,0.0,1,0
NOV-02074,29,19.2,2,0,17,mensuel,carte,8.9,0.05,2,0
NOV-02075,57,40.14,2,0,26,bisannuel,prelevement,10.0,0.1,4,0
NOV-02076,71,58.62,2,0,18,mensuel,carte,8.6,0.0,2,0
NOV-02077,42,109.09,3,0,24,annuel,prelevement,8.1,0.0,2,0
NOV-02078,65,115.27,0,0,28,mensuel,carte,6.4,0.0,2,0
NOV-02079,48,28.16,0,0,17,bisannuel,carte,5.8,0.0,1,0
NOV-02080,25,82.82,3,0,17,bisannuel,virement,6.4,0.05,3,0
NOV-02081,30,109.59,0,0,13,annuel,virement,7.7,0.0,3,0
NOV-02082,44,148.95,3,0,16,annuel,prelevement,8.6,0.0,2,0
NOV-02083,31,45.85,1,1,16,bisannuel,prelevement,4.8,0.0,1,0
NOV-02084,49,135.22,0,0,19,mensuel,carte,6.9,0.0,1,0
NOV-02085,1,61.34,2,1,14,mensuel,prelevement,7.1,0.0,2,1
NOV-02086,9,,3,0,15,mensuel,carte,5.8,0.0,4,1
NOV-02087,39,56.78,4,1,14,mensuel,prelevement,7.1,0.0,4,1
NOV-02088,12,131.33,2,0,13,annuel,carte,6.6,0.0,4,0
NOV-02089,27,144.83,1,3,16,bisannuel,carte,6.1,0.05,3,0
NOV-02090,41,55.01,1,0,22,mensuel,prelevement,7.0,0.0,4,0
NOV-02091,9,147.08,3,1,16,annuel,carte,7.5,0.1,4,1
NOV-02092,36,131.3,1,0,17,mensuel,virement,6.5,0.0,3,0
NOV-02093,41,78.99,0,0,14,annuel,prelevement,5.9,0.0,4,0
NOV-02094,38,46.98,3,0,17,bisannuel,virement,5.3,0.2,1,1
NOV-02095,4,84.57,1,0,18,mensuel,prelevement,5.8,0.0,3,0
NOV-02096,41,65.55,3,0,8,mensuel,carte,6.7,0.0,2,1
NOV-02097,40,130.56,3,0,16,annuel,prelevement,4.0,0.05,3,1
NOV-02098,45,30.6,1,2,5,mensuel,carte,7.6,0.1,2,0
NOV-02099,52,106.59,1,0,19,mensuel,prelevement,,0.2,2,0
NOV-02100,65,110.55,4,1,20,mensuel,carte,8.4,0.0,4,0
NOV-02101,44,44.06,2,1,18,annuel,carte,8.1,0.1,2,0
NOV-02102,41,54.17,2,0,13,bisannuel,carte,10.0,0.1,2,0
NOV-02103,65,73.76,1,0,16,annuel,carte,6.2,0.1,2,0
NOV-02104,1,44.24,1,1,14,mensuel,carte,6.0,0.0,3,1
NOV-02105,20,103.43,2,0,16,bisannuel,prelevement,10.0,0.0,1,0
NOV-02106,7,134.32,2,1,15,annuel,carte,7.0,0.0,2,0
NOV-02107,72,24.59,1,0,21,annuel,virement,6.4,0.05,1,0
NOV-02108,14,111.84,0,0,19,mensuel,prelevement,5.0,0.05,1,0
NOV-02109,68,59.02,0,0,20,annuel,prelevement,7.7,0.0,1,0
NOV-02110,21,95.76,0,0,11,mensuel,prelevement,6.5,0.05,4,0
NOV-02111,72,38.86,2,1,19,annuel,virement,8.9,0.0,4,0
NOV-02112,70,33.55,4,0,22,annuel,prelevement,8.3,0.1,4,0
NOV-02113,10,38.97,3,0,20,mensuel,prelevement,5.6,0.0,2,0
NOV-02114,51,53.58,6,1,18,mensuel,carte,5.8,0.1,3,0
NOV-02115,25,143.25,1,1,19,mensuel,carte,7.9,0.0,4,1
NOV-02116,30,92.86,0,0,14,annuel,prelevement,5.3,0.1,1,0
NOV-02117,53,,0,2,13,annuel,prelevement,5.6,0.1,2,0
NOV-02118,9,126.66,1,1,15,mensuel,virement,5.0,0.05,1,0
NOV-02119,8,38.59,0,1,16,annuel,carte,6.9,0.2,4,1
NOV-02120,63,138.19,1,0,15,bisannuel,carte,5.1,0.05,2,0
NOV-02121,68,146.01,0,0,21,annuel,carte,7.9,0.0,4,0
NOV-02122,14,93.46,0,1,9,annuel,carte,8.2,0.2,3,0
NOV-02123,9,94.68,1,1,17,mensuel,prelevement,7.1,0.0,1,0
NOV-02124,18,130.79,0,0,17,bisannuel,carte,7.3,0.0,1,0
NOV-02125,23,42.83,2,2,21,annuel,prelevement,8.8,0.0,2,0
NOV-02126,24,133.4,2,0,5,mensuel,prelevement,10.0,0.05,3,0
NOV-02127,5,63.79,3,2,17,mensuel,prelevement,6.1,0.0,1,0
NOV-02128,43,123.44,1,0,14,mensuel,prelevement,7.0,0.1,4,0
NOV-02129,21,96.14,2,1,21,mensuel,carte,8.2,0.0,1,0
NOV-02130,57,26.43,1,0,24,mensuel,carte,7.7,0.05,1,0
NOV-02131,64,94.66,1,0,15,annuel,prelevement,5.7,0.2,4,0
NOV-02132,15,92.21,5,1,14,bisannuel,prelevement,7.8,0.0,3,0
NOV-02133,37,29.25,2,1,23,mensuel,carte,6.9,0.05,4,0
NOV-02134,56,97.03,0,0,16,mensuel,prelevement,4.6,0.1,1,0
NOV-02135,8,,2,0,20,mensuel,prelevement,5.8,0.0,4,1
NOV-02136,63,,0,1,20,mensuel,prelevement,8.8,0.0,1,0
NOV-02137,41,93.09,1,0,17,bisannuel,carte,8.3,0.1,4,0
NOV-02138,4,20.38,3,0,21,mensuel,prelevement,4.1,0.2,2,1
NOV-02139,6,90.49,1,1,22,mensuel,prelevement,8.0,0.1,2,0
NOV-02140,36,140.35,1,0,18,bisannuel,prelevement,7.0,0.0,1,0
NOV-02141,14,85.59,2,2,14,mensuel,carte,7.8,0.2,2,1
NOV-02142,7,112.91,1,0,17,annuel,carte,,0.0,3,0
NOV-02143,70,47.02,1,0,14,mensuel,prelevement,7.7,0.0,4,0
NOV-02144,40,109.0,1,0,14,annuel,prelevement,7.5,0.05,4,0
NOV-02145,44,91.85,1,0,12,mensuel,virement,8.7,0.05,1,0
NOV-02146,44,96.49,2,3,13,bisannuel,carte,3.8,0.1,2,0
NOV-02147,50,148.56,2,0,21,mensuel,prelevement,2.4,0.0,4,1
NOV-02148,26,147.31,0,0,14,mensuel,prelevement,8.7,0.0,1,0
NOV-02149,23,50.41,1,0,19,bisannuel,carte,5.5,0.0,2,0
NOV-02150,51,130.1,2,0,20,annuel,prelevement,6.9,0.05,3,0
NOV-02151,36,50.03,0,1,22,mensuel,carte,9.7,0.05,3,0
NOV-02152,47,86.63,4,0,17,mensuel,prelevement,6.0,0.0,1,1
NOV-02153,69,137.68,2,0,17,bisannuel,carte,7.9,0.1,3,0
NOV-02154,26,26.98,1,0,16,annuel,carte,8.4,0.0,4,0
NOV-02155,14,35.74,4,0,15,bisannuel,prelevement,7.0,0.1,3,0
NOV-02156,39,48.53,1,0,24,annuel,carte,9.1,0.0,3,0
NOV-02157,64,83.97,0,2,19,bisannuel,prelevement,7.8,0.0,1,0
NOV-02158,7,45.53,1,0,21,annuel,carte,5.1,0.2,1,0
NOV-02159,24,69.37,0,1,20,mensuel,prelevement,7.0,0.0,4,1
NOV-02160,28,37.49,2,0,28,annuel,prelevement,9.6,0.0,2,0
NOV-02161,37,135.5,3,0,20,mensuel,carte,6.3,0.0,1,0
NOV-02162,11,37.29,0,1,17,mensuel,virement,7.0,0.2,4,1
NOV-02163,3,45.36,2,0,21,mensuel,carte,4.7,0.0,3,0
NOV-02164,67,38.54,0,1,13,mensuel,prelevement,5.8,0.0,4,1
NOV-02165,32,112.75,3,0,23,annuel,prelevement,6.6,0.0,4,0
NOV-02166,2,90.29,3,1,19,annuel,prelevement,6.0,0.0,3,0
NOV-02167,61,46.3,2,0,11,mensuel,virement,6.9,0.0,1,0
NOV-02168,61,93.61,1,0,14,mensuel,prelevement,6.1,0.05,1,0
NOV-02169,50,33.58,5,0,19,mensuel,virement,6.2,0.1,1,1
NOV-02170,58,21.81,1,0,18,mensuel,prelevement,10.0,0.2,4,0
NOV-02171,57,38.34,0,0,16,annuel,carte,6.6,0.0,3,0
NOV-02172,30,74.17,3,0,13,mensuel,carte,7.2,0.0,3,0
NOV-02173,61,72.61,3,1,17,mensuel,prelevement,6.3,0.0,1,1
NOV-02174,62,110.12,1,0,20,mensuel,carte,7.9,0.0,2,0
NOV-02175,9,33.45,1,0,16,annuel,carte,10.0,0.05,1,0
NOV-02176,67,124.06,3,0,15,bisannuel,prelevement,9.3,0.05,3,0
NOV-02177,56,,1,1,16,bisannuel,carte,5.8,0.0,2,0
NOV-02178,39,126.19,2,0,20,mensuel,carte,8.1,0.0,3,0
NOV-02179,19,75.85,1,1,15,bisannuel,carte,3.9,0.1,2,0
NOV-02180,58,88.41,0,0,21,annuel,prelevement,5.9,0.0,1,0
NOV-02181,11,137.71,3,1,17,mensuel,prelevement,6.7,0.05,1,1
NOV-02182,31,101.09,3,0,18,mensuel,prelevement,5.4,0.0,1,0
NOV-02183,49,105.17,1,1,20,annuel,prelevement,6.3,0.0,2,0
NOV-02184,22,29.62,0,0,19,mensuel,carte,6.7,0.0,1,0
NOV-02185,65,79.63,1,1,23,mensuel,prelevement,8.1,0.0,3,0
NOV-02186,28,147.32,1,0,12,mensuel,carte,7.3,0.0,4,0
NOV-02187,27,105.2,2,0,22,mensuel,carte,6.6,0.0,4,0
NOV-02188,70,68.54,3,0,17,bisannuel,prelevement,10.0,0.05,1,0
NOV-02189,63,,2,0,11,annuel,prelevement,4.8,0.1,3,0
NOV-02190,55,94.37,2,0,21,annuel,prelevement,6.7,0.0,4,1
NOV-02191,2,139.75,0,1,22,annuel,carte,9.2,0.1,2,0
NOV-02192,19,51.78,5,0,15,mensuel,prelevement,7.9,0.0,4,0
NOV-02193,40,128.45,1,0,11,mensuel,prelevement,6.6,0.0,2,0
NOV-02194,6,119.54,0,1,17,mensuel,carte,8.6,0.0,3,0
NOV-02195,64,71.21,3,0,16,mensuel,carte,6.9,0.1,1,1
NOV-02196,55,59.93,1,0,14,mensuel,virement,7.4,0.0,3,0
NOV-02197,67,127.49,2,0,19,annuel,prelevement,8.9,0.0,2,0
NOV-02198,59,19.07,0,0,25,mensuel,prelevement,6.7,0.05,1,0
NOV-02199,39,142.42,2,1,18,annuel,carte,5.3,0.0,2,0
NOV-02200,13,,1,0,13,bisannuel,carte,3.7,0.0,4,0
NOV-02201,70,105.62,1,1,20,bisannuel,carte,3.6,0.1,2,0
NOV-02202,28,96.91,0,0,18,annuel,prelevement,6.1,0.0,4,0
NOV-02203,50,92.26,1,0,22,mensuel,prelevement,6.6,0.1,3,0
NOV-02204,61,133.38,3,2,11,mensuel,prelevement,9.2,0.0,2,1
NOV-02205,23,30.94,0,0,10,bisannuel,carte,8.0,0.0,3,0
NOV-02206,19,132.22,1,0,19,bisannuel,virement,7.3,0.0,1,0
NOV-02207,56,144.62,1,0,25,annuel,prelevement,9.0,0.0,3,0
NOV-02208,9,54.34,2,0,17,annuel,prelevement,7.1,0.0,4,1
NOV-02209,56,130.43,2,1,11,annuel,prelevement,6.7,0.0,4,1
NOV-02210,35,77.18,2,0,22,mensuel,prelevement,5.7,0.0,2,0
NOV-02211,71,125.2,1,0,18,bisannuel,prelevement,5.0,0.05,2,0
NOV-02212,55,41.15,1,0,17,mensuel,prelevement,9.3,0.0,2,0
NOV-02213,7,107.5,1,1,17,annuel,prelevement,8.8,0.0,1,0
NOV-02214,2,34.14,4,1,14,mensuel,prelevement,5.9,0.0,4,1
NOV-02215,49,97.33,1,2,12,annuel,carte,7.2,0.0,2,1
NOV-02216,69,96.41,3,3,16,annuel,prelevement,8.3,0.0,3,1
NOV-02217,41,97.62,3,0,17,mensuel,prelevement,8.7,0.0,4,0
NOV-02218,66,36.72,1,0,17,mensuel,carte,8.9,0.0,4,0
NOV-02219,29,32.7,0,0,14,mensuel,prelevement,10.0,0.0,4,0
NOV-02220,34,148.05,1,0,19,mensuel,virement,6.7,0.0,4,0
NOV-02221,29,41.06,1,0,18,mensuel,carte,8.5,0.0,1,0
NOV-02222,51,90.25,4,0,27,annuel,prelevement,4.8,0.0,3,0
NOV-02223,42,137.86,1,1,14,bisannuel,carte,6.8,0.0,1,0
NOV-02224,48,24.01,2,1,16,mensuel,prelevement,7.0,0.05,4,0
NOV-02225,42,26.44,3,2,16,mensuel,carte,8.5,0.0,2,0
NOV-02226,29,74.92,1,0,14,mensuel,prelevement,6.8,0.05,3,1
NOV-02227,44,48.01,1,2,20,annuel,prelevement,6.6,0.05,1,0
NOV-02228,37,103.31,2,0,18,annuel,virement,8.5,0.05,2,0
NOV-02229,41,72.33,1,0,11,bisannuel,virement,9.0,0.05,3,0
NOV-02230,17,141.48,3,0,24,mensuel,prelevement,7.2,0.0,2,0
NOV-02231,47,23.13,1,0,17,bisannuel,prelevement,6.5,0.0,3,0
NOV-02232,12,117.4,0,2,19,annuel,carte,8.8,0.05,4,0
NOV-02233,21,91.7,2,0,20,mensuel,prelevement,8.8,0.0,3,0
NOV-02234,32,114.03,1,0,24,annuel,carte,9.5,0.0,3,0
NOV-02235,32,130.59,0,0,18,annuel,prelevement,6.9,0.0,1,0
NOV-02236,14,21.05,0,0,13,mensuel,carte,6.2,0.1,3,0
NOV-02237,42,71.65,1,0,17,mensuel,virement,6.4,0.0,2,0
NOV-02238,26,,0,1,16,bisannuel,carte,3.4,0.0,3,0
NOV-02239,55,23.86,1,0,18,mensuel,prelevement,8.5,0.0,3,0
NOV-02240,63,94.81,2,0,13,mensuel,prelevement,6.5,0.0,4,0
NOV-02241,57,66.79,5,0,24,bisannuel,prelevement,8.1,0.0,2,0
NOV-02242,8,97.45,0,0,15,mensuel,carte,9.9,0.05,3,0
NOV-02243,24,94.39,0,2,29,annuel,prelevement,9.0,0.0,4,0
NOV-02244,62,51.97,6,0,18,mensuel,carte,7.2,0.1,3,0
NOV-02245,30,74.21,4,1,24,annuel,prelevement,8.5,0.1,3,0
NOV-02246,37,50.85,5,0,12,mensuel,prelevement,8.5,0.0,4,0
NOV-02247,27,123.85,2,0,20,mensuel,prelevement,9.2,0.2,2,0
NOV-02248,37,49.95,0,0,17,mensuel,prelevement,6.4,0.0,4,0
NOV-02249,67,30.16,1,0,25,mensuel,carte,3.6,0.0,2,1
NOV-02250,54,146.82,1,1,25,mensuel,prelevement,10.0,0.05,1,0
NOV-02251,35,125.84,3,1,12,mensuel,prelevement,9.4,0.0,3,0
NOV-02252,45,106.24,2,1,25,mensuel,virement,8.7,0.0,4,0
NOV-02253,38,101.37,1,0,23,mensuel,prelevement,9.1,0.05,1,0
NOV-02254,8,76.9,1,0,21,annuel,prelevement,8.8,0.0,4,0
NOV-02255,12,117.6,2,0,17,mensuel,virement,8.1,0.0,1,0
NOV-02256,44,138.73,4,0,11,annuel,prelevement,7.7,0.05,2,1
NOV-02257,69,42.47,1,0,19,annuel,prelevement,,0.0,1,0
NOV-02258,40,96.89,2,1,15,mensuel,prelevement,4.0,0.1,1,0
NOV-02259,8,91.87,1,0,19,annuel,prelevement,5.6,0.0,1,0
NOV-02260,60,101.51,2,0,16,mensuel,virement,8.1,0.05,4,0
NOV-02261,16,48.65,0,0,18,mensuel,carte,7.4,0.0,1,0
NOV-02262,36,130.39,0,0,21,mensuel,prelevement,4.8,0.0,2,0
NOV-02263,13,73.89,2,1,20,mensuel,carte,4.5,0.0,4,1
NOV-02264,20,122.32,3,0,16,annuel,carte,7.6,0.1,4,1
NOV-02265,39,135.15,1,0,19,annuel,prelevement,7.0,0.1,1,0
NOV-02266,48,46.14,1,0,17,mensuel,carte,5.4,0.1,4,0
NOV-02267,72,80.96,1,0,25,mensuel,prelevement,6.4,0.05,1,0
NOV-02268,48,120.8,1,0,19,mensuel,carte,7.7,0.0,1,0
NOV-02269,61,134.73,2,0,21,bisannuel,carte,10.0,0.05,1,0
NOV-02270,56,141.33,1,0,23,mensuel,carte,8.4,0.0,2,0
NOV-02271,47,139.27,3,0,19,annuel,carte,,0.2,4,0
NOV-02272,70,86.55,1,0,18,mensuel,prelevement,7.9,0.2,1,0
NOV-02273,22,56.28,1,0,26,annuel,virement,8.7,0.05,4,0
NOV-02274,24,56.56,0,0,17,bisannuel,prelevement,4.4,0.1,4,1
NOV-02275,40,71.94,2,0,14,bisannuel,prelevement,7.1,0.0,3,0
NOV-02276,9,124.92,2,1,19,mensuel,prelevement,6.7,0.05,2,1
NOV-02277,39,48.38,0,1,24,annuel,prelevement,7.6,0.05,3,0
NOV-02278,46,88.91,3,3,16,mensuel,carte,6.9,0.0,3,1
NOV-02279,22,91.93,4,2,15,mensuel,virement,10.0,0.0,1,1
NOV-02280,51,,3,0,16,annuel,carte,7.3,0.1,1,0
NOV-02281,45,117.94,1,0,20,mensuel,carte,8.5,0.1,3,0
NOV-02282,4,121.27,0,3,18,bisannuel,carte,5.0,0.1,1,0
NOV-02283,13,21.87,0,1,14,mensuel,carte,4.5,0.05,2,1
NOV-02284,18,34.3,1,2,16,mensuel,carte,5.9,0.2,1,0
NOV-02285,29,110.38,1,0,5,annuel,carte,9.2,0.0,4,0
NOV-02286,29,54.14,2,0,16,mensuel,prelevement,8.9,0.0,3,0
NOV-02287,66,107.9,4,0,20,annuel,prelevement,6.3,0.0,3,0
NOV-02288,19,38.3,0,1,26,mensuel,prelevement,3.5,0.0,4,0
NOV-02289,35,36.85,1,2,22,annuel,prelevement,9.6,0.0,4,0
NOV-02290,5,87.4,2,1,20,annuel,carte,7.4,0.0,4,0
NOV-02291,43,115.73,2,0,18,mensuel,carte,5.8,0.1,2,0
NOV-02292,19,132.49,1,1,21,mensuel,prelevement,9.3,0.0,1,0
NOV-02293,21,58.8,1,0,13,mensuel,prelevement,4.6,0.0,4,1
NOV-02294,29,65.08,0,0,15,annuel,prelevement,6.2,0.1,3,0
NOV-02295,16,107.87,0,1,13,mensuel,carte,6.3,0.0,1,1
NOV-02296,29,54.15,2,0,22,annuel,carte,9.0,0.0,2,0
NOV-02297,23,37.71,1,0,17,mensuel,carte,5.5,0.05,3,0
NOV-02298,52,131.33,0,0,18,mensuel,prelevement,6.5,0.1,1,0
NOV-02299,69,110.34,2,1,18,mensuel,carte,9.1,0.1,1,0
NOV-02300,54,138.64,2,1,23,annuel,prelevement,6.9,0.0,2,0
NOV-02301,9,83.91,0,0,22,mensuel,carte,8.3,0.1,2,0
NOV-02302,37,49.45,0,0,16,mensuel,carte,5.5,0.1,2,0
NOV-02303,24,72.74,2,1,26,annuel,prelevement,7.3,0.0,3,0
NOV-02304,42,119.47,2,2,15,bisannuel,prelevement,7.3,0.0,4,0
NOV-02305,51,31.86,1,1,15,mensuel,virement,5.8,0.0,3,0
NOV-02306,69,27.24,1,0,24,mensuel,carte,7.6,0.0,4,0
NOV-02307,68,34.95,1,0,13,mensuel,virement,8.7,0.0,2,0
NOV-02308,61,78.72,4,0,20,mensuel,prelevement,9.5,0.0,4,0
NOV-02309,16,55.92,2,1,26,mensuel,prelevement,10.0,0.0,3,0
NOV-02310,42,127.18,0,0,18,bisannuel,prelevement,10.0,0.0,2,0
NOV-02311,58,,1,0,17,mensuel,carte,6.4,0.05,1,1
NOV-02312,2,32.07,0,1,13,mensuel,prelevement,9.4,0.0,3,0
NOV-02313,41,33.92,2,1,21,mensuel,prelevement,7.1,0.1,2,0
NOV-02314,65,122.79,3,1,19,mensuel,prelevement,5.5,0.0,2,1
NOV-02315,60,95.1,1,0,19,annuel,carte,8.0,0.0,2,0
NOV-02316,12,106.09,2,0,19,mensuel,virement,8.5,0.1,3,0
NOV-02317,57,87.95,0,0,14,mensuel,carte,8.8,0.0,4,0
NOV-02318,6,113.97,1,0,25,mensuel,carte,8.8,0.1,3,0
NOV-02319,46,,1,0,21,bisannuel,carte,3.1,0.05,1,0
NOV-02320,23,91.16,0,0,19,mensuel,prelevement,9.1,0.0,1,0
NOV-02321,39,142.3,1,0,23,mensuel,prelevement,7.4,0.05,4,1
NOV-02322,44,36.46,0,0,28,mensuel,prelevement,6.5,0.0,2,0
NOV-02323,10,108.7,4,0,16,mensuel,carte,6.4,0.1,4,1
NOV-02324,65,91.7,3,0,21,mensuel,carte,4.8,0.0,4,0
NOV-02325,23,23.44,2,0,23,annuel,prelevement,10.0,0.0,1,0
NOV-02326,54,119.3,6,0,20,bisannuel,virement,7.7,0.1,3,0
NOV-02327,50,83.42,4,0,13,mensuel,prelevement,8.7,0.05,1,0
NOV-02328,39,96.37,2,0,25,mensuel,prelevement,7.3,0.05,3,0
NOV-02329,6,34.74,1,0,14,annuel,carte,5.7,0.05,2,1
NOV-02330,22,49.63,3,1,17,mensuel,prelevement,5.6,0.2,4,1
NOV-02331,4,141.6,2,1,18,mensuel,prelevement,7.2,0.0,2,0
NOV-02332,46,76.66,2,2,10,annuel,prelevement,7.4,0.1,1,0
NOV-02333,7,104.77,1,0,23,mensuel,virement,8.2,0.0,2,0
NOV-02334,12,123.03,2,1,17,annuel,prelevement,9.6,0.0,4,0
NOV-02335,20,39.52,3,1,23,mensuel,prelevement,6.8,0.1,3,0
NOV-02336,27,,3,1,22,annuel,prelevement,6.1,0.0,1,0
NOV-02337,33,89.57,0,1,13,mensuel,carte,8.1,0.0,3,0
NOV-02338,16,29.59,2,0,21,annuel,carte,8.2,0.05,2,0
NOV-02339,5,55.73,2,1,20,mensuel,prelevement,7.8,0.1,4,0
NOV-02340,63,122.52,1,0,16,mensuel,carte,5.4,0.0,3,0
NOV-02341,71,64.65,3,1,30,mensuel,carte,8.5,0.0,2,0
NOV-02342,17,98.74,1,0,29,mensuel,prelevement,10.0,0.0,4,0
NOV-02343,22,36.58,1,0,21,bisannuel,prelevement,8.0,0.0,3,0
NOV-02344,13,114.06,0,0,18,mensuel,prelevement,7.0,0.0,1,0
NOV-02345,47,88.04,0,1,17,annuel,prelevement,7.1,0.0,2,0
NOV-02346,58,116.54,1,0,24,mensuel,carte,9.6,0.0,3,0
NOV-02347,8,50.14,2,1,17,bisannuel,prelevement,5.5,0.0,3,0
NOV-02348,22,98.52,1,1,25,annuel,virement,6.8,0.0,2,0
NOV-02349,57,25.67,3,1,20,mensuel,prelevement,7.4,0.1,3,1
NOV-02350,64,95.31,4,0,15,mensuel,prelevement,6.9,0.0,3,0
NOV-02351,5,118.35,1,0,18,mensuel,prelevement,7.4,0.0,4,0
NOV-02352,29,71.39,1,0,18,annuel,prelevement,10.0,0.0,4,0
NOV-02353,40,127.81,0,0,26,bisannuel,prelevement,9.1,0.1,3,0
NOV-02354,24,19.71,2,1,24,mensuel,carte,6.2,0.0,4,0
NOV-02355,35,20.83,1,0,19,annuel,prelevement,,0.0,4,0
NOV-02356,38,77.76,2,1,16,annuel,prelevement,8.2,0.0,2,0
NOV-02357,25,73.35,2,0,13,bisannuel,prelevement,4.2,0.1,3,0
NOV-02358,28,66.55,0,0,17,mensuel,virement,6.9,0.0,4,0
NOV-02359,42,74.41,0,1,19,annuel,prelevement,5.2,0.0,1,0
NOV-02360,67,93.7,1,0,18,mensuel,prelevement,6.1,0.0,1,0
NOV-02361,16,48.58,3,0,16,bisannuel,carte,10.0,0.0,3,0
NOV-02362,30,99.53,1,1,18,mensuel,carte,4.6,0.0,4,0
NOV-02363,34,86.03,2,3,12,mensuel,prelevement,5.7,0.0,4,1
NOV-02364,45,140.45,1,0,9,bisannuel,prelevement,6.8,0.0,2,0
NOV-02365,28,67.52,0,0,21,annuel,prelevement,8.5,0.0,3,0
NOV-02366,47,62.48,0,0,22,bisannuel,carte,7.8,0.1,4,0
NOV-02367,36,45.54,3,2,14,mensuel,carte,4.6,0.2,3,0
NOV-02368,45,31.31,2,0,15,mensuel,carte,7.7,0.05,2,0
NOV-02369,36,110.91,1,2,25,annuel,prelevement,7.2,0.0,2,0
NOV-02370,3,33.46,2,0,20,mensuel,carte,7.2,0.0,4,0
NOV-02371,60,92.08,4,0,13,annuel,carte,8.5,0.0,3,0
NOV-02372,17,106.37,0,1,13,annuel,carte,7.6,0.2,3,0
NOV-02373,63,56.72,3,0,18,annuel,carte,7.9,0.0,1,0
NOV-02374,7,148.38,1,0,25,annuel,prelevement,7.1,0.1,4,0
NOV-02375,21,50.17,1,0,17,annuel,prelevement,2.2,0.1,3,0
NOV-02376,45,124.36,1,0,20,bisannuel,carte,8.5,0.05,2,0
NOV-02377,28,142.98,0,0,18,mensuel,carte,8.1,0.0,3,0
NOV-02378,51,44.77,0,0,17,mensuel,carte,5.3,0.2,1,0
NOV-02379,49,74.88,0,0,15,bisannuel,prelevement,4.8,0.0,4,0
NOV-02380,35,59.81,1,0,17,mensuel,prelevement,5.2,0.1,2,0
NOV-02381,54,109.38,4,1,16,annuel,prelevement,7.1,0.0,4,0
NOV-02382,50,19.94,2,0,15,mensuel,prelevement,7.4,0.0,4,0
NOV-02383,64,86.98,2,0,15,annuel,prelevement,9.2,0.1,1,0
NOV-02384,55,59.59,2,0,16,annuel,carte,7.3,0.0,3,0
NOV-02385,11,140.25,0,1,14,annuel,carte,4.2,0.0,2,0
NOV-02386,7,25.9,1,0,15,annuel,prelevement,8.4,0.0,4,0
NOV-02387,61,34.4,4,0,23,bisannuel,carte,6.0,0.0,2,0
NOV-02388,53,127.78,5,0,16,bisannuel,virement,5.6,0.0,1,1
NOV-02389,22,54.83,0,0,20,bisannuel,prelevement,5.7,0.05,2,0
NOV-02390,12,88.01,2,0,14,mensuel,prelevement,6.1,0.0,3,0
NOV-02391,22,41.42,3,0,22,mensuel,carte,7.8,0.05,1,1
NOV-02392,8,143.65,1,0,23,annuel,virement,7.6,0.1,1,0
NOV-02393,7,139.29,1,0,28,annuel,prelevement,9.8,0.05,4,0
NOV-02394,44,94.35,0,0,19,mensuel,carte,7.5,0.0,3,0
NOV-02395,29,76.38,1,0,17,mensuel,carte,,0.05,1,0
NOV-02396,30,42.66,0,0,20,mensuel,prelevement,7.5,0.0,4,0
NOV-02397,16,27.97,2,2,12,annuel,carte,7.7,0.0,2,0
NOV-02398,63,125.8,1,0,15,mensuel,prelevement,5.9,0.05,3,0
NOV-02399,71,140.04,2,1,22,mensuel,prelevement,7.6,0.1,3,1
NOV-02400,50,43.77,1,0,24,annuel,carte,6.9,0.1,1,0
NOV-02401,15,112.0,2,0,13,mensuel,prelevement,10.0,0.0,2,0
NOV-02402,44,78.32,1,0,28,bisannuel,carte,7.3,0.0,4,0
NOV-02403,31,87.05,3,3,15,mensuel,carte,10.0,0.05,1,1
NOV-02404,29,22.99,4,0,19,bisannuel,virement,9.2,0.0,4,0
NOV-02405,18,39.83,1,0,17,mensuel,prelevement,5.6,0.1,1,0
NOV-02406,11,63.82,2,0,18,bisannuel,carte,7.6,0.1,3,0
NOV-02407,70,124.64,2,0,19,mensuel,carte,7.4,0.1,1,0
NOV-02408,64,98.96,2,0,26,mensuel,carte,8.9,0.05,4,0
NOV-02409,70,30.08,0,0,17,mensuel,prelevement,5.4,0.05,1,0
NOV-02410,72,28.03,1,0,16,mensuel,carte,5.5,0.0,2,0
NOV-02411,58,76.81,1,1,16,mensuel,prelevement,4.7,0.0,2,0
NOV-02412,5,124.11,4,2,15,mensuel,virement,6.6,0.05,4,1
NOV-02413,7,129.65,1,1,22,mensuel,prelevement,7.2,0.0,3,0
NOV-02414,15,117.0,3,2,16,mensuel,prelevement,5.8,0.0,1,1
NOV-02415,2,39.79,1,1,20,mensuel,prelevement,6.4,0.2,1,0
NOV-02416,37,23.18,0,0,18,annuel,prelevement,7.5,0.0,1,0
NOV-02417,59,128.81,0,0,12,annuel,carte,8.5,0.0,3,0
NOV-02418,20,75.24,2,1,13,mensuel,virement,7.9,0.2,4,0
NOV-02419,25,,0,1,17,bisannuel,carte,7.5,0.1,4,0
NOV-02420,13,27.27,1,1,20,mensuel,carte,4.5,0.0,1,1
NOV-02421,35,50.73,1,1,18,bisannuel,carte,7.1,0.0,2,0
NOV-02422,27,61.26,3,1,17,bisannuel,carte,5.5,0.0,4,1
NOV-02423,20,85.45,1,1,19,annuel,carte,8.3,0.05,1,0
NOV-02424,19,50.22,2,0,8,annuel,prelevement,,0.0,3,0
NOV-02425,8,91.82,1,0,18,annuel,prelevement,6.7,0.05,3,0
NOV-02426,64,91.4,1,0,23,mensuel,carte,7.5,0.05,1,0
NOV-02427,31,57.88,1,0,21,mensuel,prelevement,3.9,0.0,1,0
NOV-02428,18,59.92,4,0,19,mensuel,prelevement,8.0,0.1,3,0
NOV-02429,32,67.19,2,1,17,annuel,carte,5.4,0.0,3,0
NOV-02430,21,,1,0,17,mensuel,prelevement,5.4,0.0,3,0
NOV-02431,38,105.56,1,0,20,annuel,prelevement,5.3,0.05,2,0
NOV-02432,51,70.0,1,0,17,annuel,prelevement,8.4,0.1,4,0
NOV-02433,21,120.19,0,0,20,mensuel,carte,5.6,0.2,3,0
NOV-02434,35,82.73,2,1,17,mensuel,carte,8.3,0.05,4,0
NOV-02435,31,112.61,3,0,20,annuel,carte,7.4,0.0,2,0
NOV-02436,63,87.02,2,0,19,mensuel,carte,9.9,0.0,2,0
NOV-02437,20,122.17,5,0,15,annuel,prelevement,5.8,0.0,1,0
NOV-02438,8,101.38,0,0,17,bisannuel,prelevement,9.1,0.0,3,0
NOV-02439,8,94.7,4,0,21,mensuel,prelevement,8.5,0.0,1,0
NOV-02440,32,94.84,0,0,29,mensuel,carte,8.7,0.05,1,0
NOV-02441,48,104.43,2,1,10,annuel,prelevement,6.2,0.0,2,0
NOV-02442,18,144.16,1,0,20,annuel,carte,10.0,0.0,4,0
NOV-02443,51,84.32,1,1,24,annuel,prelevement,8.3,0.0,1,0
NOV-02444,38,97.12,2,1,22,bisannuel,carte,7.2,0.1,4,0
NOV-02445,34,61.17,1,0,14,annuel,virement,6.3,0.05,3,0
NOV-02446,22,117.65,2,0,23,mensuel,virement,7.8,0.05,2,0
NOV-02447,37,68.63,1,0,18,annuel,prelevement,9.5,0.0,1,1
NOV-02448,26,53.42,2,1,16,annuel,prelevement,10.0,0.1,2,1
NOV-02449,72,124.28,0,1,20,mensuel,carte,7.8,0.1,1,0
NOV-02450,45,39.09,2,0,27,bisannuel,carte,5.3,0.2,4,0
NOV-02451,32,41.22,7,0,26,annuel,virement,8.6,0.05,4,0
NOV-02452,37,24.53,2,0,22,mensuel,carte,10.0,0.05,1,0
NOV-02453,64,67.19,3,1,24,mensuel,carte,6.0,0.0,3,0
NOV-02454,67,139.98,0,2,14,mensuel,virement,10.0,0.0,4,1
NOV-02455,4,65.53,1,1,20,mensuel,virement,5.9,0.0,1,1
NOV-02456,35,112.24,2,0,21,annuel,prelevement,5.0,0.0,3,0
NOV-02457,42,49.6,0,0,22,mensuel,carte,7.5,0.05,4,0
NOV-02458,48,115.71,1,0,18,mensuel,prelevement,6.4,0.0,4,1
NOV-02459,19,81.09,3,0,15,bisannuel,carte,6.5,0.0,3,0
NOV-02460,51,59.72,3,0,15,bisannuel,prelevement,8.8,0.05,4,0
NOV-02461,60,30.08,1,1,22,annuel,carte,4.7,0.0,4,0
NOV-02462,33,90.73,1,1,11,mensuel,carte,5.7,0.0,1,0
NOV-02463,10,147.23,1,0,18,mensuel,prelevement,7.6,0.1,1,0
NOV-02464,45,52.93,1,1,19,mensuel,prelevement,8.3,0.2,2,0
NOV-02465,71,33.38,0,0,19,bisannuel,prelevement,6.5,0.0,1,1
NOV-02466,22,46.64,1,1,19,mensuel,carte,7.9,0.1,2,0
NOV-02467,19,116.46,1,0,20,mensuel,carte,7.0,0.2,2,0
NOV-02468,59,22.29,0,0,8,annuel,prelevement,7.1,0.2,1,0
NOV-02469,63,40.53,0,0,17,mensuel,carte,6.1,0.0,2,0
NOV-02470,23,135.35,3,0,17,annuel,virement,9.7,0.05,2,0
NOV-02471,49,144.63,2,0,21,mensuel,virement,6.2,0.0,4,1
NOV-02472,10,44.17,2,0,21,mensuel,prelevement,5.1,0.05,2,1
NOV-02473,35,29.94,3,0,15,annuel,carte,4.3,0.0,1,0
NOV-02474,6,97.36,2,0,18,annuel,carte,8.5,0.0,3,0
NOV-02475,14,133.86,1,1,23,mensuel,carte,9.1,0.05,1,1
NOV-02476,20,27.49,2,0,19,annuel,virement,6.0,0.0,1,0
NOV-02477,39,119.9,2,1,20,annuel,carte,7.6,0.0,4,0
NOV-02478,62,64.33,2,1,24,annuel,prelevement,6.6,0.2,4,0
NOV-02479,29,106.43,1,0,17,mensuel,prelevement,7.3,0.1,3,0
NOV-02480,63,84.09,2,0,18,bisannuel,prelevement,7.7,0.05,3,0
NOV-02481,36,107.8,0,1,17,mensuel,carte,5.0,0.0,2,1
NOV-02482,49,113.52,4,0,20,mensuel,prelevement,6.2,0.05,4,0
NOV-02483,52,140.54,2,1,22,mensuel,prelevement,5.9,0.0,4,1
NOV-02484,14,50.01,2,0,14,mensuel,carte,5.5,0.05,2,0
NOV-02485,65,135.68,2,1,15,bisannuel,prelevement,7.6,0.05,3,0
NOV-02486,3,59.55,2,0,20,mensuel,carte,5.6,0.0,4,1
NOV-02487,13,39.17,3,0,15,annuel,virement,6.2,0.0,2,0
NOV-02488,48,66.24,1,2,21,mensuel,carte,7.2,0.0,1,0
NOV-02489,47,45.19,0,1,24,mensuel,prelevement,3.9,0.0,3,0
NOV-02490,62,140.95,3,1,29,bisannuel,prelevement,6.8,0.05,2,0
NOV-02491,55,62.13,2,1,16,annuel,carte,7.2,0.0,1,0
NOV-02492,50,98.75,2,0,15,annuel,prelevement,,0.05,1,0
NOV-02493,27,120.75,0,0,28,mensuel,prelevement,8.3,0.0,2,0
NOV-02494,35,104.81,1,0,16,mensuel,virement,7.3,0.0,3,0
NOV-02495,36,77.95,0,0,13,annuel,carte,7.4,0.0,4,0
NOV-02496,11,137.31,2,1,20,annuel,prelevement,6.4,0.2,3,0
NOV-02497,55,75.89,2,0,12,mensuel,carte,6.4,0.05,1,0
NOV-02498,18,32.32,1,2,14,mensuel,virement,5.3,0.0,2,0
NOV-02499,56,69.37,0,1,19,bisannuel,prelevement,8.3,0.0,1,0
NOV-02500,41,128.68,1,0,13,mensuel,carte,4.6,0.05,2,1
NOV-02501,19,69.26,2,1,17,mensuel,prelevement,4.2,0.1,4,1
NOV-02502,60,144.54,0,0,12,annuel,prelevement,7.8,0.0,2,0
NOV-02503,31,40.09,2,0,19,bisannuel,carte,9.4,0.0,1,0
NOV-02504,18,90.03,1,2,11,mensuel,carte,8.4,0.0,1,0
NOV-02505,70,50.76,2,1,17,annuel,carte,7.9,0.0,4,1
NOV-02506,19,62.55,2,0,17,mensuel,virement,6.4,0.05,3,0
NOV-02507,55,84.61,0,0,14,mensuel,carte,6.5,0.0,4,0
NOV-02508,21,103.57,2,0,15,annuel,carte,8.2,0.05,1,0
NOV-02509,39,24.52,0,0,15,mensuel,prelevement,9.2,0.05,2,0
NOV-02510,42,139.31,3,0,16,mensuel,prelevement,7.5,0.0,1,1
NOV-02511,37,116.18,2,0,17,mensuel,virement,5.8,0.0,2,1
NOV-02512,63,83.51,3,0,13,mensuel,carte,7.2,0.0,2,0
NOV-02513,60,113.74,1,0,13,mensuel,prelevement,5.1,0.0,2,1
NOV-02514,72,122.7,3,0,19,annuel,carte,,0.0,2,0
NOV-02515,52,145.69,2,1,18,mensuel,prelevement,6.9,0.0,3,0
NOV-02516,39,123.81,0,0,18,mensuel,prelevement,8.2,0.0,3,0
NOV-02517,65,92.5,1,0,15,mensuel,carte,4.9,0.1,2,1
NOV-02518,21,130.93,5,1,21,mensuel,virement,7.1,0.0,3,1
NOV-02519,42,39.42,2,1,26,mensuel,carte,10.0,0.05,3,0
NOV-02520,58,131.01,2,0,13,mensuel,carte,7.2,0.0,2,0
NOV-02521,5,38.21,4,1,19,mensuel,prelevement,6.7,0.1,4,0
NOV-02522,62,85.59,2,1,9,mensuel,carte,8.6,0.05,1,0
NOV-02523,43,125.85,0,0,21,mensuel,prelevement,7.8,0.0,2,0
NOV-02524,27,69.54,1,0,17,bisannuel,prelevement,7.0,0.0,1,0
NOV-02525,39,66.83,0,0,17,mensuel,prelevement,7.7,0.0,1,0
NOV-02526,14,95.59,2,1,20,mensuel,prelevement,5.7,0.05,2,0
NOV-02527,23,57.06,0,1,15,annuel,prelevement,8.3,0.0,2,0
NOV-02528,41,100.59,1,0,19,annuel,prelevement,7.6,0.05,1,0
NOV-02529,13,78.57,1,0,25,mensuel,prelevement,5.6,0.05,1,0
NOV-02530,36,145.4,2,0,16,mensuel,prelevement,9.0,0.05,3,0
NOV-02531,21,61.72,2,1,11,annuel,prelevement,8.5,0.0,2,0
NOV-02532,47,92.43,3,0,20,bisannuel,virement,8.3,0.0,4,0
NOV-02533,14,57.83,0,0,21,annuel,prelevement,7.4,0.0,4,0
NOV-02534,5,20.6,1,1,21,mensuel,carte,7.4,0.05,3,0
NOV-02535,18,70.02,2,0,23,mensuel,prelevement,9.4,0.0,1,0
NOV-02536,70,76.09,3,0,12,mensuel,prelevement,4.2,0.0,1,1
NOV-02537,3,55.99,1,1,20,mensuel,carte,7.9,0.0,4,0
NOV-02538,53,122.84,1,2,15,annuel,prelevement,7.0,0.0,2,1
NOV-02539,62,29.38,3,1,14,mensuel,prelevement,4.0,0.1,4,1
NOV-02540,9,45.12,2,0,18,mensuel,carte,6.6,0.1,1,1
NOV-02541,8,131.1,2,0,26,annuel,prelevement,6.6,0.1,1,1
NOV-02542,15,25.64,2,0,21,mensuel,prelevement,4.9,0.0,2,0
NOV-02543,72,72.58,1,1,11,bisannuel,prelevement,6.5,0.05,4,0
NOV-02544,43,65.0,2,0,15,mensuel,carte,10.0,0.1,3,0
NOV-02545,19,122.36,4,1,14,annuel,prelevement,8.9,0.0,1,0
NOV-02546,60,83.44,2,0,22,mensuel,prelevement,7.3,0.1,3,0
NOV-02547,41,45.48,1,2,18,mensuel,virement,8.1,0.05,4,0
NOV-02548,9,34.28,1,1,18,mensuel,carte,8.6,0.0,3,0
NOV-02549,10,52.68,0,0,12,annuel,carte,4.9,0.05,1,0
NOV-02550,57,128.18,2,0,17,mensuel,prelevement,7.4,0.0,1,0
NOV-02551,6,,1,0,16,annuel,prelevement,8.3,0.0,4,0
NOV-02552,62,88.8,2,0,21,mensuel,prelevement,4.7,0.1,4,0
NOV-02553,3,83.69,1,0,10,annuel,prelevement,7.4,0.0,3,0
NOV-02554,8,121.8,0,1,19,mensuel,virement,6.5,0.0,2,0
NOV-02555,32,45.69,2,0,13,mensuel,prelevement,6.9,0.0,4,0
NOV-02556,30,60.99,2,1,20,annuel,prelevement,6.6,0.0,2,0
NOV-02557,13,39.63,1,0,13,mensuel,prelevement,6.5,0.0,1,0
NOV-02558,56,112.93,0,0,16,mensuel,prelevement,6.9,0.0,2,0
NOV-02559,10,122.14,4,0,24,mensuel,carte,5.0,0.0,1,0
NOV-02560,33,39.97,0,1,13,mensuel,virement,9.7,0.05,4,0
NOV-02561,32,112.91,4,2,18,mensuel,prelevement,7.0,0.0,2,1
NOV-02562,68,143.72,3,0,18,mensuel,prelevement,6.0,0.05,1,1
NOV-02563,35,30.26,2,0,14,mensuel,carte,6.6,0.0,4,0
NOV-02564,35,147.99,0,0,13,bisannuel,carte,7.1,0.05,4,0
NOV-02565,42,53.55,3,1,20,mensuel,prelevement,7.7,0.1,4,0
NOV-02566,33,62.01,0,0,19,annuel,prelevement,7.1,0.05,2,0
NOV-02567,25,135.34,4,2,16,bisannuel,prelevement,5.5,0.0,1,1
NOV-02568,9,128.03,0,0,20,mensuel,carte,6.2,0.2,3,1
NOV-02569,62,62.08,2,1,11,annuel,carte,5.7,0.0,4,1
NOV-02570,29,57.69,2,0,17,annuel,prelevement,9.1,0.1,3,0
NOV-02571,70,104.67,1,1,14,bisannuel,carte,,0.0,1,0
NOV-02572,69,90.16,1,3,21,mensuel,virement,7.3,0.0,2,1
NOV-02573,67,100.29,1,0,16,mensuel,carte,9.8,0.0,1,0
NOV-02574,54,128.25,0,2,19,mensuel,prelevement,8.8,0.0,4,0
NOV-02575,12,146.2,0,1,13,mensuel,prelevement,10.0,0.0,3,0
NOV-02576,59,29.47,1,1,16,mensuel,carte,7.8,0.05,4,0
NOV-02577,41,97.54,2,1,22,annuel,carte,4.1,0.05,3,0
NOV-02578,70,84.03,1,0,13,bisannuel,carte,8.1,0.1,4,0
NOV-02579,56,30.29,0,0,22,annuel,prelevement,6.5,0.1,2,0
NOV-02580,49,143.32,0,0,17,annuel,prelevement,10.0,0.2,2,0
NOV-02581,13,91.97,1,1,15,mensuel,carte,7.5,0.2,4,0
NOV-02582,63,55.12,0,0,12,mensuel,virement,7.4,0.0,2,0
NOV-02583,58,132.24,3,0,22,bisannuel,carte,8.6,0.0,1,0
NOV-02584,6,76.8,0,0,15,annuel,prelevement,7.4,0.0,1,0
NOV-02585,5,73.73,1,1,17,mensuel,carte,8.8,0.0,3,0
NOV-02586,3,129.41,1,0,21,annuel,prelevement,8.6,0.0,2,0
NOV-02587,71,140.75,1,1,20,mensuel,carte,6.9,0.0,1,1
NOV-02588,53,118.17,2,1,16,mensuel,prelevement,8.0,0.2,1,0
NOV-02589,54,38.14,0,0,20,mensuel,carte,,0.05,4,0
NOV-02590,54,22.16,2,1,15,annuel,prelevement,10.0,0.2,2,0
NOV-02591,38,49.16,1,0,23,mensuel,carte,7.9,0.1,1,0
NOV-02592,48,40.61,1,1,18,mensuel,prelevement,6.9,0.05,1,0
NOV-02593,40,76.26,0,0,16,mensuel,prelevement,7.0,0.2,3,0
NOV-02594,19,51.19,1,1,13,mensuel,prelevement,8.5,0.1,1,0
NOV-02595,52,95.58,2,1,17,mensuel,carte,7.7,0.0,2,0
NOV-02596,67,57.86,0,0,24,annuel,prelevement,9.8,0.05,1,0
NOV-02597,72,88.66,2,0,22,mensuel,prelevement,7.2,0.0,4,0
NOV-02598,12,60.96,2,0,13,mensuel,carte,9.0,0.1,4,0
NOV-02599,21,105.81,1,0,10,mensuel,prelevement,7.2,0.1,2,0
NOV-02600,5,87.62,1,0,14,annuel,carte,5.8,0.1,2,0
NOV-02601,5,40.27,0,0,15,mensuel,prelevement,6.7,0.0,2,0
NOV-02602,43,29.83,1,0,17,annuel,carte,7.9,0.1,1,0
NOV-02603,24,103.3,3,1,12,mensuel,prelevement,7.9,0.0,2,0
NOV-02604,39,144.48,1,1,17,mensuel,prelevement,3.8,0.0,4,1
NOV-02605,70,83.45,3,0,16,annuel,carte,6.2,0.05,2,0
NOV-02606,28,43.3,1,0,14,mensuel,prelevement,7.2,0.0,4,0
NOV-02607,55,148.39,2,1,20,bisannuel,carte,7.4,0.0,3,0
NOV-02608,63,109.1,2,2,20,annuel,prelevement,5.9,0.0,3,0
NOV-02609,2,139.45,1,0,18,annuel,prelevement,9.2,0.0,4,0
NOV-02610,43,148.54,1,0,21,mensuel,prelevement,7.3,0.05,3,0
NOV-02611,70,133.56,0,1,15,mensuel,prelevement,4.9,0.0,3,0
NOV-02612,12,24.09,2,0,18,mensuel,carte,5.7,0.0,1,0
NOV-02613,19,43.03,3,0,16,mensuel,carte,5.8,0.0,2,0
NOV-02614,19,129.5,4,0,15,mensuel,carte,7.7,0.05,3,0
NOV-02615,63,133.35,1,3,21,annuel,prelevement,7.2,0.0,1,1
NOV-02616,15,46.02,2,0,14,annuel,prelevement,6.1,0.0,3,0
NOV-02617,7,120.86,4,0,19,mensuel,prelevement,6.5,0.05,3,1
NOV-02618,17,24.44,1,0,11,annuel,prelevement,10.0,0.0,3,0
NOV-02619,63,42.77,0,1,20,mensuel,carte,6.7,0.1,3,0
NOV-02620,9,50.58,2,1,15,bisannuel,carte,9.7,0.0,1,0
NOV-02621,65,63.8,3,2,21,annuel,prelevement,6.5,0.05,2,0
NOV-02622,59,143.29,1,1,25,mensuel,prelevement,8.1,0.0,1,0
NOV-02623,50,23.49,1,1,17,annuel,carte,6.5,0.0,1,0
NOV-02624,68,148.99,4,0,17,mensuel,prelevement,6.8,0.0,1,0
NOV-02625,40,89.52,0,1,16,mensuel,prelevement,7.0,0.05,3,0
NOV-02626,66,85.63,2,2,23,mensuel,prelevement,7.4,0.0,1,0
NOV-02627,37,142.74,0,0,12,annuel,prelevement,7.1,0.0,3,0
NOV-02628,28,118.32,3,1,18,annuel,prelevement,,0.1,3,1
NOV-02629,53,117.42,1,1,21,mensuel,prelevement,8.4,0.0,3,0
NOV-02630,46,127.04,5,0,28,mensuel,prelevement,6.4,0.05,1,0
NOV-02631,58,112.01,1,0,21,annuel,carte,4.5,0.0,3,0
NOV-02632,17,57.55,1,0,20,mensuel,carte,10.0,0.1,3,0
NOV-02633,11,,3,2,16,mensuel,carte,6.7,0.0,4,0
NOV-02634,9,88.8,0,0,21,mensuel,prelevement,9.0,0.0,4,0
NOV-02635,65,72.62,1,1,19,bisannuel,prelevement,4.2,0.0,4,0
NOV-02636,66,116.26,4,0,21,bisannuel,virement,8.8,0.0,2,0
NOV-02637,11,116.23,1,0,19,annuel,prelevement,9.4,0.2,2,0
NOV-02638,47,88.78,1,0,15,annuel,carte,7.0,0.1,3,0
NOV-02639,70,133.01,3,0,18,annuel,carte,7.4,0.1,3,0
NOV-02640,14,49.97,0,0,17,annuel,carte,5.5,0.0,4,0
NOV-02641,21,25.1,2,1,16,annuel,prelevement,,0.1,1,0
NOV-02642,37,125.7,1,0,12,bisannuel,carte,6.6,0.0,2,0
NOV-02643,6,127.91,2,0,15,mensuel,carte,7.1,0.05,4,1
NOV-02644,62,87.37,3,0,18,mensuel,carte,8.7,0.0,3,0
NOV-02645,56,83.94,0,0,19,bisannuel,prelevement,5.5,0.0,3,0
NOV-02646,24,105.93,3,1,13,annuel,prelevement,4.4,0.0,1,0
NOV-02647,20,83.18,1,0,23,bisannuel,prelevement,7.9,0.2,3,0
NOV-02648,46,106.47,3,0,16,mensuel,carte,5.6,0.0,4,0
NOV-02649,34,25.25,2,1,21,annuel,carte,7.4,0.0,4,0
NOV-02650,9,110.31,1,0,22,mensuel,carte,7.1,0.05,1,0
NOV-02651,26,36.66,2,1,17,mensuel,carte,9.0,0.0,3,1
NOV-02652,29,61.24,1,0,20,annuel,carte,4.2,0.1,4,1
NOV-02653,41,36.66,0,1,21,mensuel,carte,6.3,0.0,3,0
NOV-02654,15,121.83,1,0,15,annuel,carte,7.5,0.0,1,0
NOV-02655,47,37.0,1,1,24,annuel,carte,7.2,0.05,4,0
NOV-02656,63,99.48,1,0,21,mensuel,prelevement,4.4,0.1,1,0
NOV-02657,20,126.36,1,0,14,annuel,prelevement,6.6,0.05,3,0
NOV-02658,12,92.57,0,1,26,mensuel,carte,7.2,0.0,4,0
NOV-02659,36,100.98,1,0,20,annuel,carte,8.6,0.05,4,0
NOV-02660,68,37.16,0,0,16,mensuel,prelevement,9.1,0.0,4,0
NOV-02661,32,86.2,1,0,23,annuel,carte,4.0,0.05,1,0
NOV-02662,52,38.56,0,0,20,bisannuel,carte,9.7,0.0,2,0
NOV-02663,43,147.6,2,0,8,mensuel,carte,6.7,0.0,4,1
NOV-02664,61,127.59,1,2,17,annuel,prelevement,8.3,0.1,1,0
NOV-02665,29,124.69,0,0,21,mensuel,carte,6.8,0.05,3,0
NOV-02666,50,111.36,1,0,20,bisannuel,virement,5.9,0.0,2,0
NOV-02667,4,119.84,0,0,16,annuel,virement,6.7,0.0,3,0
NOV-02668,67,93.22,1,1,21,annuel,carte,3.5,0.0,2,0
NOV-02669,69,58.36,3,0,8,mensuel,prelevement,7.2,0.0,1,1
NOV-02670,1,146.51,1,0,20,bisannuel,prelevement,6.6,0.0,2,0
NOV-02671,64,132.94,2,1,9,mensuel,prelevement,6.1,0.0,3,1
NOV-02672,36,26.72,2,0,22,mensuel,virement,6.0,0.0,1,0
NOV-02673,5,140.03,0,1,21,mensuel,carte,4.8,0.0,1,1
NOV-02674,60,130.85,2,0,20,mensuel,carte,5.6,0.05,1,0
NOV-02675,56,77.27,1,1,19,bisannuel,prelevement,9.0,0.0,3,0
NOV-02676,36,60.13,0,0,16,bisannuel,prelevement,7.0,0.05,1,0
NOV-02677,71,118.15,3,0,15,mensuel,prelevement,8.2,0.0,1,0
NOV-02678,2,105.72,1,1,22,annuel,carte,2.6,0.1,1,1
NOV-02679,24,52.05,1,1,19,annuel,prelevement,5.3,0.05,2,0
NOV-02680,26,103.49,1,0,14,mensuel,carte,9.1,0.0,1,0
NOV-02681,4,,2,0,18,annuel,prelevement,5.1,0.0,3,0
NOV-02682,43,111.61,2,1,10,mensuel,prelevement,7.3,0.0,1,0
NOV-02683,50,66.84,1,1,24,annuel,prelevement,10.0,0.05,1,0
NOV-02684,29,72.8,1,4,15,mensuel,prelevement,8.9,0.05,4,0
NOV-02685,42,118.4,0,0,21,mensuel,carte,4.5,0.0,3,0
NOV-02686,66,140.16,7,1,19,annuel,prelevement,10.0,0.0,4,1
NOV-02687,32,47.37,0,0,11,annuel,prelevement,5.6,0.0,3,0
NOV-02688,3,60.01,3,1,25,annuel,carte,10.0,0.0,1,0
NOV-02689,17,81.38,2,1,19,mensuel,carte,10.0,0.0,4,0
NOV-02690,66,26.79,2,0,13,mensuel,prelevement,6.9,0.0,4,0
NOV-02691,33,46.39,3,0,24,mensuel,virement,8.1,0.0,1,0
NOV-02692,64,,2,1,13,mensuel,prelevement,6.8,0.0,1,0
NOV-02693,30,54.88,3,0,18,mensuel,prelevement,6.1,0.0,2,0
NOV-02694,18,45.09,1,0,18,mensuel,carte,7.9,0.0,1,0
NOV-02695,33,95.75,1,0,20,mensuel,prelevement,8.4,0.1,1,0
NOV-02696,54,123.26,0,2,15,annuel,prelevement,7.1,0.1,3,0
NOV-02697,59,135.89,2,1,20,annuel,prelevement,5.3,0.0,4,1
NOV-02698,13,128.46,0,1,18,mensuel,carte,8.8,0.0,3,0
NOV-02699,43,128.85,3,1,21,mensuel,prelevement,6.6,0.0,2,0
NOV-02700,37,138.67,1,2,13,mensuel,prelevement,5.3,0.0,4,1
NOV-02701,28,126.81,1,0,17,annuel,prelevement,9.0,0.0,1,0
NOV-02702,45,138.27,2,0,9,annuel,carte,7.3,0.05,4,0
NOV-02703,54,44.22,3,2,18,bisannuel,prelevement,5.6,0.0,4,0
NOV-02704,13,49.99,1,1,14,mensuel,prelevement,8.2,0.1,4,0
NOV-02705,45,125.7,1,0,18,mensuel,prelevement,7.5,0.0,4,0
NOV-02706,6,116.58,1,0,15,annuel,virement,9.9,0.1,2,0
NOV-02707,48,144.94,5,0,17,mensuel,carte,5.3,0.0,4,1
NOV-02708,65,144.3,1,0,16,mensuel,carte,5.7,0.0,1,0
NOV-02709,72,49.48,1,1,17,mensuel,prelevement,9.5,0.1,3,0
NOV-02710,70,115.08,1,0,28,mensuel,carte,7.9,0.05,3,0
NOV-02711,21,147.12,2,0,14,mensuel,carte,8.3,0.0,4,0
NOV-02712,3,64.24,1,2,21,annuel,carte,9.6,0.0,3,0
NOV-02713,64,97.22,2,0,15,mensuel,prelevement,6.9,0.0,1,1
NOV-02714,45,86.56,0,0,21,mensuel,carte,6.2,0.0,2,0
NOV-02715,19,,2,1,15,annuel,carte,7.1,0.0,3,0
NOV-02716,51,32.56,3,0,11,mensuel,virement,8.6,0.0,1,0
NOV-02717,14,146.02,1,0,17,annuel,carte,6.2,0.0,4,0
NOV-02718,9,123.31,3,0,22,annuel,prelevement,8.0,0.0,3,0
NOV-02719,18,61.21,0,3,19,mensuel,prelevement,8.0,0.0,2,1
NOV-02720,34,145.8,1,1,22,mensuel,virement,6.0,0.0,1,1
NOV-02721,42,58.32,1,0,15,mensuel,prelevement,9.8,0.0,1,0
NOV-02722,19,71.68,2,2,25,bisannuel,carte,4.5,0.0,1,0
NOV-02723,66,129.82,0,2,24,mensuel,carte,4.1,0.05,1,0
NOV-02724,49,113.27,1,0,18,mensuel,carte,7.3,0.0,2,0
NOV-02725,3,103.05,1,0,17,mensuel,prelevement,9.4,0.0,1,0
NOV-02726,6,107.61,0,1,35,mensuel,prelevement,5.5,0.0,2,0
NOV-02727,30,69.08,0,0,16,mensuel,prelevement,7.9,0.05,1,0
NOV-02728,20,143.67,1,0,22,bisannuel,carte,8.8,0.05,1,0
NOV-02729,39,69.0,1,1,17,bisannuel,carte,7.4,0.0,4,0
NOV-02730,27,109.19,0,0,21,mensuel,prelevement,5.5,0.0,1,0
NOV-02731,64,41.52,1,0,16,mensuel,prelevement,6.7,0.1,3,0
NOV-02732,7,101.04,4,0,16,bisannuel,carte,8.4,0.0,4,0
NOV-02733,8,42.13,1,1,15,bisannuel,carte,9.8,0.05,3,0
NOV-02734,64,138.96,1,0,23,annuel,carte,5.2,0.0,3,0
NOV-02735,60,142.53,2,1,16,mensuel,carte,8.2,0.0,4,0
NOV-02736,34,38.98,2,1,23,mensuel,prelevement,8.8,0.0,4,0
NOV-02737,64,105.57,0,1,19,mensuel,prelevement,8.3,0.1,1,0
NOV-02738,1,87.36,2,0,19,bisannuel,carte,10.0,0.05,4,0
NOV-02739,53,47.89,4,0,12,mensuel,carte,6.3,0.0,2,0
NOV-02740,11,117.44,2,0,21,mensuel,prelevement,3.8,0.05,1,1
NOV-02741,44,116.27,2,0,19,mensuel,prelevement,10.0,0.05,3,0
NOV-02742,4,35.34,1,0,15,mensuel,prelevement,5.0,0.0,3,0
NOV-02743,28,120.42,1,0,16,mensuel,carte,8.3,0.0,3,0
NOV-02744,21,139.78,3,0,15,mensuel,prelevement,9.9,0.0,3,0
NOV-02745,67,38.01,0,1,20,mensuel,carte,10.0,0.05,2,0
NOV-02746,33,113.93,2,0,21,mensuel,prelevement,6.2,0.05,2,1
NOV-02747,62,140.06,1,0,17,bisannuel,prelevement,6.9,0.05,4,0
NOV-02748,4,50.59,3,0,22,mensuel,prelevement,4.7,0.1,4,0
NOV-02749,52,82.59,1,0,18,mensuel,carte,8.7,0.0,1,0
NOV-02750,1,71.76,1,1,22,annuel,carte,6.1,0.0,4,0
NOV-02751,71,93.21,2,1,22,bisannuel,prelevement,8.0,0.0,3,0
NOV-02752,57,90.13,3,0,22,mensuel,virement,7.7,0.0,3,0
NOV-02753,38,103.3,0,0,18,annuel,prelevement,6.1,0.0,3,0
NOV-02754,38,116.55,2,1,19,annuel,carte,,0.05,1,0
NOV-02755,57,137.15,0,0,9,annuel,prelevement,10.0,0.0,2,0
NOV-02756,63,44.53,1,1,26,annuel,prelevement,6.2,0.05,1,0
NOV-02757,72,57.89,1,3,21,annuel,prelevement,6.8,0.2,3,0
NOV-02758,1,81.31,4,1,12,mensuel,carte,5.1,0.2,4,0
NOV-02759,48,110.33,1,0,21,bisannuel,prelevement,8.0,0.0,3,0
NOV-02760,15,98.29,1,0,18,annuel,carte,7.3,0.1,2,0
NOV-02761,4,45.15,4,0,17,mensuel,carte,8.3,0.0,3,0
NOV-02762,44,66.13,2,0,24,annuel,carte,7.9,0.05,1,0
NOV-02763,15,100.21,1,0,21,annuel,carte,5.0,0.0,1,1
NOV-02764,51,63.36,2,0,20,annuel,carte,8.1,0.0,1,0
NOV-02765,46,135.96,0,0,20,mensuel,prelevement,4.9,0.05,4,1
NOV-02766,18,25.46,2,0,24,mensuel,prelevement,8.9,0.0,1,0
NOV-02767,6,87.58,2,1,26,mensuel,carte,7.8,0.0,4,1
NOV-02768,67,109.45,1,1,16,mensuel,prelevement,10.0,0.0,2,0
NOV-02769,16,126.22,2,1,19,mensuel,prelevement,7.5,0.0,2,1
NOV-02770,33,52.46,4,2,19,annuel,carte,7.4,0.2,1,1
NOV-02771,61,78.43,3,1,18,mensuel,carte,3.4,0.0,1,1
NOV-02772,38,142.32,3,0,25,annuel,carte,6.4,0.0,4,0
NOV-02773,19,119.48,1,2,19,mensuel,virement,8.2,0.0,4,1
NOV-02774,45,97.87,2,1,20,bisannuel,prelevement,,0.0,1,0
NOV-02775,33,35.77,1,0,16,annuel,prelevement,6.0,0.05,2,0
NOV-02776,16,111.41,0,0,12,annuel,carte,7.1,0.0,2,0
NOV-02777,19,101.17,3,0,21,bisannuel,carte,7.9,0.0,3,0
NOV-02778,23,30.77,2,0,21,mensuel,prelevement,6.4,0.0,4,0
NOV-02779,3,19.19,0,0,27,annuel,prelevement,5.2,0.0,2,0
NOV-02780,17,97.98,6,0,13,mensuel,carte,5.6,0.0,2,1
NOV-02781,37,107.84,3,0,15,mensuel,carte,7.9,0.0,2,0
NOV-02782,2,22.88,2,2,17,mensuel,virement,9.7,0.0,3,0
NOV-02783,58,30.24,2,4,25,annuel,carte,7.6,0.1,1,1
NOV-02784,7,50.81,2,0,17,mensuel,carte,9.2,0.0,4,1
NOV-02785,11,56.55,1,0,20,annuel,prelevement,9.1,0.0,3,0
NOV-02786,51,111.88,1,0,19,bisannuel,prelevement,,0.0,4,0
NOV-02787,11,53.49,0,0,20,annuel,carte,6.5,0.05,2,0
NOV-02788,57,86.03,1,0,17,annuel,prelevement,7.6,0.05,1,0
NOV-02789,67,130.31,2,0,22,annuel,carte,8.6,0.0,1,0
NOV-02790,3,129.33,1,0,19,annuel,prelevement,7.5,0.0,2,0
NOV-02791,56,65.69,3,0,22,annuel,virement,5.3,0.0,3,0
NOV-02792,50,63.39,0,1,21,mensuel,carte,7.7,0.0,2,0
NOV-02793,40,46.01,0,0,15,mensuel,carte,4.5,0.0,3,0
NOV-02794,23,32.87,3,0,27,mensuel,virement,8.6,0.1,3,0
NOV-02795,34,92.57,0,0,15,annuel,prelevement,10.0,0.1,1,0
NOV-02796,47,20.64,2,0,17,mensuel,prelevement,9.0,0.05,1,0
NOV-02797,52,114.36,1,0,11,bisannuel,carte,7.9,0.0,2,0
NOV-02798,69,132.56,0,1,22,mensuel,prelevement,5.0,0.0,3,0
NOV-02799,9,94.2,4,0,21,mensuel,carte,6.3,0.1,3,1
NOV-02800,62,77.05,1,0,16,mensuel,carte,9.4,0.0,1,0
NOV-02801,3,119.74,2,0,15,mensuel,prelevement,8.0,0.0,1,0
NOV-02802,55,64.18,3,0,14,mensuel,carte,6.6,0.0,4,0
NOV-02803,65,147.49,1,0,19,annuel,prelevement,6.8,0.0,2,0
NOV-02804,12,69.16,4,1,18,annuel,prelevement,6.6,0.1,2,0
NOV-02805,48,100.21,0,1,20,annuel,prelevement,8.5,0.0,2,0
NOV-02806,70,125.58,3,1,17,mensuel,prelevement,5.0,0.1,2,1
NOV-02807,48,95.66,1,0,21,mensuel,carte,9.1,0.05,3,0
NOV-02808,34,49.21,2,0,11,mensuel,prelevement,8.4,0.1,2,0
NOV-02809,14,77.42,2,1,18,annuel,prelevement,8.8,0.1,3,0
NOV-02810,62,102.62,1,1,14,mensuel,prelevement,5.7,0.0,2,0
NOV-02811,33,127.19,0,1,26,mensuel,prelevement,8.1,0.05,2,0
NOV-02812,46,54.08,2,0,21,mensuel,virement,8.4,0.0,1,0
NOV-02813,28,30.82,3,0,15,mensuel,carte,10.0,0.0,2,0
NOV-02814,71,31.3,2,1,15,mensuel,prelevement,8.8,0.05,1,0
NOV-02815,17,60.6,1,0,22,annuel,prelevement,7.9,0.1,2,0
NOV-02816,7,79.01,3,0,7,annuel,prelevement,7.9,0.0,3,1
NOV-02817,45,65.19,2,1,23,annuel,prelevement,4.2,0.2,1,0
NOV-02818,3,134.97,3,0,18,annuel,carte,6.8,0.1,1,1
NOV-02819,48,53.06,1,0,26,mensuel,virement,4.2,0.0,2,0
NOV-02820,10,78.62,2,3,19,mensuel,carte,9.4,0.05,3,0
NOV-02821,49,43.34,2,0,19,mensuel,virement,7.9,0.1,3,0
NOV-02822,29,86.62,0,2,15,bisannuel,carte,7.0,0.0,4,0
NOV-02823,71,28.21,1,0,17,mensuel,prelevement,5.9,0.0,3,0
NOV-02824,20,112.97,0,0,16,mensuel,virement,8.9,0.05,3,0
NOV-02825,10,54.94,1,1,14,mensuel,carte,6.7,0.1,2,0
NOV-02826,4,85.34,0,0,20,mensuel,virement,9.2,0.1,1,0
NOV-02827,6,126.94,0,0,17,mensuel,prelevement,5.9,0.0,4,1
NOV-02828,60,48.43,1,2,13,mensuel,prelevement,6.5,0.0,3,0
NOV-02829,7,141.53,1,0,13,annuel,prelevement,7.7,0.05,1,1
NOV-02830,14,76.39,0,0,16,mensuel,prelevement,8.2,0.0,1,0
NOV-02831,34,86.93,3,0,27,bisannuel,carte,,0.05,4,0
NOV-02832,61,44.19,2,0,16,mensuel,prelevement,8.2,0.1,3,0
NOV-02833,35,26.34,2,0,16,mensuel,carte,7.7,0.0,3,0
NOV-02834,1,111.23,1,1,18,mensuel,carte,2.9,0.05,1,1
NOV-02835,24,58.92,0,0,11,annuel,prelevement,6.8,0.2,2,0
NOV-02836,69,107.88,1,3,15,annuel,prelevement,6.2,0.1,2,1
NOV-02837,6,76.47,0,1,18,mensuel,virement,5.2,0.0,2,0
NOV-02838,26,30.14,0,0,11,mensuel,carte,9.0,0.1,2,0
NOV-02839,67,33.46,1,0,12,bisannuel,carte,6.9,0.1,3,0
NOV-02840,23,26.04,2,0,22,mensuel,prelevement,5.8,0.0,1,0
NOV-02841,64,104.62,1,0,14,annuel,prelevement,7.0,0.05,1,0
NOV-02842,34,47.57,0,2,23,mensuel,carte,7.3,0.05,4,0
NOV-02843,67,142.81,2,0,23,mensuel,virement,5.5,0.1,3,1
NOV-02844,65,59.73,5,1,13,bisannuel,prelevement,4.8,0.0,3,1
NOV-02845,52,97.07,3,0,22,annuel,carte,5.8,0.1,4,0
NOV-02846,12,118.92,0,1,26,annuel,carte,10.0,0.1,3,0
NOV-02847,65,45.49,1,0,16,mensuel,carte,9.8,0.1,3,0
NOV-02848,2,143.65,2,2,21,mensuel,carte,8.9,0.1,3,1
NOV-02849,17,46.83,1,1,27,bisannuel,carte,6.3,0.1,2,0
NOV-02850,51,128.36,2,0,14,annuel,carte,6.3,0.1,1,0
NOV-02851,25,65.04,4,0,13,mensuel,virement,9.1,0.0,4,0
NOV-02852,9,145.4,1,1,20,mensuel,prelevement,8.5,0.0,2,1
NOV-02853,33,116.13,0,0,11,bisannuel,virement,5.3,0.1,3,0
NOV-02854,54,56.97,1,0,15,bisannuel,carte,8.0,0.0,2,0
NOV-02855,18,133.61,0,0,9,mensuel,prelevement,6.4,0.0,4,0
NOV-02856,69,51.73,5,0,20,bisannuel,carte,7.7,0.1,1,0
NOV-02857,72,123.18,2,0,13,bisannuel,prelevement,5.3,0.05,4,0
NOV-02858,48,100.29,2,1,15,mensuel,carte,6.6,0.0,1,0
NOV-02859,11,74.54,2,2,15,mensuel,prelevement,3.8,0.0,3,1
NOV-02860,68,,0,0,10,annuel,carte,5.6,0.0,3,0
NOV-02861,19,110.32,2,0,15,mensuel,carte,7.2,0.05,3,1
NOV-02862,63,24.24,4,0,14,annuel,virement,4.4,0.05,1,0
NOV-02863,29,116.97,0,0,17,annuel,virement,3.8,0.0,1,0
NOV-02864,14,98.88,1,0,11,bisannuel,prelevement,4.7,0.2,3,0
NOV-02865,45,45.34,1,0,19,annuel,carte,5.5,0.0,3,0
NOV-02866,40,122.02,1,0,16,mensuel,prelevement,3.6,0.1,3,1
NOV-02867,39,20.78,1,0,16,annuel,virement,4.7,0.0,3,0
NOV-02868,36,136.16,3,1,19,mensuel,prelevement,5.2,0.05,4,1
NOV-02869,38,138.19,0,1,21,mensuel,prelevement,6.9,0.1,2,0
NOV-02870,72,28.35,0,0,30,mensuel,carte,6.0,0.0,1,0
NOV-02871,7,110.32,1,0,12,mensuel,prelevement,5.8,0.1,3,0
NOV-02872,30,64.42,2,2,18,annuel,prelevement,8.2,0.1,2,0
NOV-02873,20,41.64,2,1,20,annuel,virement,,0.0,2,0
NOV-02874,21,20.63,1,0,16,mensuel,carte,7.0,0.05,2,0
NOV-02875,67,68.3,2,0,18,mensuel,carte,4.9,0.0,2,0
NOV-02876,57,138.68,2,0,27,mensuel,prelevement,5.3,0.1,1,0
NOV-02877,41,43.46,4,0,19,mensuel,prelevement,8.6,0.05,2,0
NOV-02878,69,60.75,0,0,19,mensuel,virement,4.5,0.0,2,1
NOV-02879,38,101.56,1,0,15,mensuel,prelevement,5.9,0.0,2,0
NOV-02880,29,24.21,2,0,17,mensuel,virement,8.4,0.0,1,0
NOV-02881,30,23.13,4,0,15,mensuel,prelevement,8.5,0.0,4,0
NOV-02882,12,55.31,1,1,19,annuel,prelevement,9.5,0.0,3,0
NOV-02883,18,131.6,0,0,18,mensuel,carte,9.4,0.05,1,0
NOV-02884,20,96.41,3,0,23,mensuel,virement,5.3,0.0,4,0
NOV-02885,25,67.46,1,1,19,mensuel,carte,,0.1,4,0
NOV-02886,50,122.63,1,0,22,annuel,prelevement,4.7,0.0,4,1
NOV-02887,33,86.3,3,1,26,mensuel,prelevement,6.0,0.0,2,0
NOV-02888,68,72.12,4,1,18,annuel,virement,8.6,0.1,3,0
NOV-02889,68,73.74,0,2,15,mensuel,prelevement,5.8,0.1,3,0
NOV-02890,27,28.69,1,0,18,mensuel,carte,7.2,0.0,2,0
NOV-02891,27,38.0,1,0,11,annuel,prelevement,6.7,0.0,2,0
NOV-02892,27,66.32,3,2,12,annuel,prelevement,6.4,0.05,2,0
NOV-02893,3,48.7,1,0,25,annuel,prelevement,8.0,0.0,4,0
NOV-02894,58,130.84,0,1,14,mensuel,prelevement,7.1,0.1,3,1
NOV-02895,46,73.85,0,1,12,mensuel,carte,6.4,0.1,1,0
NOV-02896,15,28.14,2,0,18,mensuel,prelevement,5.0,0.0,1,1
NOV-02897,17,91.04,0,1,18,bisannuel,prelevement,8.6,0.0,3,0
NOV-02898,19,111.73,2,0,19,bisannuel,carte,8.8,0.1,4,0
NOV-02899,24,147.33,0,1,12,mensuel,carte,4.6,0.1,4,1
NOV-02900,29,23.47,2,1,16,bisannuel,prelevement,5.7,0.1,2,0
NOV-02901,28,25.44,1,1,18,mensuel,prelevement,8.4,0.0,2,1
NOV-02902,40,27.71,2,1,21,mensuel,carte,4.6,0.0,1,0
NOV-02903,48,70.33,1,1,9,annuel,prelevement,5.1,0.0,1,0
NOV-02904,51,87.66,1,1,23,mensuel,carte,8.4,0.2,3,0
NOV-02905,42,137.11,2,0,15,annuel,prelevement,9.3,0.0,3,0
NOV-02906,53,148.34,0,0,19,annuel,carte,6.6,0.1,2,0
NOV-02907,34,60.36,1,0,18,bisannuel,prelevement,8.2,0.0,2,0
NOV-02908,56,66.4,0,0,24,bisannuel,prelevement,5.6,0.0,1,0
NOV-02909,2,124.42,3,0,24,annuel,prelevement,7.9,0.0,4,1
NOV-02910,8,24.11,1,2,22,mensuel,carte,9.0,0.0,3,0
NOV-02911,12,39.68,2,1,22,mensuel,carte,6.3,0.0,4,0
NOV-02912,43,146.82,2,1,19,annuel,prelevement,5.4,0.05,2,0
NOV-02913,30,22.69,0,1,15,mensuel,carte,5.5,0.2,2,0
NOV-02914,45,36.61,2,0,19,mensuel,carte,8.1,0.0,2,0
NOV-02915,42,131.24,1,0,14,mensuel,prelevement,9.7,0.1,4,0
NOV-02916,30,139.28,2,0,25,mensuel,prelevement,6.4,0.0,3,0
NOV-02917,72,127.77,2,1,24,mensuel,prelevement,6.9,0.0,3,0
NOV-02918,70,55.19,3,0,12,bisannuel,prelevement,,0.0,3,0
NOV-02919,24,139.82,1,1,22,annuel,carte,7.0,0.2,3,0
NOV-02920,67,137.72,6,2,21,annuel,virement,8.9,0.0,4,1
NOV-02921,51,115.11,3,2,17,annuel,prelevement,7.5,0.1,4,1
NOV-02922,48,59.15,2,0,11,annuel,prelevement,8.7,0.0,2,0
NOV-02923,8,136.19,0,1,16,bisannuel,carte,6.2,0.0,1,0
NOV-02924,31,90.68,1,0,19,bisannuel,virement,9.6,0.1,1,0
NOV-02925,26,92.06,0,1,16,mensuel,carte,6.9,0.05,3,0
NOV-02926,55,76.23,1,0,14,bisannuel,prelevement,5.3,0.0,4,0
NOV-02927,61,69.76,3,0,22,mensuel,carte,6.8,0.0,3,1
NOV-02928,68,128.39,3,1,21,mensuel,carte,5.4,0.0,1,1
NOV-02929,20,25.47,1,2,15,bisannuel,prelevement,6.1,0.0,1,0
NOV-02930,38,27.79,1,0,20,mensuel,prelevement,7.5,0.0,4,0
NOV-02931,66,140.04,2,0,20,mensuel,carte,7.3,0.1,1,0
NOV-02932,6,40.5,0,2,18,bisannuel,prelevement,8.2,0.0,1,0
NOV-02933,7,106.23,2,0,20,bisannuel,carte,10.0,0.2,2,0
NOV-02934,5,35.04,2,1,19,mensuel,carte,6.6,0.0,4,0
NOV-02935,36,127.51,1,0,9,mensuel,prelevement,4.7,0.0,4,0
NOV-02936,14,71.25,2,0,29,mensuel,prelevement,7.4,0.05,1,0
NOV-02937,52,54.84,0,1,17,mensuel,carte,3.8,0.1,3,0
NOV-02938,9,126.36,2,0,18,annuel,virement,6.3,0.0,1,0
NOV-02939,5,145.45,2,1,18,annuel,carte,6.5,0.1,3,1
NOV-02940,55,,0,1,20,annuel,prelevement,8.9,0.0,2,0
NOV-02941,61,65.93,1,0,19,annuel,prelevement,3.2,0.0,4,1
NOV-02942,27,52.3,3,0,23,mensuel,prelevement,7.4,0.05,2,0
NOV-02943,15,120.63,0,2,21,mensuel,carte,5.5,0.1,1,0
NOV-02944,9,87.64,3,0,13,mensuel,prelevement,6.4,0.1,4,0
NOV-02945,61,84.66,3,0,12,annuel,prelevement,7.2,0.0,1,0
NOV-02946,52,117.7,3,1,17,mensuel,carte,7.9,0.0,1,0
NOV-02947,44,139.74,2,0,21,mensuel,prelevement,6.4,0.05,3,0
NOV-02948,36,57.55,0,0,12,annuel,prelevement,8.1,0.0,4,0
NOV-02949,41,38.75,1,0,15,mensuel,carte,,0.05,1,0
NOV-02950,52,137.05,1,1,16,mensuel,carte,6.4,0.1,1,0
NOV-02951,48,88.5,1,0,17,mensuel,virement,5.4,0.0,2,0
NOV-02952,70,84.8,4,0,20,mensuel,prelevement,4.9,0.0,1,0
NOV-02953,44,110.29,1,0,15,mensuel,prelevement,4.2,0.05,4,1
NOV-02954,42,19.15,1,2,18,annuel,prelevement,9.4,0.2,2,0
NOV-02955,20,74.84,0,3,16,mensuel,carte,7.6,0.1,1,1
NOV-02956,65,37.59,3,0,18,bisannuel,virement,7.6,0.0,4,0
NOV-02957,62,146.42,0,0,14,mensuel,prelevement,7.0,0.1,1,0
NOV-02958,64,134.49,0,0,17,annuel,prelevement,7.2,0.0,1,0
NOV-02959,7,37.67,3,0,23,mensuel,carte,8.0,0.1,4,0
NOV-02960,71,92.23,0,0,16,bisannuel,prelevement,7.1,0.0,2,0
NOV-02961,31,106.09,2,0,9,mensuel,prelevement,5.2,0.05,2,0
NOV-02962,54,62.8,3,0,18,bisannuel,carte,,0.05,4,0
NOV-02963,59,137.73,0,1,16,bisannuel,prelevement,9.5,0.0,3,0
NOV-02964,7,83.4,1,0,15,annuel,prelevement,4.2,0.2,4,0
NOV-02965,37,148.01,2,0,25,annuel,prelevement,6.5,0.0,1,0
NOV-02966,68,135.59,3,0,16,mensuel,prelevement,8.4,0.0,4,0
NOV-02967,58,76.26,3,0,25,mensuel,carte,9.3,0.1,4,0
NOV-02968,16,120.41,2,0,14,bisannuel,carte,5.3,0.0,2,0
NOV-02969,45,89.29,2,0,19,annuel,carte,7.4,0.0,2,1
NOV-02970,70,71.06,2,1,31,bisannuel,carte,8.7,0.1,2,0
NOV-02971,5,78.54,3,0,17,mensuel,prelevement,9.7,0.05,4,0
NOV-02972,40,101.49,2,0,17,annuel,carte,6.9,0.0,3,0
NOV-02973,2,101.78,2,1,15,annuel,prelevement,10.0,0.0,3,0
NOV-02974,59,57.12,1,0,26,annuel,carte,6.5,0.1,2,0
NOV-02975,4,75.83,2,2,10,annuel,prelevement,9.2,0.1,2,0
NOV-02976,27,87.36,1,1,19,mensuel,prelevement,7.7,0.1,1,0
NOV-02977,45,100.0,2,1,20,annuel,carte,6.0,0.1,3,0
NOV-02978,61,131.11,0,1,13,bisannuel,carte,6.0,0.0,1,0
NOV-02979,72,47.65,0,0,15,mensuel,prelevement,7.1,0.05,4,0
NOV-02980,20,112.1,0,0,16,annuel,prelevement,6.2,0.1,1,1
NOV-02981,15,40.21,1,0,19,bisannuel,prelevement,5.8,0.0,3,0
NOV-02982,67,138.36,1,1,15,mensuel,prelevement,7.2,0.0,3,0
NOV-02983,4,139.84,1,0,20,mensuel,prelevement,8.0,0.0,4,0
NOV-02984,26,78.73,2,0,27,bisannuel,carte,,0.0,4,0
NOV-02985,18,87.54,2,0,14,annuel,prelevement,6.2,0.0,2,0
NOV-02986,66,98.7,1,0,18,mensuel,prelevement,7.3,0.05,1,0
NOV-02987,63,148.86,1,1,13,bisannuel,prelevement,6.0,0.0,4,1
NOV-02988,72,,1,1,22,annuel,carte,5.1,0.0,3,0
NOV-02989,65,131.53,1,0,27,annuel,prelevement,7.8,0.0,2,0
NOV-02990,15,80.48,0,0,19,mensuel,carte,9.0,0.0,4,0
NOV-02991,64,26.87,1,0,20,mensuel,carte,10.0,0.1,2,0
NOV-02992,62,132.23,2,0,19,mensuel,prelevement,7.3,0.0,3,0
NOV-02993,53,32.53,1,2,20,annuel,prelevement,5.1,0.0,2,0
NOV-02994,51,21.98,1,0,21,bisannuel,prelevement,7.9,0.1,2,0
NOV-02995,69,35.9,1,0,21,annuel,carte,5.3,0.0,4,0
NOV-02996,11,100.8,1,0,21,mensuel,carte,4.1,0.0,4,0
NOV-02997,21,132.57,1,1,13,mensuel,prelevement,7.7,0.05,2,0
NOV-02998,29,77.19,6,1,15,bisannuel,prelevement,7.0,0.1,2,0
NOV-02999,33,67.51,2,1,22,annuel,prelevement,5.9,0.0,1,0
NOV-03000,41,99.23,1,0,15,mensuel,prelevement,6.6,0.0,1,0
NOV-03001,6,93.55,0,0,16,mensuel,virement,6.0,0.0,4,0
NOV-03002,36,44.44,3,0,12,mensuel,carte,8.7,0.05,4,0
NOV-03003,46,119.53,2,0,19,annuel,prelevement,6.2,0.05,3,0
NOV-03004,7,95.34,1,1,18,mensuel,prelevement,9.7,0.1,4,0
NOV-03005,68,93.71,1,1,20,annuel,carte,6.5,0.0,1,0
NOV-03006,43,46.71,1,0,20,annuel,prelevement,3.4,0.0,4,0
NOV-03007,33,87.83,1,0,21,annuel,prelevement,5.9,0.0,4,0
NOV-03008,13,96.79,0,0,16,mensuel,prelevement,5.4,0.1,2,1
NOV-03009,45,67.09,0,1,20,annuel,prelevement,8.2,0.0,3,1
NOV-03010,24,119.85,0,0,25,annuel,virement,5.3,0.0,1,0
NOV-03011,49,46.13,1,1,13,mensuel,prelevement,10.0,0.1,2,0
NOV-03012,34,78.69,0,0,16,annuel,carte,7.8,0.1,3,0
NOV-03013,49,94.15,4,0,17,mensuel,carte,6.8,0.0,2,0
NOV-03014,44,56.78,0,1,21,annuel,virement,7.8,0.05,1,0
NOV-03015,13,77.74,0,0,11,bisannuel,virement,8.1,0.0,3,0
NOV-03016,67,56.56,4,0,26,mensuel,carte,8.1,0.0,2,0
NOV-03017,8,134.53,1,1,23,mensuel,prelevement,4.3,0.1,1,1
NOV-03018,39,78.44,1,0,22,mensuel,prelevement,7.8,0.0,2,0
NOV-03019,28,56.91,0,1,15,annuel,carte,9.1,0.1,3,0
NOV-03020,36,78.07,0,0,21,bisannuel,carte,,0.05,1,0
NOV-03021,72,99.93,2,2,20,bisannuel,prelevement,7.6,0.0,1,0
NOV-03022,11,64.68,1,0,22,annuel,carte,6.7,0.05,3,1
NOV-03023,20,39.97,3,0,18,mensuel,prelevement,7.6,0.05,2,0
NOV-03024,58,146.34,0,0,17,mensuel,prelevement,6.1,0.1,3,0
NOV-03025,49,108.81,0,0,14,mensuel,carte,9.4,0.1,3,0
NOV-03026,37,107.04,0,0,18,annuel,carte,8.9,0.05,2,0
NOV-03027,67,144.37,1,0,24,annuel,carte,6.7,0.0,2,0
NOV-03028,67,64.07,1,1,11,annuel,prelevement,5.7,0.0,2,0
NOV-03029,46,40.03,2,1,22,mensuel,carte,7.7,0.05,3,0
NOV-03030,19,66.03,1,1,18,mensuel,carte,7.7,0.05,1,0
NOV-03031,23,74.47,2,1,18,annuel,carte,7.4,0.0,3,0
NOV-03032,52,87.97,2,0,22,annuel,carte,6.5,0.0,2,0
NOV-03033,70,73.44,0,1,7,mensuel,prelevement,4.6,0.1,2,0
NOV-03034,68,30.73,0,0,24,mensuel,prelevement,7.2,0.0,1,0
NOV-03035,22,48.04,2,0,15,annuel,prelevement,6.6,0.05,3,1
NOV-03036,44,39.35,0,0,16,mensuel,carte,7.2,0.0,4,0
NOV-03037,60,119.42,5,1,20,annuel,prelevement,6.1,0.05,1,1
NOV-03038,54,39.14,1,0,18,mensuel,prelevement,9.1,0.0,1,0
NOV-03039,67,37.02,3,0,23,annuel,carte,6.0,0.0,2,0
NOV-03040,19,20.38,4,0,25,mensuel,carte,5.9,0.2,1,1
NOV-03041,63,105.32,2,1,17,bisannuel,carte,6.5,0.1,1,0
NOV-03042,38,94.3,2,0,20,mensuel,prelevement,8.3,0.0,4,0
NOV-03043,64,38.37,4,0,20,bisannuel,carte,,0.0,3,0
NOV-03044,3,81.9,1,1,11,bisannuel,prelevement,7.0,0.05,1,0
NOV-03045,51,92.68,1,1,21,mensuel,prelevement,6.5,0.0,4,0
NOV-03046,51,31.6,0,1,16,mensuel,carte,7.3,0.0,1,0
NOV-03047,5,142.21,1,1,16,mensuel,carte,9.3,0.05,4,0
NOV-03048,18,33.95,3,0,27,annuel,prelevement,7.1,0.0,4,0
NOV-03049,8,123.85,1,1,11,bisannuel,prelevement,6.5,0.0,3,1
NOV-03050,1,85.83,5,1,18,annuel,prelevement,7.0,0.1,3,0
NOV-03051,1,78.89,1,0,23,mensuel,carte,6.5,0.0,1,0
NOV-03052,71,28.91,0,1,15,mensuel,prelevement,,0.0,2,0
NOV-03053,58,44.98,3,0,17,mensuel,carte,6.7,0.1,3,0
NOV-03054,1,134.47,4,0,12,mensuel,carte,5.9,0.05,3,1
NOV-03055,2,50.96,3,3,19,bisannuel,carte,8.4,0.05,1,1
NOV-03056,18,82.56,1,2,11,mensuel,carte,7.3,0.0,2,0
NOV-03057,39,29.0,3,1,25,mensuel,carte,5.4,0.1,2,1
NOV-03058,71,31.46,1,1,20,mensuel,carte,8.5,0.05,1,0
NOV-03059,31,48.47,5,0,19,mensuel,virement,6.1,0.0,1,1
NOV-03060,53,66.17,2,3,15,bisannuel,carte,7.0,0.0,1,0
NOV-03061,55,47.45,1,2,18,bisannuel,prelevement,4.7,0.2,3,1
NOV-03062,61,132.23,2,2,26,mensuel,prelevement,8.4,0.0,1,0
NOV-03063,43,38.25,0,0,24,mensuel,carte,4.9,0.05,4,0
NOV-03064,14,39.99,0,1,12,mensuel,prelevement,7.5,0.05,3,0
NOV-03065,34,140.8,2,0,15,mensuel,carte,6.8,0.0,2,0
NOV-03066,39,101.09,1,0,16,mensuel,prelevement,7.3,0.1,3,0
NOV-03067,51,70.17,0,0,10,mensuel,prelevement,4.0,0.1,3,0
NOV-03068,54,19.13,3,0,17,mensuel,prelevement,6.6,0.1,3,0
NOV-03069,44,133.9,0,1,23,mensuel,prelevement,7.6,0.0,1,0
NOV-03070,41,34.15,1,3,12,mensuel,prelevement,6.1,0.0,3,1
NOV-03071,55,98.99,1,0,15,annuel,prelevement,9.5,0.0,1,0
NOV-03072,23,39.27,0,0,14,mensuel,prelevement,6.8,0.1,1,0
NOV-03073,60,133.35,3,0,20,bisannuel,virement,6.6,0.0,1,0
NOV-03074,20,129.93,2,0,21,mensuel,virement,7.1,0.05,3,0
NOV-03075,59,32.72,4,1,24,mensuel,carte,8.8,0.1,1,0
NOV-03076,45,135.82,2,0,16,mensuel,prelevement,7.6,0.0,2,0
NOV-03077,27,135.67,3,0,15,mensuel,prelevement,3.4,0.0,1,1
NOV-03078,31,145.67,4,1,17,mensuel,prelevement,,0.0,3,1
NOV-03079,23,67.31,3,2,22,annuel,carte,10.0,0.05,1,0
NOV-03080,34,83.72,2,0,18,annuel,carte,10.0,0.1,3,0
NOV-03081,58,113.73,0,0,17,annuel,carte,7.3,0.0,4,0
NOV-03082,1,82.71,0,0,18,mensuel,prelevement,4.4,0.05,3,1
NOV-03083,35,121.41,2,0,11,mensuel,carte,8.5,0.05,1,0
NOV-03084,57,105.27,2,1,12,annuel,prelevement,8.3,0.0,3,0
NOV-03085,27,56.61,3,0,14,mensuel,carte,5.5,0.0,1,1
NOV-03086,52,136.33,2,0,11,mensuel,carte,6.6,0.05,3,0
NOV-03087,38,146.9,4,0,16,annuel,prelevement,4.7,0.0,1,0
NOV-03088,10,116.93,1,0,16,mensuel,carte,6.7,0.2,3,1
NOV-03089,51,29.23,1,0,20,annuel,prelevement,6.3,0.2,3,0
NOV-03090,22,84.06,1,0,20,mensuel,prelevement,4.9,0.0,3,1
NOV-03091,33,29.02,0,1,15,annuel,carte,8.7,0.05,4,0
NOV-03092,62,41.3,3,0,21,mensuel,carte,7.4,0.05,3,0
NOV-03093,2,83.38,0,0,17,mensuel,virement,7.5,0.2,1,0
NOV-03094,18,26.03,2,0,7,annuel,carte,10.0,0.0,3,0
NOV-03095,55,145.06,2,2,19,annuel,prelevement,5.5,0.1,3,1
NOV-03096,13,59.67,2,1,15,mensuel,virement,7.8,0.0,2,0
NOV-03097,12,42.8,2,0,27,annuel,prelevement,4.3,0.2,1,0
NOV-03098,12,88.68,0,1,21,mensuel,prelevement,9.6,0.2,3,0
NOV-03099,58,25.51,3,0,20,annuel,carte,10.0,0.2,1,0
NOV-03100,45,46.42,3,0,19,annuel,carte,,0.0,2,0
NOV-03101,59,142.71,0,0,15,mensuel,virement,7.4,0.0,3,0
NOV-03102,16,121.11,2,0,19,annuel,carte,7.3,0.0,1,1
NOV-03103,13,144.08,0,1,19,mensuel,prelevement,6.6,0.0,4,0
NOV-03104,70,43.48,0,0,15,annuel,carte,8.8,0.0,4,0
NOV-03105,66,125.18,3,0,21,mensuel,carte,3.9,0.0,4,1
NOV-03106,37,135.75,2,2,20,annuel,prelevement,8.0,0.1,4,1
NOV-03107,69,100.55,0,1,18,mensuel,prelevement,7.3,0.1,3,0
NOV-03108,51,78.19,3,0,19,mensuel,prelevement,6.6,0.0,4,0
NOV-03109,2,45.25,1,1,23,mensuel,prelevement,10.0,0.0,2,0
NOV-03110,34,99.3,4,0,13,mensuel,prelevement,10.0,0.0,2,0
NOV-03111,10,110.7,1,1,12,mensuel,carte,4.6,0.0,2,1
NOV-03112,69,36.76,2,0,14,mensuel,prelevement,5.1,0.0,3,0
NOV-03113,64,113.63,2,0,14,mensuel,carte,7.0,0.0,4,0
NOV-03114,49,57.24,0,0,21,mensuel,carte,10.0,0.05,1,0
NOV-03115,36,136.68,1,1,19,annuel,carte,6.1,0.05,4,0
NOV-03116,7,28.63,1,1,14,mensuel,virement,6.5,0.0,1,1
NOV-03117,40,30.07,0,1,18,annuel,prelevement,8.8,0.0,2,0
NOV-03118,4,44.35,1,1,21,mensuel,prelevement,7.1,0.1,4,0
NOV-03119,11,144.91,0,0,26,annuel,prelevement,7.3,0.1,3,0
NOV-03120,65,137.24,0,0,16,annuel,carte,9.7,0.0,2,0
NOV-03121,9,33.28,2,0,20,annuel,prelevement,10.0,0.0,2,0
NOV-03122,67,30.25,0,2,16,annuel,carte,7.7,0.2,2,0
NOV-03123,16,61.64,2,0,23,mensuel,carte,6.3,0.05,2,0
NOV-03124,9,27.38,1,0,22,mensuel,prelevement,7.7,0.0,4,0
NOV-03125,43,118.37,4,1,13,annuel,prelevement,6.5,0.05,3,0
NOV-03126,20,104.69,1,0,24,mensuel,prelevement,3.9,0.0,2,0
NOV-03127,72,86.66,3,0,13,bisannuel,prelevement,7.2,0.0,1,0
NOV-03128,39,60.44,0,1,17,bisannuel,prelevement,9.7,0.1,3,0
NOV-03129,45,141.04,2,0,15,mensuel,carte,6.7,0.0,1,0
NOV-03130,55,99.03,4,0,21,annuel,carte,5.3,0.2,4,0
NOV-03131,32,49.64,5,1,22,annuel,carte,5.7,0.2,2,1
NOV-03132,68,47.79,0,0,11,annuel,prelevement,8.3,0.05,4,0
NOV-03133,15,68.84,2,0,23,mensuel,carte,3.3,0.0,4,1
NOV-03134,70,29.08,0,1,22,mensuel,prelevement,6.0,0.05,4,0
NOV-03135,28,139.7,0,0,26,bisannuel,carte,10.0,0.05,1,0
NOV-03136,69,25.16,1,0,11,annuel,carte,6.2,0.0,1,0
NOV-03137,32,64.97,0,1,16,bisannuel,prelevement,5.1,0.0,3,0
NOV-03138,59,60.48,3,0,24,mensuel,prelevement,7.7,0.0,2,0
NOV-03139,67,123.0,3,1,22,mensuel,carte,6.5,0.0,4,0
NOV-03140,41,96.26,3,1,14,bisannuel,carte,5.0,0.0,2,1
NOV-03141,3,77.4,0,0,24,mensuel,carte,9.5,0.05,4,1
NOV-03142,71,34.8,0,1,17,annuel,prelevement,10.0,0.0,1,0
NOV-03143,29,85.14,3,1,18,mensuel,prelevement,6.0,0.1,4,1
NOV-03144,66,66.82,2,0,18,mensuel,carte,8.8,0.0,1,0
NOV-03145,22,117.5,2,0,19,annuel,carte,7.6,0.05,3,0
NOV-03146,68,66.13,5,0,13,bisannuel,prelevement,7.2,0.0,4,0
NOV-03147,69,20.59,0,0,14,mensuel,virement,8.2,0.0,2,0
NOV-03148,6,148.05,4,0,15,bisannuel,prelevement,9.5,0.0,2,0
NOV-03149,25,61.44,3,0,13,annuel,carte,6.5,0.05,2,0
NOV-03150,4,27.29,2,0,21,annuel,carte,9.3,0.0,2,0
NOV-03151,28,112.57,1,0,16,mensuel,carte,7.8,0.0,2,0
NOV-03152,28,60.59,2,0,20,mensuel,prelevement,6.5,0.05,3,0
NOV-03153,48,68.41,0,0,13,bisannuel,prelevement,3.6,0.05,2,0
NOV-03154,30,63.74,0,1,15,mensuel,prelevement,7.6,0.1,4,0
NOV-03155,35,83.29,2,0,15,annuel,prelevement,7.8,0.0,4,0
NOV-03156,71,37.2,1,2,19,annuel,carte,7.0,0.0,4,0
NOV-03157,63,94.64,1,2,20,mensuel,carte,6.7,0.1,4,0
NOV-03158,61,103.54,5,1,14,annuel,prelevement,7.7,0.05,2,0
NOV-03159,53,59.75,1,1,21,annuel,prelevement,7.4,0.2,1,0
NOV-03160,62,125.46,2,0,21,mensuel,carte,8.7,0.2,2,0
NOV-03161,40,25.08,0,2,11,mensuel,carte,3.6,0.05,3,1
NOV-03162,28,137.3,4,0,10,mensuel,carte,9.3,0.05,3,0
NOV-03163,29,87.34,0,0,25,annuel,carte,4.7,0.0,1,0
NOV-03164,9,147.47,2,1,11,mensuel,prelevement,3.4,0.1,3,1
NOV-03165,44,122.96,1,2,18,annuel,carte,5.2,0.0,4,1
NOV-03166,69,113.93,0,0,16,bisannuel,prelevement,7.9,0.0,2,0
NOV-03167,15,93.27,2,1,16,mensuel,carte,5.4,0.0,1,1
NOV-03168,43,101.36,1,0,21,annuel,carte,8.2,0.0,3,0
NOV-03169,46,80.8,2,0,25,bisannuel,prelevement,8.1,0.0,1,0
NOV-03170,34,56.74,3,2,13,bisannuel,carte,10.0,0.05,4,0
NOV-03171,32,116.2,4,1,13,mensuel,prelevement,6.8,0.2,2,1
NOV-03172,68,59.58,2,0,26,mensuel,prelevement,5.7,0.1,1,0
NOV-03173,23,34.46,0,1,23,mensuel,carte,7.7,0.0,3,0
NOV-03174,18,85.29,3,2,18,mensuel,prelevement,6.4,0.2,3,1
NOV-03175,65,130.97,0,0,11,bisannuel,prelevement,7.6,0.0,1,0
NOV-03176,2,82.18,1,1,16,mensuel,prelevement,6.3,0.0,4,1
NOV-03177,28,40.2,0,1,15,mensuel,carte,2.7,0.0,1,0
NOV-03178,24,139.75,1,2,17,mensuel,carte,7.4,0.0,3,1
NOV-03179,8,87.27,0,0,21,mensuel,prelevement,7.3,0.0,1,0
NOV-03180,24,46.04,4,1,11,mensuel,carte,5.7,0.0,4,1
NOV-03181,48,107.28,2,2,12,mensuel,prelevement,7.7,0.0,2,0
NOV-03182,28,84.64,1,0,21,mensuel,prelevement,5.8,0.1,2,0
NOV-03183,16,27.21,1,0,18,mensuel,carte,4.4,0.0,2,1
NOV-03184,51,55.04,3,0,17,mensuel,prelevement,,0.0,4,1
NOV-03185,47,133.31,1,0,27,mensuel,carte,4.9,0.0,3,0
NOV-03186,58,54.53,1,0,14,mensuel,prelevement,8.2,0.1,1,0
NOV-03187,57,146.18,1,0,16,mensuel,prelevement,6.4,0.05,2,0
NOV-03188,47,62.85,1,1,13,bisannuel,carte,8.1,0.05,3,0
NOV-03189,9,145.06,4,0,19,mensuel,prelevement,7.8,0.0,1,0
NOV-03190,34,60.59,2,0,21,mensuel,carte,3.9,0.0,1,0
NOV-03191,20,107.84,0,1,13,mensuel,carte,6.6,0.05,4,0
NOV-03192,18,77.39,1,0,16,mensuel,prelevement,6.9,0.2,3,0
NOV-03193,10,133.72,2,0,20,mensuel,prelevement,7.5,0.0,4,1
NOV-03194,71,73.99,1,0,22,annuel,carte,,0.0,2,0
NOV-03195,46,123.97,1,0,14,annuel,prelevement,6.3,0.0,2,0
NOV-03196,5,31.3,3,0,12,mensuel,prelevement,4.7,0.0,2,0
NOV-03197,4,36.54,1,0,15,mensuel,carte,6.8,0.05,4,0
NOV-03198,43,140.17,1,1,19,annuel,virement,8.7,0.0,4,0
NOV-03199,56,83.35,3,0,21,mensuel,prelevement,7.5,0.05,1,1
NOV-03200,58,62.06,5,2,16,annuel,carte,7.3,0.0,4,0
NOV-03201,48,126.91,0,0,18,mensuel,carte,7.9,0.05,1,0
NOV-03202,26,61.3,2,2,18,mensuel,prelevement,4.2,0.05,2,0
NOV-03203,8,100.83,2,0,15,mensuel,carte,7.7,0.0,3,0
NOV-03204,16,144.33,1,0,8,mensuel,prelevement,5.7,0.1,2,0
NOV-03205,19,41.05,2,2,21,mensuel,prelevement,8.4,0.1,1,0
NOV-03206,44,92.71,3,0,15,annuel,prelevement,8.4,0.0,2,0
NOV-03207,19,101.8,3,1,12,mensuel,virement,6.5,0.0,2,1
NOV-03208,38,122.51,0,0,21,bisannuel,prelevement,7.9,0.0,3,0
NOV-03209,61,123.45,0,3,26,mensuel,prelevement,7.3,0.0,2,1
NOV-03210,24,74.96,0,1,14,mensuel,carte,6.4,0.0,4,0
NOV-03211,15,46.54,1,1,11,annuel,carte,7.4,0.05,3,0
NOV-03212,6,140.03,1,1,19,annuel,prelevement,7.7,0.05,4,0
NOV-03213,67,22.41,1,0,12,annuel,prelevement,5.7,0.2,1,0
NOV-03214,56,119.43,3,0,19,annuel,prelevement,7.9,0.1,3,0
NOV-03215,30,46.24,2,0,10,mensuel,carte,5.9,0.0,3,1
NOV-03216,50,124.68,1,0,21,mensuel,carte,6.5,0.05,3,0
NOV-03217,8,79.79,2,1,23,mensuel,carte,5.1,0.0,4,0
NOV-03218,68,91.28,3,1,18,mensuel,carte,8.6,0.0,1,0
NOV-03219,46,52.1,2,0,17,annuel,virement,6.1,0.0,4,0
NOV-03220,69,40.68,2,1,18,mensuel,prelevement,4.2,0.0,3,0
NOV-03221,53,89.17,2,0,20,mensuel,prelevement,7.6,0.0,3,0
NOV-03222,61,130.33,2,0,21,mensuel,prelevement,7.0,0.0,3,0
NOV-03223,55,46.61,2,0,19,mensuel,carte,7.1,0.0,1,0
NOV-03224,67,45.01,3,1,16,mensuel,carte,8.6,0.0,4,0
NOV-03225,50,,1,0,15,mensuel,prelevement,10.0,0.0,4,0
NOV-03226,12,36.12,0,1,7,annuel,prelevement,7.0,0.0,2,1
NOV-03227,10,19.6,1,3,19,mensuel,prelevement,4.6,0.05,4,0
NOV-03228,38,107.58,0,0,19,bisannuel,virement,10.0,0.0,3,0
NOV-03229,38,61.91,3,1,19,mensuel,carte,6.1,0.0,1,0
NOV-03230,59,113.02,1,0,17,annuel,prelevement,8.4,0.0,2,0
NOV-03231,25,53.1,3,0,25,mensuel,prelevement,7.2,0.0,4,1
NOV-03232,60,109.24,1,0,24,mensuel,prelevement,8.2,0.0,2,0
NOV-03233,54,117.18,4,1,19,mensuel,virement,5.2,0.0,2,0
NOV-03234,60,66.18,2,0,24,bisannuel,prelevement,8.2,0.1,4,0
NOV-03235,68,105.58,3,1,15,mensuel,prelevement,5.4,0.05,4,0
NOV-03236,30,125.57,0,0,24,bisannuel,prelevement,4.7,0.0,1,0
NOV-03237,22,119.2,1,1,19,mensuel,virement,4.2,0.0,4,0
NOV-03238,70,67.57,0,0,20,mensuel,prelevement,7.5,0.0,3,0
NOV-03239,3,102.88,1,1,27,bisannuel,prelevement,8.6,0.05,3,0
NOV-03240,61,,0,0,23,mensuel,virement,5.1,0.05,1,0
NOV-03241,66,87.01,2,0,23,annuel,prelevement,8.1,0.0,4,0
NOV-03242,62,114.8,1,1,16,mensuel,carte,6.7,0.1,2,0
NOV-03243,63,96.96,4,0,15,bisannuel,virement,6.3,0.0,2,0
NOV-03244,10,32.11,2,0,22,annuel,carte,6.7,0.0,2,0
NOV-03245,25,52.07,1,1,24,mensuel,carte,7.6,0.0,2,0
NOV-03246,42,139.83,4,0,11,mensuel,carte,6.9,0.05,1,0
NOV-03247,67,20.52,1,1,20,annuel,prelevement,6.8,0.0,2,0
NOV-03248,45,20.8,1,0,19,mensuel,carte,9.9,0.0,4,0
NOV-03249,66,68.63,0,0,19,mensuel,virement,6.9,0.05,1,0
NOV-03250,39,142.07,1,0,14,annuel,carte,5.1,0.0,2,0
NOV-03251,3,37.19,3,0,20,mensuel,carte,5.0,0.0,1,0
NOV-03252,11,148.55,1,1,19,mensuel,carte,3.5,0.05,1,1
NOV-03253,23,46.88,4,1,16,bisannuel,carte,7.9,0.1,4,1
NOV-03254,5,34.94,0,0,13,mensuel,carte,7.9,0.1,2,0
NOV-03255,32,142.07,3,1,15,bisannuel,carte,8.9,0.1,1,0
NOV-03256,4,78.27,2,0,19,mensuel,carte,8.9,0.0,2,1
NOV-03257,36,35.28,0,0,17,mensuel,carte,8.6,0.2,1,0
NOV-03258,71,104.16,1,0,23,mensuel,carte,8.5,0.0,2,0
NOV-03259,51,95.94,3,0,17,mensuel,carte,6.4,0.05,2,0
NOV-03260,44,141.73,0,0,29,mensuel,prelevement,6.0,0.05,4,0
NOV-03261,49,138.1,2,0,13,mensuel,prelevement,10.0,0.05,2,0
NOV-03262,12,100.9,1,1,23,mensuel,prelevement,3.3,0.0,3,0
NOV-03263,2,102.08,4,1,16,bisannuel,virement,10.0,0.0,2,0
NOV-03264,15,37.42,1,0,18,mensuel,prelevement,8.4,0.0,3,0
NOV-03265,18,102.86,0,2,13,mensuel,prelevement,7.1,0.05,2,0
NOV-03266,69,69.99,1,0,26,mensuel,carte,7.4,0.05,4,0
NOV-03267,51,102.21,2,0,21,mensuel,prelevement,6.8,0.05,4,0
NOV-03268,46,31.26,2,0,13,annuel,carte,4.5,0.0,4,0
NOV-03269,19,40.41,1,0,25,mensuel,prelevement,6.2,0.0,3,0
NOV-03270,72,146.29,1,0,12,mensuel,carte,4.0,0.2,4,0
NOV-03271,39,106.6,2,3,25,mensuel,carte,6.9,0.0,1,0
NOV-03272,44,118.96,2,0,17,mensuel,carte,7.1,0.2,4,0
NOV-03273,45,145.09,4,1,18,mensuel,carte,8.7,0.2,1,0
NOV-03274,34,95.86,2,1,15,bisannuel,carte,5.2,0.1,1,0
NOV-03275,49,92.92,4,0,17,mensuel,prelevement,8.0,0.1,1,0
NOV-03276,68,24.58,0,0,20,mensuel,prelevement,5.7,0.2,2,0
NOV-03277,72,38.82,2,0,18,mensuel,prelevement,5.2,0.05,1,0
NOV-03278,41,49.97,2,1,17,mensuel,carte,5.9,0.1,1,1
NOV-03279,49,72.35,1,0,20,annuel,carte,7.2,0.0,2,0
NOV-03280,5,34.45,0,1,13,mensuel,prelevement,9.2,0.0,3,0
NOV-03281,36,91.38,2,0,15,mensuel,carte,6.5,0.1,1,1
NOV-03282,42,54.18,2,1,18,mensuel,carte,5.3,0.1,4,0
NOV-03283,6,,1,0,13,mensuel,carte,5.8,0.0,3,0
NOV-03284,14,69.03,3,1,29,annuel,prelevement,10.0,0.0,1,0
NOV-03285,66,120.41,4,2,20,mensuel,carte,7.8,0.2,3,1
NOV-03286,60,122.13,2,1,16,mensuel,virement,8.1,0.05,1,0
NOV-03287,4,40.64,1,0,21,mensuel,prelevement,10.0,0.1,3,0
NOV-03288,5,55.61,2,2,16,annuel,prelevement,5.1,0.0,2,1
NOV-03289,72,126.76,2,0,16,bisannuel,prelevement,4.8,0.0,3,0
NOV-03290,21,59.65,0,1,14,annuel,prelevement,5.9,0.0,4,0
NOV-03291,49,60.85,3,1,16,mensuel,carte,5.9,0.0,2,0
NOV-03292,5,50.39,0,0,11,bisannuel,carte,7.4,0.2,3,0
NOV-03293,48,45.15,3,0,18,mensuel,carte,9.1,0.0,1,0
NOV-03294,53,68.29,0,0,21,annuel,carte,5.8,0.1,1,0
NOV-03295,5,91.95,0,1,23,annuel,prelevement,10.0,0.05,2,0
NOV-03296,37,30.61,1,0,20,mensuel,carte,8.6,0.2,4,0
NOV-03297,5,97.5,1,1,20,annuel,carte,8.3,0.05,1,0
NOV-03298,35,113.58,2,0,14,mensuel,prelevement,6.7,0.1,4,0
NOV-03299,66,75.08,1,0,14,mensuel,carte,8.9,0.0,2,0
NOV-03300,12,112.38,0,0,20,mensuel,prelevement,7.0,0.0,2,0
NOV-03301,64,96.1,3,1,10,mensuel,carte,7.5,0.1,4,0
NOV-03302,61,128.42,2,0,15,annuel,carte,9.0,0.05,2,0
NOV-03303,48,102.5,3,2,22,bisannuel,prelevement,10.0,0.1,4,0
NOV-03304,52,102.31,3,1,16,mensuel,prelevement,7.0,0.0,1,1
NOV-03305,19,120.86,1,0,19,mensuel,carte,6.9,0.0,3,1
NOV-03306,20,120.42,2,2,16,mensuel,prelevement,7.9,0.0,2,0
NOV-03307,70,55.5,0,1,29,annuel,carte,9.2,0.05,4,0
NOV-03308,31,29.78,1,1,18,annuel,virement,4.9,0.0,2,0
NOV-03309,27,96.9,0,0,15,mensuel,virement,8.9,0.0,1,0
NOV-03310,66,64.46,0,0,26,annuel,prelevement,8.2,0.05,2,0
NOV-03311,56,72.68,1,1,12,annuel,carte,7.4,0.1,3,0
NOV-03312,35,56.88,1,0,21,bisannuel,prelevement,7.2,0.0,4,0
NOV-03313,27,120.39,3,0,16,annuel,virement,6.7,0.0,4,0
NOV-03314,66,102.84,1,0,16,annuel,carte,7.6,0.1,1,0
NOV-03315,36,65.68,2,0,17,annuel,virement,,0.05,4,1
NOV-03316,11,132.73,3,0,15,mensuel,carte,7.5,0.05,3,0
NOV-03317,48,124.25,1,0,17,bisannuel,prelevement,8.0,0.2,3,0
NOV-03318,52,141.33,3,1,18,mensuel,prelevement,3.8,0.05,2,1
NOV-03319,48,89.24,1,0,25,mensuel,carte,6.9,0.0,4,0
NOV-03320,31,129.4,3,1,15,annuel,prelevement,8.2,0.05,1,0
NOV-03321,57,103.81,0,1,10,mensuel,carte,7.7,0.0,3,1
NOV-03322,29,53.77,1,0,17,annuel,carte,10.0,0.0,2,0
NOV-03323,43,52.81,0,0,18,bisannuel,prelevement,9.8,0.0,1,0
NOV-03324,38,87.24,5,0,11,mensuel,carte,6.0,0.1,4,1
NOV-03325,28,86.84,1,0,15,annuel,carte,7.2,0.05,1,0
NOV-03326,10,135.66,1,2,23,mensuel,prelevement,9.7,0.0,1,0
NOV-03327,57,90.85,2,0,18,annuel,prelevement,8.3,0.1,1,0
NOV-03328,62,98.93,2,0,19,mensuel,carte,8.6,0.1,4,0
NOV-03329,14,104.68,1,0,18,bisannuel,carte,4.9,0.0,4,0
NOV-03330,62,75.82,2,0,18,mensuel,prelevement,6.0,0.0,3,0
NOV-03331,17,51.22,2,1,18,annuel,virement,6.5,0.0,3,0
NOV-03332,21,55.07,0,0,25,mensuel,carte,7.5,0.1,4,0
NOV-03333,62,91.22,4,0,21,annuel,carte,,0.2,1,0
NOV-03334,66,29.43,0,1,18,mensuel,virement,7.3,0.0,2,0
NOV-03335,58,62.71,1,0,22,mensuel,prelevement,7.5,0.1,1,0
NOV-03336,70,73.69,0,0,18,mensuel,prelevement,8.6,0.0,3,0
NOV-03337,17,25.62,1,0,17,annuel,virement,4.8,0.0,4,0
NOV-03338,31,139.38,0,1,11,mensuel,prelevement,7.0,0.1,1,0
NOV-03339,21,112.98,0,1,13,annuel,carte,9.3,0.0,4,0
NOV-03340,9,129.1,2,0,24,annuel,carte,7.9,0.1,4,0
NOV-03341,26,142.63,1,0,21,mensuel,carte,4.8,0.1,3,1
NOV-03342,69,93.41,2,0,14,bisannuel,prelevement,4.9,0.1,3,0
NOV-03343,59,130.09,1,1,13,mensuel,prelevement,6.4,0.1,4,1
NOV-03344,65,123.06,3,1,18,mensuel,carte,7.1,0.0,3,0
NOV-03345,26,98.56,2,1,17,mensuel,prelevement,7.1,0.0,2,1
NOV-03346,44,37.03,1,0,17,mensuel,virement,7.3,0.0,4,0
NOV-03347,41,141.73,0,0,17,mensuel,carte,6.9,0.0,4,0
NOV-03348,60,91.37,1,0,19,mensuel,prelevement,7.1,0.1,4,0
NOV-03349,26,102.55,0,0,13,mensuel,prelevement,9.4,0.05,1,0
NOV-03350,72,96.8,0,1,25,mensuel,prelevement,5.5,0.05,3,0
NOV-03351,8,66.98,1,1,19,mensuel,prelevement,6.4,0.0,3,0
NOV-03352,8,91.76,1,0,13,annuel,prelevement,4.4,0.0,4,0
NOV-03353,13,84.33,0,1,17,mensuel,virement,6.2,0.0,1,0
NOV-03354,67,81.78,3,0,12,annuel,prelevement,6.6,0.05,1,0
NOV-03355,48,104.71,4,1,10,mensuel,prelevement,6.3,0.1,3,1
NOV-03356,19,85.88,2,1,19,bisannuel,prelevement,5.5,0.0,4,0
NOV-03357,22,72.95,0,1,16,annuel,carte,6.8,0.1,1,0
NOV-03358,64,106.92,2,0,15,mensuel,prelevement,8.5,0.05,1,0
NOV-03359,51,26.69,1,0,12,bisannuel,prelevement,5.3,0.0,4,0
NOV-03360,65,74.63,1,0,14,bisannuel,virement,7.0,0.05,2,0
NOV-03361,11,53.33,2,1,11,mensuel,carte,9.0,0.1,4,0
NOV-03362,63,102.73,3,0,27,bisannuel,carte,3.2,0.0,3,1
NOV-03363,66,55.39,2,0,22,mensuel,prelevement,7.9,0.0,3,0
NOV-03364,38,53.14,2,0,22,mensuel,carte,5.5,0.2,4,1
NOV-03365,27,41.04,1,0,16,bisannuel,carte,3.2,0.0,4,0
NOV-03366,14,118.92,1,0,28,annuel,prelevement,8.6,0.1,4,0
NOV-03367,51,98.87,3,0,19,annuel,carte,8.7,0.0,3,0
NOV-03368,61,68.56,3,2,20,annuel,carte,10.0,0.0,2,0
NOV-03369,69,53.38,1,1,12,mensuel,carte,6.1,0.05,1,0
NOV-03370,58,141.34,0,1,18,annuel,prelevement,7.1,0.05,2,0
NOV-03371,55,126.13,4,0,13,annuel,carte,5.6,0.0,1,0
NOV-03372,22,87.73,2,0,15,mensuel,carte,8.2,0.0,2,0
NOV-03373,59,45.55,1,1,20,mensuel,prelevement,6.6,0.0,1,0
NOV-03374,28,83.38,0,2,25,mensuel,virement,7.9,0.0,3,0
NOV-03375,30,39.34,5,0,13,annuel,prelevement,8.3,0.05,3,1
NOV-03376,19,52.39,2,1,15,mensuel,carte,8.1,0.0,3,0
NOV-03377,29,40.54,1,0,16,mensuel,prelevement,8.3,0.0,3,0
NOV-03378,36,138.63,2,1,21,annuel,carte,7.6,0.0,1,1
NOV-03379,12,122.36,3,0,22,bisannuel,prelevement,6.2,0.0,1,0
NOV-03380,38,44.1,1,0,13,bisannuel,carte,7.5,0.0,4,0
NOV-03381,71,146.89,1,0,17,bisannuel,prelevement,4.6,0.0,2,0
NOV-03382,13,97.69,3,0,16,annuel,prelevement,,0.0,2,0
NOV-03383,50,148.31,4,0,13,mensuel,prelevement,5.4,0.0,3,1
NOV-03384,49,26.0,1,0,19,bisannuel,prelevement,8.7,0.1,4,0
NOV-03385,32,73.49,1,2,18,mensuel,carte,5.5,0.0,4,1
NOV-03386,66,48.21,1,0,15,bisannuel,carte,9.4,0.1,3,0
NOV-03387,1,141.14,2,0,15,mensuel,carte,5.3,0.0,3,1
NOV-03388,72,123.85,3,0,19,mensuel,prelevement,7.0,0.0,1,1
NOV-03389,69,50.81,0,1,14,annuel,carte,6.4,0.0,2,0
NOV-03390,21,35.25,1,1,14,annuel,carte,9.3,0.0,4,0
NOV-03391,31,78.98,1,1,16,mensuel,prelevement,6.4,0.0,4,0
NOV-03392,1,35.95,2,1,17,annuel,carte,10.0,0.0,4,0
NOV-03393,48,90.18,1,1,18,annuel,prelevement,6.5,0.0,3,0
NOV-03394,11,141.65,1,0,15,mensuel,prelevement,9.1,0.05,1,0
NOV-03395,62,33.38,3,0,17,bisannuel,virement,10.0,0.1,4,0
NOV-03396,15,61.64,2,0,15,mensuel,prelevement,10.0,0.1,3,0
NOV-03397,54,117.6,1,1,28,mensuel,carte,6.5,0.0,4,0
NOV-03398,70,79.04,1,0,21,mensuel,carte,5.7,0.0,4,0
NOV-03399,15,98.17,3,0,23,annuel,virement,6.4,0.0,1,1
NOV-03400,4,85.67,1,1,15,annuel,prelevement,7.8,0.0,3,0
NOV-03401,72,32.97,0,0,23,annuel,carte,,0.0,4,0
NOV-03402,6,26.23,2,0,19,mensuel,prelevement,8.9,0.1,3,0
NOV-03403,63,22.43,0,0,14,mensuel,prelevement,8.9,0.05,2,0
NOV-03404,47,22.12,1,0,18,mensuel,carte,6.6,0.1,2,0
NOV-03405,32,144.74,1,1,12,annuel,carte,6.1,0.0,1,0
NOV-03406,38,44.01,2,1,17,bisannuel,carte,5.5,0.1,2,0
NOV-03407,11,116.61,4,0,14,mensuel,prelevement,10.0,0.0,3,1
NOV-03408,38,72.06,0,1,15,mensuel,carte,8.3,0.05,3,0
NOV-03409,52,145.73,1,0,14,annuel,prelevement,6.1,0.1,3,0
NOV-03410,17,115.86,2,0,11,mensuel,virement,5.7,0.1,4,0
NOV-03411,62,112.93,2,0,12,mensuel,prelevement,7.5,0.05,3,0
NOV-03412,26,37.45,3,1,11,mensuel,prelevement,5.3,0.0,3,1
NOV-03413,8,45.26,0,0,16,mensuel,carte,7.6,0.1,1,0
NOV-03414,69,22.67,4,1,24,annuel,prelevement,9.3,0.0,3,0
NOV-03415,35,94.63,2,0,22,mensuel,carte,9.5,0.05,4,0
NOV-03416,38,35.48,1,0,16,mensuel,prelevement,9.2,0.0,4,0
NOV-03417,14,,1,0,21,mensuel,carte,6.1,0.05,2,0
NOV-03418,63,134.05,3,0,28,mensuel,carte,6.3,0.0,4,0
NOV-03419,52,90.71,2,1,16,mensuel,prelevement,7.3,0.0,4,0
NOV-03420,31,22.47,2,0,19,mensuel,prelevement,8.8,0.0,2,0
NOV-03421,24,58.44,4,0,15,mensuel,carte,6.9,0.1,2,1
NOV-03422,44,43.98,0,1,16,annuel,virement,7.1,0.0,2,0
NOV-03423,50,138.07,1,0,16,mensuel,carte,10.0,0.0,1,1
NOV-03424,18,23.0,0,0,20,mensuel,prelevement,10.0,0.0,1,0
NOV-03425,18,78.17,1,0,23,bisannuel,prelevement,8.8,0.0,1,0
NOV-03426,58,33.69,1,0,9,mensuel,carte,8.7,0.0,3,0
NOV-03427,15,57.45,1,0,18,mensuel,carte,5.7,0.0,3,0
NOV-03428,58,113.95,1,0,19,bisannuel,virement,7.8,0.05,4,0
NOV-03429,59,78.49,2,0,18,mensuel,prelevement,8.6,0.0,1,0
NOV-03430,50,78.64,4,1,19,bisannuel,prelevement,6.8,0.0,1,1
NOV-03431,67,90.44,0,1,27,annuel,carte,9.4,0.0,2,0
NOV-03432,9,138.74,4,1,12,mensuel,virement,5.5,0.0,2,1
NOV-03433,1,130.01,2,1,20,annuel,carte,8.6,0.0,2,0
NOV-03434,29,119.51,1,0,14,bisannuel,prelevement,7.6,0.0,3,1
NOV-03435,9,70.62,0,1,26,bisannuel,carte,5.4,0.0,1,0
NOV-03436,23,123.47,1,0,19,bisannuel,prelevement,7.7,0.0,3,0
NOV-03437,13,59.94,3,0,19,mensuel,prelevement,7.2,0.1,1,0
NOV-03438,68,51.01,2,1,20,mensuel,prelevement,6.4,0.05,2,0
NOV-03439,9,,0,0,13,annuel,prelevement,8.2,0.0,2,0
NOV-03440,58,21.09,3,0,18,mensuel,prelevement,6.7,0.0,1,0
NOV-03441,70,46.76,0,0,24,annuel,carte,8.1,0.1,2,0
NOV-03442,15,90.49,0,2,15,annuel,carte,5.0,0.0,3,1
NOV-03443,10,74.25,2,0,30,mensuel,carte,5.1,0.1,3,0
NOV-03444,65,78.7,3,0,20,annuel,prelevement,7.1,0.0,3,0
NOV-03445,55,94.08,1,0,16,mensuel,carte,4.8,0.0,4,1
NOV-03446,48,118.98,0,2,24,mensuel,prelevement,8.0,0.0,4,0
NOV-03447,56,140.25,1,1,21,annuel,prelevement,8.2,0.0,3,0
NOV-03448,18,40.73,3,2,16,bisannuel,virement,6.8,0.1,3,0
NOV-03449,25,65.04,1,1,7,mensuel,prelevement,4.8,0.0,2,0
NOV-03450,50,27.67,0,1,22,mensuel,prelevement,10.0,0.0,1,0
NOV-03451,54,89.31,0,1,12,bisannuel,carte,8.8,0.0,2,0
NOV-03452,53,53.47,3,2,18,annuel,prelevement,5.9,0.0,4,1
NOV-03453,48,142.26,2,1,16,mensuel,carte,9.3,0.2,4,0
NOV-03454,31,79.12,0,0,19,mensuel,prelevement,9.2,0.0,2,0
NOV-03455,20,70.55,2,0,17,mensuel,virement,7.5,0.0,4,1
NOV-03456,72,40.03,1,1,20,mensuel,prelevement,7.7,0.0,1,0
NOV-03457,37,,1,1,11,mensuel,prelevement,8.5,0.05,2,1
NOV-03458,48,132.87,1,0,22,annuel,prelevement,8.0,0.0,4,1
NOV-03459,68,53.27,3,1,21,annuel,virement,8.4,0.0,1,0
NOV-03460,57,117.88,1,0,19,mensuel,carte,3.5,0.0,3,1
NOV-03461,61,69.85,0,0,15,annuel,prelevement,7.6,0.1,1,0
NOV-03462,37,130.85,2,1,23,annuel,carte,5.0,0.1,2,0
NOV-03463,20,61.73,1,0,17,mensuel,carte,7.3,0.2,1,0
NOV-03464,47,30.61,1,0,14,mensuel,prelevement,6.9,0.1,2,1
NOV-03465,26,30.06,2,0,15,bisannuel,carte,5.8,0.0,1,0
NOV-03466,54,28.32,1,0,14,annuel,prelevement,6.9,0.0,3,0
NOV-03467,3,120.88,2,1,20,mensuel,prelevement,6.7,0.0,3,0
NOV-03468,60,35.84,2,0,16,bisannuel,prelevement,4.7,0.0,4,0
NOV-03469,70,135.79,2,1,15,mensuel,prelevement,6.1,0.05,2,1
NOV-03470,69,82.06,6,1,17,annuel,prelevement,6.8,0.0,4,0
NOV-03471,4,,0,1,16,mensuel,prelevement,6.3,0.05,3,1
NOV-03472,51,130.3,1,0,17,mensuel,prelevement,7.7,0.0,4,0
NOV-03473,3,28.97,1,0,21,annuel,prelevement,8.1,0.1,4,0
NOV-03474,7,78.62,1,0,19,bisannuel,prelevement,7.3,0.1,4,1
NOV-03475,64,70.37,3,1,17,mensuel,prelevement,10.0,0.05,4,0
NOV-03476,33,,1,1,11,mensuel,prelevement,6.6,0.0,2,0
NOV-03477,10,69.72,1,0,19,mensuel,prelevement,8.4,0.1,1,1
NOV-03478,29,124.87,2,0,15,annuel,carte,5.0,0.0,2,0
NOV-03479,44,101.36,0,0,14,bisannuel,prelevement,7.6,0.1,2,0
NOV-03480,56,146.21,0,0,14,mensuel,prelevement,6.9,0.1,4,0
NOV-03481,41,110.08,2,1,16,mensuel,prelevement,2.2,0.0,1,1
NOV-03482,21,28.73,4,1,24,mensuel,prelevement,7.3,0.05,4,0
NOV-03483,51,140.99,1,1,21,bisannuel,carte,7.3,0.1,2,0
NOV-03484,1,115.23,0,0,29,bisannuel,carte,8.3,0.2,2,0
NOV-03485,5,103.76,2,0,11,mensuel,prelevement,5.9,0.0,2,1
NOV-03486,7,132.85,1,1,15,mensuel,carte,7.2,0.1,3,1
NOV-03487,2,111.7,2,0,19,mensuel,virement,6.0,0.1,2,0
NOV-03488,26,124.49,0,0,21,annuel,virement,7.3,0.0,3,0
NOV-03489,13,105.89,4,0,17,mensuel,prelevement,6.1,0.0,1,1
NOV-03490,67,116.78,2,0,12,annuel,prelevement,6.5,0.0,2,0
NOV-03491,20,63.35,2,0,21,annuel,prelevement,7.8,0.1,3,0
NOV-03492,37,67.9,1,1,26,mensuel,virement,6.1,0.0,4,0
NOV-03493,58,147.6,1,0,15,mensuel,prelevement,4.6,0.0,1,0
NOV-03494,7,59.02,2,0,21,annuel,carte,6.9,0.0,4,0
NOV-03495,20,34.66,3,2,18,mensuel,carte,7.4,0.0,1,1
NOV-03496,58,111.93,4,2,21,mensuel,prelevement,9.3,0.1,1,0
NOV-03497,5,115.76,6,0,18,annuel,carte,8.2,0.1,4,1
NOV-03498,12,109.09,2,1,21,annuel,prelevement,6.8,0.05,2,0
NOV-03499,10,24.44,1,0,30,annuel,carte,7.4,0.2,2,0
NOV-03500,23,95.76,1,0,19,annuel,carte,7.5,0.0,3,0
NOV-03501,31,79.66,0,1,14,bisannuel,carte,6.2,0.0,4,0
NOV-03502,50,66.69,2,1,29,annuel,carte,6.7,0.1,1,0
NOV-03503,46,80.56,1,0,22,annuel,prelevement,6.5,0.05,1,0
NOV-03504,12,140.95,1,0,18,bisannuel,carte,3.8,0.05,3,1
NOV-03505,21,43.95,0,0,21,mensuel,carte,6.1,0.0,2,0
NOV-03506,25,70.83,0,0,21,bisannuel,prelevement,7.2,0.0,2,0
NOV-03507,47,46.19,4,0,14,bisannuel,carte,8.8,0.0,2,0
NOV-03508,14,121.79,1,0,15,bisannuel,virement,3.3,0.0,1,0
NOV-03509,67,85.89,1,0,19,bisannuel,virement,8.5,0.0,4,0
NOV-03510,40,57.84,1,1,17,annuel,carte,9.7,0.05,1,0
NOV-03511,51,90.71,1,0,16,annuel,carte,6.4,0.0,4,0
NOV-03512,63,123.14,3,0,17,mensuel,prelevement,5.8,0.05,1,1
NOV-03513,15,145.68,2,1,22,mensuel,carte,7.2,0.05,2,0
NOV-03514,25,58.59,2,0,26,annuel,virement,7.0,0.05,3,0
NOV-03515,10,37.08,1,0,27,annuel,carte,5.8,0.0,1,0
NOV-03516,65,58.93,1,0,21,bisannuel,prelevement,8.0,0.0,2,0
NOV-03517,24,133.4,2,0,13,annuel,prelevement,7.4,0.0,4,0
NOV-03518,27,22.76,1,0,17,mensuel,prelevement,,0.05,2,0
NOV-03519,51,132.99,0,0,18,mensuel,prelevement,6.6,0.0,2,0
NOV-03520,49,93.64,0,0,21,mensuel,prelevement,6.6,0.0,1,0
NOV-03521,21,101.05,0,0,16,annuel,prelevement,8.3,0.1,1,0
NOV-03522,69,99.09,1,0,9,bisannuel,prelevement,5.5,0.0,3,1
NOV-03523,48,40.86,1,0,21,mensuel,carte,,0.1,4,0
NOV-03524,57,21.43,3,1,22,mensuel,prelevement,7.4,0.0,4,0
NOV-03525,53,46.51,1,2,18,bisannuel,prelevement,7.1,0.0,3,0
NOV-03526,42,65.97,1,0,20,annuel,prelevement,9.5,0.0,4,0
NOV-03527,11,82.37,2,0,15,annuel,carte,9.4,0.0,4,0
NOV-03528,15,95.24,4,0,22,mensuel,prelevement,5.4,0.2,4,0
NOV-03529,10,89.63,5,2,15,mensuel,prelevement,8.3,0.05,2,0
NOV-03530,5,31.05,2,0,22,mensuel,carte,7.9,0.05,4,0
NOV-03531,42,62.8,0,0,16,mensuel,virement,9.3,0.0,2,0
NOV-03532,55,38.56,4,1,14,mensuel,carte,6.3,0.0,1,0
NOV-03533,71,40.26,1,3,21,mensuel,prelevement,5.8,0.05,1,0
NOV-03534,57,55.47,0,0,20,bisannuel,prelevement,7.4,0.0,4,0
NOV-03535,65,135.3,3,1,18,annuel,prelevement,10.0,0.1,4,0
NOV-03536,32,110.1,1,2,19,mensuel,carte,7.6,0.0,3,0
NOV-03537,56,101.11,4,0,23,bisannuel,carte,8.6,0.0,2,0
NOV-03538,16,134.0,3,0,13,mensuel,prelevement,8.1,0.1,2,1
NOV-03539,12,100.45,0,0,24,annuel,prelevement,8.1,0.0,4,0
NOV-03540,38,50.4,2,0,12,mensuel,carte,7.5,0.1,1,0
NOV-03541,55,76.58,3,0,13,mensuel,prelevement,7.9,0.05,2,1
NOV-03542,44,49.44,2,0,26,annuel,prelevement,8.1,0.1,2,0
NOV-03543,49,89.76,4,0,23,bisannuel,carte,5.3,0.0,3,1
NOV-03544,68,23.85,2,1,21,mensuel,carte,7.3,0.0,3,0
NOV-03545,48,81.39,3,0,8,annuel,prelevement,8.9,0.05,4,0
NOV-03546,10,143.78,1,1,12,bisannuel,carte,7.9,0.0,1,0
NOV-03547,65,19.22,0,0,19,mensuel,virement,6.0,0.0,1,0
NOV-03548,50,135.49,3,0,23,mensuel,prelevement,,0.0,1,0
NOV-03549,3,148.54,0,1,10,bisannuel,prelevement,6.5,0.0,1,0
NOV-03550,12,109.64,0,0,23,mensuel,carte,5.8,0.1,1,0
NOV-03551,16,60.18,1,0,20,bisannuel,virement,9.2,0.0,4,0
NOV-03552,34,121.23,3,0,26,mensuel,virement,6.7,0.05,4,0
NOV-03553,72,34.31,2,2,17,mensuel,carte,5.2,0.1,4,0
NOV-03554,52,132.22,1,1,19,annuel,carte,4.6,0.0,1,0
NOV-03555,51,19.31,6,1,15,annuel,prelevement,8.9,0.05,2,0
NOV-03556,50,91.64,0,0,25,annuel,prelevement,8.7,0.0,2,0
NOV-03557,21,86.24,2,1,13,annuel,virement,8.0,0.0,2,0
NOV-03558,18,96.33,2,0,17,annuel,prelevement,6.0,0.0,1,0
NOV-03559,25,45.27,1,1,18,mensuel,prelevement,4.2,0.1,1,0
NOV-03560,32,99.84,1,0,24,annuel,carte,4.2,0.0,2,0
NOV-03561,49,26.56,2,1,14,mensuel,prelevement,6.1,0.2,4,1
NOV-03562,21,74.18,1,1,19,mensuel,prelevement,10.0,0.0,3,1
NOV-03563,25,37.67,5,1,21,mensuel,prelevement,7.1,0.0,4,1
NOV-03564,14,21.93,1,0,19,mensuel,carte,7.7,0.0,4,0
NOV-03565,17,123.03,2,0,13,mensuel,prelevement,9.2,0.05,2,0
NOV-03566,29,82.84,4,0,18,mensuel,prelevement,9.8,0.1,3,0
NOV-03567,6,109.11,0,0,18,mensuel,prelevement,5.1,0.0,3,1
NOV-03568,25,25.73,0,1,26,mensuel,prelevement,6.7,0.0,2,0
NOV-03569,45,90.17,2,1,15,mensuel,carte,6.6,0.05,2,1
NOV-03570,34,144.67,3,0,16,annuel,carte,6.2,0.05,2,0
NOV-03571,31,94.68,1,0,19,mensuel,carte,7.1,0.05,4,0
NOV-03572,63,38.51,1,0,19,annuel,virement,9.3,0.05,4,0
NOV-03573,63,103.03,3,0,22,bisannuel,carte,9.4,0.0,3,0
NOV-03574,51,95.47,0,0,28,bisannuel,carte,6.5,0.0,2,0
NOV-03575,10,81.88,1,0,19,annuel,prelevement,6.8,0.1,1,0
NOV-03576,45,137.63,3,1,17,mensuel,prelevement,3.5,0.0,3,1
NOV-03577,62,124.93,3,0,23,annuel,prelevement,7.4,0.0,1,0
NOV-03578,62,125.28,1,0,29,bisannuel,prelevement,7.9,0.05,4,0
NOV-03579,43,148.41,1,3,21,mensuel,prelevement,10.0,0.0,4,0
NOV-03580,5,127.92,2,0,14,bisannuel,virement,8.2,0.1,2,1
NOV-03581,32,83.63,2,0,17,mensuel,prelevement,9.1,0.05,4,1
NOV-03582,1,42.95,3,1,19,annuel,prelevement,6.9,0.0,3,0
NOV-03583,63,55.73,1,0,19,mensuel,virement,7.8,0.05,3,0
NOV-03584,68,98.79,0,1,26,annuel,prelevement,6.3,0.0,3,0
NOV-03585,4,44.23,3,0,21,annuel,carte,7.4,0.0,3,0
NOV-03586,53,123.72,2,0,16,bisannuel,prelevement,,0.2,4,0
NOV-03587,50,97.04,2,0,20,mensuel,carte,8.6,0.0,1,0
NOV-03588,68,91.65,1,0,15,mensuel,prelevement,5.4,0.0,3,0
NOV-03589,30,24.59,1,1,10,mensuel,carte,5.9,0.0,3,1
NOV-03590,38,62.14,0,3,15,mensuel,prelevement,2.8,0.0,1,0
NOV-03591,52,50.76,1,0,13,annuel,prelevement,6.7,0.1,3,1
NOV-03592,37,29.78,1,1,13,mensuel,carte,4.8,0.1,1,0
NOV-03593,26,114.5,2,0,14,mensuel,prelevement,6.5,0.05,2,1
NOV-03594,72,51.3,3,0,23,annuel,prelevement,8.2,0.0,2,0
NOV-03595,71,142.37,1,1,16,mensuel,carte,5.6,0.0,1,0
NOV-03596,9,85.92,1,0,9,annuel,carte,6.7,0.0,4,0
NOV-03597,3,102.13,1,3,23,mensuel,virement,8.0,0.0,3,0
NOV-03598,40,87.31,0,0,20,annuel,virement,9.7,0.0,3,0
NOV-03599,39,73.48,2,0,18,mensuel,carte,8.7,0.1,2,0
NOV-03600,4,53.7,0,0,13,mensuel,prelevement,8.2,0.0,4,0
NOV-03601,54,39.09,0,2,20,mensuel,virement,6.6,0.0,1,0
NOV-03602,19,20.12,3,0,13,mensuel,prelevement,8.8,0.0,4,0
NOV-03603,6,83.39,2,2,26,bisannuel,carte,6.8,0.0,1,0
NOV-03604,8,90.71,2,0,16,bisannuel,prelevement,8.1,0.1,4,0
NOV-03605,13,113.04,3,0,18,mensuel,carte,6.4,0.1,2,1
NOV-03606,2,95.52,2,1,23,mensuel,prelevement,3.7,0.0,4,1
NOV-03607,42,97.36,1,0,17,annuel,carte,5.4,0.0,1,0
NOV-03608,21,123.65,1,1,26,mensuel,carte,9.7,0.2,4,0
NOV-03609,16,77.16,1,0,19,annuel,carte,6.0,0.0,2,0
NOV-03610,26,26.63,4,0,22,mensuel,prelevement,6.3,0.0,1,1
NOV-03611,12,95.6,3,0,18,annuel,virement,8.2,0.05,3,0
NOV-03612,54,114.6,0,0,18,mensuel,carte,6.4,0.0,1,0
NOV-03613,17,146.11,0,1,17,annuel,prelevement,7.1,0.0,2,0
NOV-03614,27,33.07,4,0,18,mensuel,prelevement,6.2,0.05,4,0
NOV-03615,38,33.23,2,0,22,mensuel,prelevement,7.3,0.0,3,0
NOV-03616,9,76.78,1,1,18,annuel,carte,7.7,0.0,4,0
NOV-03617,42,38.08,2,0,26,mensuel,prelevement,4.1,0.1,1,0
NOV-03618,26,92.99,3,1,14,bisannuel,prelevement,7.0,0.05,1,0
NOV-03619,61,124.63,2,0,30,mensuel,virement,8.2,0.0,2,0
NOV-03620,56,129.31,0,1,13,mensuel,carte,6.6,0.0,3,0
NOV-03621,69,45.27,2,1,21,mensuel,carte,6.3,0.05,3,0
NOV-03622,30,139.44,3,1,18,mensuel,virement,6.7,0.1,3,1
NOV-03623,21,80.23,0,0,21,annuel,prelevement,5.1,0.1,2,0
NOV-03624,58,94.09,1,0,19,mensuel,prelevement,8.8,0.0,1,0
NOV-03625,37,120.27,1,0,15,mensuel,prelevement,7.3,0.05,2,0
NOV-03626,53,86.34,4,0,9,mensuel,prelevement,2.7,0.0,1,1
NOV-03627,46,117.0,1,1,22,mensuel,carte,9.5,0.1,3,0
NOV-03628,15,143.63,1,0,18,mensuel,prelevement,4.2,0.0,1,1
NOV-03629,43,64.18,1,1,17,bisannuel,prelevement,9.2,0.05,4,0
NOV-03630,36,36.57,2,0,14,annuel,virement,6.4,0.05,4,0
NOV-03631,28,144.77,3,0,22,bisannuel,carte,6.9,0.1,1,1
NOV-03632,53,131.28,1,1,17,mensuel,prelevement,4.0,0.0,1,0
NOV-03633,42,111.34,0,0,18,bisannuel,carte,4.7,0.0,3,0
NOV-03634,13,67.37,1,0,16,annuel,prelevement,8.3,0.0,4,0
NOV-03635,20,148.61,1,1,31,mensuel,carte,5.4,0.0,4,0
NOV-03636,16,32.52,0,2,12,annuel,carte,6.4,0.0,4,0
NOV-03637,55,109.83,1,2,21,mensuel,prelevement,8.7,0.2,3,0
NOV-03638,67,141.75,2,1,17,annuel,prelevement,8.3,0.2,1,0
NOV-03639,2,110.66,2,1,15,mensuel,virement,3.2,0.2,4,1
NOV-03640,68,121.4,2,0,21,mensuel,carte,6.1,0.0,4,0
NOV-03641,50,34.27,2,0,21,mensuel,virement,10.0,0.05,3,0
NOV-03642,19,,1,0,16,annuel,carte,6.7,0.1,4,0
NOV-03643,30,89.32,5,0,23,annuel,carte,7.7,0.2,2,0
NOV-03644,64,68.1,3,2,22,mensuel,prelevement,4.0,0.0,2,1
NOV-03645,49,83.53,0,1,16,mensuel,carte,7.6,0.0,3,0
NOV-03646,25,64.66,1,0,10,annuel,prelevement,7.8,0.0,3,0
NOV-03647,9,106.64,0,1,18,mensuel,carte,8.7,0.0,2,0
NOV-03648,56,105.96,0,1,23,mensuel,prelevement,8.0,0.05,2,0
NOV-03649,11,101.63,1,0,11,mensuel,carte,4.9,0.05,1,1
NOV-03650,47,47.59,4,1,17,bisannuel,prelevement,4.8,0.1,1,0
NOV-03651,2,70.16,1,0,17,mensuel,prelevement,4.2,0.0,1,1
NOV-03652,48,39.5,1,0,18,annuel,carte,7.8,0.0,3,0
NOV-03653,31,143.72,2,0,16,annuel,virement,6.3,0.0,2,1
NOV-03654,22,35.35,2,0,12,annuel,virement,5.0,0.05,3,0
NOV-03655,29,138.38,1,0,26,mensuel,prelevement,5.7,0.0,1,0
NOV-03656,71,49.46,3,0,22,bisannuel,prelevement,5.7,0.05,4,0
NOV-03657,68,51.94,2,0,19,mensuel,prelevement,10.0,0.0,4,0
NOV-03658,65,91.41,3,2,13,bisannuel,carte,6.1,0.05,1,0
NOV-03659,14,143.91,0,0,18,mensuel,carte,6.6,0.0,3,0
NOV-03660,2,128.43,4,0,24,mensuel,prelevement,6.0,0.1,3,1
NOV-03661,53,40.53,0,0,21,mensuel,prelevement,7.3,0.1,4,0
NOV-03662,8,135.78,2,0,21,mensuel,carte,7.8,0.1,4,1
NOV-03663,22,24.64,0,0,19,bisannuel,carte,7.7,0.1,2,0
NOV-03664,38,146.45,2,0,30,mensuel,carte,8.3,0.1,4,0
NOV-03665,60,132.88,2,1,16,mensuel,prelevement,6.7,0.0,2,0
NOV-03666,13,145.0,2,0,19,mensuel,carte,5.3,0.0,1,0
NOV-03667,11,50.55,1,0,19,mensuel,virement,6.4,0.1,4,0
NOV-03668,7,144.76,2,1,20,annuel,carte,7.5,0.0,3,0
NOV-03669,17,124.84,0,0,19,mensuel,prelevement,6.5,0.0,1,0
NOV-03670,57,34.44,1,4,21,mensuel,prelevement,10.0,0.1,4,0
NOV-03671,34,31.9,1,1,18,mensuel,prelevement,8.0,0.0,2,0
NOV-03672,57,52.78,1,1,11,mensuel,prelevement,8.2,0.0,2,1
NOV-03673,16,148.93,2,0,20,annuel,prelevement,9.0,0.0,3,0
NOV-03674,6,72.76,3,0,16,mensuel,prelevement,8.4,0.1,3,0
NOV-03675,60,134.59,4,0,15,annuel,virement,5.7,0.0,1,1
NOV-03676,66,111.93,3,0,14,bisannuel,carte,6.3,0.05,3,1
NOV-03677,70,124.13,0,1,25,bisannuel,carte,7.7,0.1,4,0
NOV-03678,35,137.59,2,0,20,mensuel,virement,10.0,0.1,2,0
NOV-03679,33,66.33,3,2,14,bisannuel,prelevement,5.5,0.05,2,1
NOV-03680,8,102.73,3,1,18,annuel,carte,,0.0,4,1
NOV-03681,55,97.05,1,0,20,bisannuel,carte,6.7,0.0,3,0
NOV-03682,64,82.6,1,0,21,mensuel,prelevement,8.1,0.1,3,0
NOV-03683,41,137.26,0,0,8,bisannuel,carte,9.6,0.0,1,0
NOV-03684,41,103.48,4,1,19,annuel,carte,7.9,0.05,2,1
NOV-03685,10,76.78,1,0,31,mensuel,virement,7.4,0.0,3,0
NOV-03686,33,20.85,5,0,22,annuel,carte,6.6,0.1,1,0
NOV-03687,72,56.06,1,0,13,bisannuel,prelevement,4.6,0.05,1,0
NOV-03688,27,68.11,3,1,23,annuel,carte,8.9,0.0,4,0
NOV-03689,52,73.55,0,0,11,mensuel,carte,4.9,0.0,2,0
NOV-03690,30,119.1,0,1,12,bisannuel,prelevement,7.5,0.1,2,0
NOV-03691,40,101.76,1,1,17,mensuel,prelevement,7.7,0.05,4,0
NOV-03692,68,77.1,3,0,24,bisannuel,carte,6.2,0.0,4,0
NOV-03693,25,,2,0,21,mensuel,carte,6.7,0.05,1,0
NOV-03694,39,55.18,2,0,26,mensuel,prelevement,7.7,0.05,1,0
NOV-03695,60,77.5,0,0,15,mensuel,prelevement,8.4,0.1,4,0
NOV-03696,2,148.0,0,1,16,mensuel,prelevement,,0.05,1,0
NOV-03697,31,42.78,3,0,24,mensuel,prelevement,6.8,0.0,1,0
NOV-03698,1,47.83,2,2,23,bisannuel,carte,8.5,0.0,3,0
NOV-03699,2,42.19,2,0,22,annuel,carte,6.3,0.1,1,0
NOV-03700,22,88.98,1,0,22,annuel,prelevement,6.9,0.1,4,0
NOV-03701,6,36.1,1,0,21,mensuel,carte,7.5,0.05,3,0
NOV-03702,71,25.79,1,0,14,annuel,prelevement,4.1,0.1,2,0
NOV-03703,70,122.95,2,0,17,mensuel,prelevement,7.1,0.1,2,0
NOV-03704,71,21.14,0,0,24,annuel,carte,6.3,0.0,4,0
NOV-03705,37,97.35,1,0,19,mensuel,virement,7.0,0.0,2,0
NOV-03706,51,31.37,0,0,12,annuel,carte,5.8,0.0,3,0
NOV-03707,14,144.72,1,0,12,bisannuel,virement,8.4,0.0,3,1
NOV-03708,62,24.41,1,0,16,annuel,prelevement,5.6,0.0,2,0
NOV-03709,5,111.74,2,0,25,annuel,prelevement,6.1,0.0,4,1
NOV-03710,58,102.79,3,1,19,mensuel,carte,,0.1,1,0
NOV-03711,53,78.36,1,0,13,annuel,prelevement,3.8,0.1,4,0
NOV-03712,47,28.31,2,0,12,annuel,virement,10.0,0.0,1,0
NOV-03713,62,67.16,0,0,20,annuel,prelevement,5.8,0.05,1,0
NOV-03714,35,110.59,0,1,16,mensuel,carte,,0.1,3,1
NOV-03715,56,93.75,1,1,18,mensuel,prelevement,4.1,0.05,4,0
NOV-03716,32,43.8,4,1,19,bisannuel,carte,5.9,0.05,2,1
NOV-03717,41,97.33,2,0,13,mensuel,carte,8.4,0.1,1,0
NOV-03718,39,36.76,2,2,12,bisannuel,prelevement,4.9,0.0,4,1
NOV-03719,54,84.86,1,1,20,bisannuel,prelevement,8.7,0.0,1,0
NOV-03720,50,52.56,1,0,18,annuel,carte,8.9,0.2,3,0
NOV-03721,66,98.69,1,0,17,mensuel,carte,8.4,0.0,2,0
NOV-03722,8,106.75,2,1,13,mensuel,prelevement,7.1,0.05,2,1
NOV-03723,4,31.31,0,2,13,bisannuel,prelevement,7.7,0.05,1,0
NOV-03724,27,119.93,1,0,15,mensuel,prelevement,2.5,0.1,1,0
NOV-03725,63,85.16,4,1,12,bisannuel,virement,6.1,0.0,3,0
NOV-03726,17,110.61,0,1,16,bisannuel,prelevement,7.4,0.05,1,0
NOV-03727,16,51.89,5,0,18,annuel,carte,6.1,0.0,3,0
NOV-03728,21,86.09,1,0,15,mensuel,prelevement,7.7,0.0,1,0
NOV-03729,22,144.71,0,0,13,mensuel,prelevement,10.0,0.05,2,0
NOV-03730,48,91.58,1,0,16,bisannuel,carte,5.6,0.05,3,0
NOV-03731,55,,0,0,13,bisannuel,prelevement,8.2,0.1,4,0
NOV-03732,64,142.85,1,2,17,mensuel,prelevement,5.6,0.0,4,0
NOV-03733,55,33.5,4,0,22,annuel,carte,5.9,0.0,1,1
NOV-03734,55,132.39,2,1,16,mensuel,virement,10.0,0.0,1,0
NOV-03735,32,43.28,1,0,18,bisannuel,prelevement,7.8,0.1,1,0
NOV-03736,46,41.52,3,1,18,mensuel,prelevement,6.3,0.0,3,0
NOV-03737,50,129.94,2,1,19,annuel,prelevement,7.6,0.0,3,0
NOV-03738,38,39.64,2,0,27,mensuel,carte,7.7,0.0,4,0
NOV-03739,59,118.71,1,0,21,annuel,prelevement,7.7,0.1,4,0
NOV-03740,47,47.62,2,0,15,mensuel,prelevement,9.3,0.05,3,0
NOV-03741,2,126.11,0,0,15,mensuel,carte,8.4,0.05,1,0
NOV-03742,48,78.42,2,0,23,annuel,carte,7.9,0.0,2,0
NOV-03743,1,,0,0,17,mensuel,prelevement,5.6,0.05,4,0
NOV-03744,60,127.28,1,0,17,annuel,carte,10.0,0.1,2,0
NOV-03745,72,35.32,2,0,13,annuel,carte,7.4,0.1,4,0
NOV-03746,64,37.66,2,0,22,annuel,carte,7.1,0.05,3,0
NOV-03747,22,109.0,2,0,12,annuel,carte,6.8,0.1,3,0
NOV-03748,68,147.69,3,0,17,bisannuel,carte,7.4,0.0,2,0
NOV-03749,46,44.83,0,3,24,bisannuel,prelevement,5.1,0.2,2,0
NOV-03750,23,22.43,1,2,13,mensuel,carte,8.2,0.0,4,0
NOV-03751,20,21.0,4,0,15,mensuel,prelevement,9.2,0.0,2,0
NOV-03752,16,128.53,1,0,13,mensuel,carte,5.8,0.0,1,1
NOV-03753,19,30.71,0,1,12,mensuel,prelevement,8.5,0.0,2,0
NOV-03754,57,34.11,1,0,18,annuel,prelevement,7.2,0.0,4,0
NOV-03755,69,20.36,0,0,10,annuel,prelevement,7.0,0.1,4,0
NOV-03756,60,102.35,3,1,19,mensuel,carte,3.8,0.0,3,0
NOV-03757,31,46.85,1,1,18,mensuel,carte,8.3,0.0,2,0
NOV-03758,3,85.04,0,0,11,bisannuel,prelevement,7.7,0.1,4,0
NOV-03759,28,76.82,2,0,20,mensuel,carte,8.4,0.0,1,0
NOV-03760,11,126.51,2,0,19,bisannuel,carte,7.0,0.0,2,0
NOV-03761,45,66.58,2,1,12,annuel,prelevement,6.9,0.1,1,0
NOV-03762,26,19.12,3,0,14,mensuel,prelevement,8.3,0.0,3,1
NOV-03763,54,99.47,2,2,15,mensuel,prelevement,7.9,0.1,3,1
NOV-03764,10,71.24,4,1,17,annuel,carte,6.6,0.0,3,0
NOV-03765,32,58.19,0,0,21,bisannuel,virement,7.0,0.0,3,0
NOV-03766,67,21.52,5,0,26,annuel,carte,10.0,0.0,2,0
NOV-03767,19,106.93,0,2,17,annuel,carte,8.9,0.0,4,0
NOV-03768,67,36.7,1,0,14,bisannuel,carte,9.8,0.05,1,0
NOV-03769,29,75.7,4,2,18,bisannuel,carte,6.8,0.0,1,0
NOV-03770,14,46.77,0,0,16,annuel,virement,6.8,0.0,3,0
NOV-03771,39,51.66,0,2,15,mensuel,prelevement,7.9,0.0,3,0
NOV-03772,57,28.99,1,0,21,mensuel,virement,8.9,0.0,3,0
NOV-03773,59,115.16,0,0,20,mensuel,prelevement,6.6,0.0,4,0
NOV-03774,64,134.99,0,0,17,annuel,prelevement,7.2,0.0,4,0
NOV-03775,33,97.62,2,1,12,mensuel,carte,6.6,0.0,2,0
NOV-03776,48,55.19,1,1,10,bisannuel,prelevement,6.8,0.05,4,0
NOV-03777,11,90.3,0,0,15,mensuel,virement,7.4,0.0,1,0
NOV-03778,15,103.71,2,0,16,annuel,prelevement,7.1,0.0,4,0
NOV-03779,1,55.63,3,0,20,annuel,prelevement,7.6,0.1,4,0
NOV-03780,9,71.01,1,0,15,annuel,prelevement,8.1,0.1,1,0
NOV-03781,23,63.32,1,0,12,mensuel,carte,5.1,0.0,1,0
NOV-03782,58,29.28,2,0,28,annuel,prelevement,7.8,0.0,1,0
NOV-03783,34,87.91,0,0,9,mensuel,prelevement,8.4,0.2,2,0
NOV-03784,50,91.11,4,1,13,annuel,carte,10.0,0.0,2,0
NOV-03785,6,120.24,4,2,19,annuel,prelevement,6.9,0.0,3,1
NOV-03786,23,79.51,3,0,22,annuel,carte,8.7,0.05,2,0
NOV-03787,55,59.64,1,0,20,bisannuel,prelevement,4.5,0.0,1,0
NOV-03788,41,35.43,3,0,13,annuel,carte,8.2,0.05,2,0
NOV-03789,14,26.28,1,1,22,mensuel,prelevement,7.7,0.0,4,0
NOV-03790,57,124.63,1,1,24,annuel,carte,9.3,0.0,1,0
NOV-03791,36,146.04,3,1,18,mensuel,prelevement,10.0,0.0,4,0
NOV-03792,6,42.97,2,0,31,annuel,prelevement,9.0,0.0,1,0
NOV-03793,49,112.91,4,0,21,mensuel,prelevement,5.6,0.0,1,0
NOV-03794,27,109.33,0,0,20,annuel,carte,6.8,0.0,3,0
NOV-03795,18,69.89,0,0,22,mensuel,prelevement,8.1,0.0,4,0
NOV-03796,43,133.01,1,0,14,annuel,virement,5.0,0.0,4,0
NOV-03797,9,24.29,1,0,13,mensuel,virement,10.0,0.1,2,0
NOV-03798,14,97.5,0,2,24,annuel,carte,8.5,0.0,1,1
NOV-03799,35,99.46,3,2,18,mensuel,virement,,0.0,1,1
NOV-03800,64,103.83,4,0,14,bisannuel,carte,7.7,0.0,3,1
NOV-03801,72,102.31,1,0,15,mensuel,carte,7.4,0.05,2,1
NOV-03802,25,46.07,0,0,13,mensuel,prelevement,8.3,0.0,3,0
NOV-03803,35,38.95,4,1,21,mensuel,carte,8.0,0.0,4,0
NOV-03804,5,19.26,0,0,17,annuel,carte,7.2,0.0,3,0
NOV-03805,49,119.0,0,1,25,mensuel,carte,5.6,0.05,4,0
NOV-03806,60,64.34,3,0,20,annuel,virement,3.5,0.1,2,0
NOV-03807,19,65.44,1,0,24,mensuel,carte,7.3,0.05,1,0
NOV-03808,8,24.89,0,0,14,bisannuel,prelevement,6.5,0.0,2,0
NOV-03809,25,120.0,2,1,15,annuel,prelevement,6.7,0.0,3,0
NOV-03810,4,82.41,3,0,22,mensuel,prelevement,7.8,0.0,1,0
NOV-03811,18,80.74,1,0,12,bisannuel,prelevement,9.1,0.1,2,0
NOV-03812,49,131.41,1,0,11,annuel,carte,5.8,0.1,3,1
NOV-03813,16,81.23,1,2,15,annuel,prelevement,2.9,0.0,2,1
NOV-03814,13,28.75,3,0,17,mensuel,carte,5.7,0.1,4,0
NOV-03815,58,135.02,5,0,18,annuel,carte,7.5,0.05,2,0
NOV-03816,68,66.47,1,0,19,mensuel,prelevement,6.7,0.0,4,1
NOV-03817,8,72.32,0,1,24,bisannuel,prelevement,5.3,0.0,2,0
NOV-03818,43,127.64,1,0,12,mensuel,prelevement,9.1,0.0,3,1
NOV-03819,55,93.28,2,0,15,mensuel,prelevement,8.3,0.0,1,0
NOV-03820,57,108.77,1,1,19,mensuel,prelevement,6.5,0.0,2,1
NOV-03821,54,73.25,1,0,16,mensuel,prelevement,6.6,0.05,2,0
NOV-03822,36,58.9,1,0,17,annuel,virement,9.5,0.0,1,0
NOV-03823,63,142.96,1,1,10,annuel,carte,9.3,0.0,1,1
NOV-03824,60,112.84,1,0,11,mensuel,prelevement,7.0,0.0,2,0
NOV-03825,28,,1,0,20,bisannuel,virement,4.4,0.0,4,0
NOV-03826,72,142.6,2,1,24,mensuel,carte,5.3,0.0,1,1
NOV-03827,56,71.35,2,2,15,mensuel,carte,7.1,0.0,3,1
NOV-03828,60,122.58,3,1,18,mensuel,virement,5.9,0.0,4,1
NOV-03829,34,71.61,1,1,19,mensuel,prelevement,6.8,0.0,4,0
NOV-03830,71,123.68,0,1,22,bisannuel,virement,7.7,0.0,2,0
NOV-03831,48,100.84,1,1,21,annuel,carte,8.5,0.2,4,0
NOV-03832,44,143.44,1,0,18,annuel,prelevement,7.7,0.0,4,0
NOV-03833,64,47.42,2,0,17,mensuel,carte,8.0,0.1,3,0
NOV-03834,68,41.55,2,0,11,mensuel,carte,9.7,0.0,4,0
NOV-03835,30,122.86,6,1,19,mensuel,prelevement,9.1,0.0,3,0
NOV-03836,68,61.2,0,1,15,bisannuel,carte,9.2,0.0,1,0
NOV-03837,17,40.3,2,0,19,annuel,virement,8.0,0.0,3,0
NOV-03838,63,146.68,1,0,23,mensuel,carte,5.7,0.0,2,0
NOV-03839,23,65.32,1,0,14,bisannuel,prelevement,5.4,0.05,2,0
NOV-03840,49,45.66,2,1,22,mensuel,prelevement,6.1,0.1,4,0
NOV-03841,5,43.51,0,1,20,mensuel,prelevement,3.8,0.05,4,1
NOV-03842,13,147.88,1,1,24,annuel,prelevement,10.0,0.2,2,0
NOV-03843,55,74.62,1,0,19,mensuel,prelevement,7.3,0.0,2,0
NOV-03844,51,129.82,0,0,19,mensuel,carte,8.5,0.0,1,0
NOV-03845,4,43.98,0,1,22,mensuel,carte,8.6,0.05,4,0
NOV-03846,2,55.76,2,0,17,mensuel,virement,7.1,0.1,1,1
NOV-03847,59,42.15,0,0,24,bisannuel,carte,7.1,0.1,3,0
NOV-03848,71,132.43,1,1,20,bisannuel,prelevement,9.8,0.0,1,0
NOV-03849,28,128.58,1,0,14,mensuel,virement,4.0,0.0,1,1
NOV-03850,24,35.67,1,0,25,annuel,prelevement,8.0,0.1,2,0
NOV-03851,25,99.93,3,1,19,annuel,carte,7.9,0.1,2,1
NOV-03852,53,143.92,1,0,17,mensuel,virement,5.9,0.1,1,1
NOV-03853,50,29.38,5,1,28,annuel,prelevement,6.7,0.0,1,0
NOV-03854,12,137.14,2,0,26,bisannuel,carte,8.1,0.0,3,0
NOV-03855,24,73.27,1,0,30,annuel,carte,7.3,0.05,3,0
NOV-03856,31,32.82,2,0,12,annuel,carte,5.7,0.2,2,0
NOV-03857,43,53.76,1,0,20,annuel,carte,8.9,0.0,2,0
NOV-03858,11,63.55,1,0,16,bisannuel,prelevement,8.2,0.05,1,1
NOV-03859,17,,1,1,17,mensuel,prelevement,6.3,0.1,3,0
NOV-03860,56,71.78,0,0,15,bisannuel,carte,6.2,0.1,4,0
NOV-03861,31,28.68,4,0,16,annuel,carte,6.5,0.2,3,0
NOV-03862,64,47.1,2,0,11,mensuel,prelevement,7.9,0.0,2,0
NOV-03863,5,54.01,1,0,15,bisannuel,prelevement,4.9,0.2,3,0
NOV-03864,26,66.05,3,1,14,mensuel,prelevement,6.0,0.1,2,0
NOV-03865,3,106.7,2,0,12,mensuel,virement,9.9,0.0,2,0
NOV-03866,25,52.09,1,0,15,mensuel,virement,4.4,0.05,3,0
NOV-03867,21,20.2,1,0,15,mensuel,carte,5.3,0.1,2,0
NOV-03868,30,139.06,3,0,16,mensuel,prelevement,,0.1,3,1
NOV-03869,25,50.42,0,0,18,mensuel,virement,7.7,0.0,1,0
NOV-03870,71,50.26,2,0,12,mensuel,carte,5.8,0.1,4,0
NOV-03871,51,22.56,1,0,21,mensuel,prelevement,6.8,0.2,2,0
NOV-03872,67,85.88,2,0,17,mensuel,prelevement,,0.1,2,0
NOV-03873,27,38.96,2,1,15,mensuel,prelevement,7.8,0.05,3,1
NOV-03874,29,37.36,5,0,22,bisannuel,carte,7.1,0.1,3,0
NOV-03875,2,104.81,2,0,19,mensuel,carte,8.6,0.0,4,0
NOV-03876,30,136.66,1,1,15,mensuel,virement,7.8,0.0,2,0
NOV-03877,23,56.29,2,0,11,mensuel,carte,6.3,0.0,4,0
NOV-03878,23,50.96,1,1,27,mensuel,carte,8.0,0.0,1,0
NOV-03879,40,52.66,2,1,20,annuel,prelevement,8.6,0.05,3,0
NOV-03880,3,53.84,1,1,14,annuel,virement,4.7,0.0,3,1
NOV-03881,51,130.37,2,1,11,mensuel,carte,9.2,0.0,2,0
NOV-03882,30,35.09,2,1,16,mensuel,prelevement,4.9,0.0,2,0
NOV-03883,41,100.53,3,1,17,bisannuel,prelevement,6.3,0.0,4,0
NOV-03884,62,125.14,4,1,19,bisannuel,prelevement,9.2,0.0,2,0
NOV-03885,26,21.11,0,0,19,mensuel,prelevement,9.0,0.0,4,0
NOV-03886,3,127.51,2,0,22,mensuel,prelevement,6.3,0.1,1,1
NOV-03887,59,49.22,1,0,16,annuel,prelevement,7.1,0.0,2,0
NOV-03888,33,105.09,1,0,19,annuel,carte,7.0,0.05,3,0
NOV-03889,18,96.33,2,0,14,annuel,prelevement,6.4,0.0,1,0
NOV-03890,70,73.65,1,0,15,bisannuel,carte,8.1,0.2,4,0
NOV-03891,46,57.11,2,0,15,mensuel,prelevement,,0.0,4,0
NOV-03892,17,91.89,4,0,24,mensuel,prelevement,6.6,0.0,3,0
NOV-03893,67,30.94,5,1,22,bisannuel,carte,8.4,0.0,2,0
NOV-03894,29,42.76,1,0,16,mensuel,prelevement,6.7,0.1,3,0
NOV-03895,32,53.78,0,0,12,mensuel,prelevement,6.9,0.0,3,0
NOV-03896,12,89.78,1,1,20,annuel,carte,6.6,0.05,1,1
NOV-03897,55,107.13,0,0,22,annuel,prelevement,6.3,0.0,1,0
NOV-03898,47,119.02,0,0,15,bisannuel,carte,6.6,0.0,4,0
NOV-03899,57,62.46,2,1,9,annuel,prelevement,7.1,0.1,2,1
NOV-03900,68,25.1,1,2,19,mensuel,prelevement,8.7,0.0,1,0
NOV-03901,14,41.96,0,0,21,mensuel,prelevement,9.5,0.0,2,0
NOV-03902,23,84.51,1,2,18,bisannuel,prelevement,6.8,0.0,4,0
NOV-03903,32,32.3,0,1,19,mensuel,prelevement,4.9,0.0,2,0
NOV-03904,53,21.08,2,1,21,mensuel,prelevement,8.7,0.0,1,0
NOV-03905,25,38.12,3,0,24,mensuel,prelevement,1.7,0.0,2,1
NOV-03906,61,53.76,4,1,17,annuel,prelevement,4.6,0.05,4,0
NOV-03907,70,91.29,2,0,19,annuel,carte,8.5,0.0,3,0
NOV-03908,27,105.06,0,1,20,annuel,prelevement,7.5,0.0,2,0
NOV-03909,7,74.22,1,0,16,annuel,prelevement,8.7,0.1,3,0
NOV-03910,30,109.85,0,0,17,mensuel,prelevement,5.3,0.1,1,1
NOV-03911,26,42.63,2,0,18,mensuel,prelevement,7.9,0.0,4,0
NOV-03912,49,26.58,1,0,19,annuel,carte,5.3,0.05,1,0
NOV-03913,17,144.73,0,0,16,mensuel,carte,10.0,0.0,4,0
NOV-03914,13,65.1,3,0,21,mensuel,carte,6.9,0.0,4,0
NOV-03915,42,55.78,3,0,19,mensuel,carte,7.8,0.0,4,0
NOV-03916,67,86.87,0,0,23,bisannuel,virement,8.1,0.0,3,0
NOV-03917,64,109.09,2,0,15,bisannuel,prelevement,6.6,0.05,4,0
NOV-03918,66,139.76,3,0,16,mensuel,prelevement,10.0,0.05,1,0
NOV-03919,10,92.6,1,0,14,mensuel,prelevement,7.1,0.05,3,1
NOV-03920,31,49.69,1,1,23,annuel,prelevement,10.0,0.0,4,0
NOV-03921,50,64.91,1,0,18,mensuel,prelevement,6.7,0.0,2,0
NOV-03922,50,142.75,1,2,15,annuel,carte,7.7,0.1,3,0
NOV-03923,24,43.84,0,0,13,mensuel,carte,6.6,0.1,4,1
NOV-03924,57,116.28,0,1,18,annuel,prelevement,6.2,0.1,3,0
NOV-03925,18,51.93,4,0,13,mensuel,virement,8.3,0.1,2,0
NOV-03926,56,19.62,4,0,7,mensuel,virement,10.0,0.0,1,1
NOV-03927,18,123.78,1,2,17,mensuel,virement,6.6,0.1,4,0
NOV-03928,37,58.2,2,1,21,bisannuel,carte,6.5,0.0,1,0
NOV-03929,6,68.87,6,0,21,mensuel,carte,8.3,0.0,3,1
NOV-03930,35,78.98,1,1,15,annuel,prelevement,10.0,0.0,3,0
NOV-03931,51,136.92,1,1,16,mensuel,prelevement,5.4,0.0,1,0
NOV-03932,50,36.01,1,0,17,mensuel,carte,7.3,0.0,2,0
NOV-03933,12,59.65,1,2,11,mensuel,prelevement,6.9,0.1,3,0
NOV-03934,32,44.75,0,0,20,mensuel,prelevement,10.0,0.0,4,0
NOV-03935,22,19.23,2,0,19,bisannuel,prelevement,4.6,0.0,1,0
NOV-03936,31,99.28,3,0,17,mensuel,prelevement,5.9,0.0,2,1
NOV-03937,4,32.97,1,2,16,bisannuel,carte,10.0,0.0,1,0
NOV-03938,33,20.95,2,1,19,annuel,virement,8.2,0.0,3,0
NOV-03939,9,126.22,1,1,22,annuel,prelevement,7.9,0.0,1,0
NOV-03940,29,40.0,4,3,15,annuel,prelevement,6.3,0.05,1,0
NOV-03941,53,34.69,0,1,23,mensuel,carte,10.0,0.0,3,0
NOV-03942,55,103.12,0,1,19,mensuel,prelevement,4.2,0.0,3,0
NOV-03943,6,43.47,0,0,30,mensuel,carte,8.3,0.05,2,0
NOV-03944,18,28.58,1,0,22,mensuel,virement,5.8,0.1,3,0
NOV-03945,64,132.59,2,0,19,mensuel,prelevement,8.3,0.05,2,0
NOV-03946,33,30.65,1,0,13,mensuel,prelevement,6.6,0.0,3,1
NOV-03947,52,49.16,1,0,19,annuel,carte,8.2,0.0,4,0
NOV-03948,46,45.96,2,0,12,bisannuel,prelevement,9.0,0.1,3,0
NOV-03949,17,119.08,0,0,15,annuel,carte,6.1,0.1,4,1
NOV-03950,14,110.39,4,1,16,mensuel,prelevement,5.9,0.1,4,1
NOV-03951,39,101.56,0,0,24,mensuel,prelevement,6.8,0.0,2,0
NOV-03952,1,73.86,1,0,16,mensuel,carte,5.1,0.0,3,0
NOV-03953,72,110.07,1,0,23,annuel,carte,7.5,0.05,4,0
NOV-03954,60,51.69,0,0,17,annuel,carte,3.9,0.0,1,0
NOV-03955,69,65.38,0,2,15,mensuel,prelevement,7.2,0.05,2,0
NOV-03956,18,69.97,2,1,18,annuel,virement,10.0,0.05,2,0
NOV-03957,26,84.27,1,1,17,annuel,carte,9.3,0.1,1,0
NOV-03958,34,41.95,0,0,22,annuel,carte,7.0,0.05,2,0
NOV-03959,46,59.82,2,1,14,annuel,carte,9.5,0.0,4,0
NOV-03960,54,80.11,0,0,18,annuel,prelevement,7.6,0.0,3,0
NOV-03961,53,137.06,1,0,15,mensuel,carte,4.4,0.0,1,1
NOV-03962,16,119.16,2,0,15,mensuel,carte,4.3,0.05,1,1
NOV-03963,46,114.54,1,1,20,mensuel,prelevement,8.8,0.2,1,0
NOV-03964,19,106.49,3,0,12,mensuel,prelevement,6.4,0.05,1,1
NOV-03965,67,106.87,2,0,22,mensuel,carte,8.3,0.0,1,0
NOV-03966,22,50.61,2,1,17,mensuel,prelevement,5.1,0.0,1,0
NOV-03967,62,110.39,1,0,18,mensuel,carte,7.3,0.1,2,0
NOV-03968,68,88.5,1,0,18,mensuel,carte,7.5,0.0,4,0
NOV-03969,2,92.18,0,0,15,mensuel,prelevement,8.2,0.0,3,0
NOV-03970,9,124.98,1,0,23,annuel,prelevement,9.5,0.0,4,0
NOV-03971,45,119.44,1,0,13,mensuel,prelevement,7.6,0.0,1,0
NOV-03972,29,48.53,1,0,9,annuel,prelevement,6.1,0.1,4,0
NOV-03973,33,44.92,1,0,20,annuel,prelevement,6.7,0.0,1,0
NOV-03974,26,38.08,1,2,18,mensuel,prelevement,4.6,0.0,4,1
NOV-03975,25,93.64,2,0,19,bisannuel,carte,7.1,0.1,3,0
NOV-03976,4,24.74,2,2,16,annuel,virement,10.0,0.2,4,1
NOV-03977,1,43.83,1,0,18,mensuel,prelevement,5.4,0.05,3,1
NOV-03978,56,57.84,1,1,19,annuel,prelevement,8.3,0.05,2,0
NOV-03979,17,57.54,2,0,15,annuel,carte,8.1,0.0,2,0
NOV-03980,7,74.74,0,0,23,mensuel,carte,6.2,0.0,2,1
NOV-03981,65,122.95,3,1,18,mensuel,prelevement,7.8,0.0,4,0
NOV-03982,63,92.3,0,0,22,mensuel,carte,6.8,0.05,3,0
NOV-03983,8,58.68,1,3,15,mensuel,prelevement,4.8,0.05,4,0
NOV-03984,32,55.21,2,0,17,bisannuel,carte,7.9,0.0,1,0
NOV-03985,15,65.63,1,1,22,mensuel,carte,7.5,0.0,4,0
NOV-03986,38,33.74,1,0,22,mensuel,carte,6.2,0.0,4,0
NOV-03987,58,47.65,0,1,19,bisannuel,prelevement,5.7,0.0,3,0
NOV-03988,60,70.79,2,1,14,mensuel,prelevement,7.9,0.2,2,0
NOV-03989,11,109.73,2,0,17,annuel,carte,4.9,0.0,2,1
NOV-03990,59,115.27,1,0,14,bisannuel,prelevement,8.0,0.0,2,0
NOV-03991,37,137.21,1,0,20,annuel,carte,3.0,0.0,3,1
NOV-03992,60,28.55,2,0,21,annuel,carte,6.6,0.05,2,0
NOV-03993,24,57.75,0,0,15,mensuel,prelevement,5.8,0.0,4,0
NOV-03994,55,140.71,1,0,23,mensuel,prelevement,6.1,0.2,2,0
NOV-03995,44,91.92,0,0,24,mensuel,virement,9.2,0.0,1,0
NOV-03996,54,33.62,1,0,11,annuel,carte,7.7,0.2,3,0
NOV-03997,63,116.47,3,0,23,annuel,prelevement,6.2,0.1,3,0
NOV-03998,10,47.93,1,0,15,mensuel,prelevement,7.1,0.05,4,0
NOV-03999,19,69.98,1,0,22,mensuel,prelevement,4.3,0.0,1,0
NOV-04000,39,138.23,0,0,29,annuel,prelevement,5.9,0.0,3,1
NOV-04001,62,28.56,0,0,18,mensuel,carte,7.6,0.05,3,0
NOV-04002,55,146.71,2,0,16,mensuel,prelevement,6.8,0.2,2,0
NOV-04003,66,128.6,1,1,17,annuel,carte,7.0,0.05,1,0
NOV-04004,49,35.93,1,0,9,annuel,prelevement,7.9,0.2,1,0
NOV-04005,14,78.34,4,1,25,annuel,carte,6.7,0.0,2,0
NOV-04006,30,115.45,5,0,21,bisannuel,virement,5.0,0.0,1,0
NOV-04007,51,140.49,1,0,17,mensuel,prelevement,7.3,0.1,3,1
NOV-04008,22,87.4,1,0,11,annuel,virement,7.6,0.0,3,1
NOV-04009,62,146.77,2,1,17,annuel,carte,6.8,0.0,1,0
NOV-04010,36,142.97,1,1,20,annuel,prelevement,5.4,0.0,1,0
NOV-04011,20,81.83,1,1,17,mensuel,prelevement,7.8,0.05,2,0
NOV-04012,49,59.37,1,0,17,mensuel,carte,8.0,0.0,4,0
NOV-04013,38,53.57,1,0,15,annuel,prelevement,6.1,0.0,3,1
NOV-04014,29,28.44,1,0,18,mensuel,prelevement,5.9,0.1,4,0
NOV-04015,22,83.93,2,0,13,mensuel,prelevement,5.6,0.0,2,1
NOV-04016,68,86.63,4,0,20,mensuel,carte,10.0,0.0,1,0
NOV-04017,34,42.66,4,0,21,mensuel,prelevement,5.7,0.1,2,0
NOV-04018,69,107.22,2,1,17,mensuel,virement,8.3,0.0,1,0
NOV-04019,60,30.41,2,0,19,mensuel,carte,8.9,0.0,2,0
NOV-04020,27,55.88,1,0,17,annuel,prelevement,6.5,0.0,2,0
NOV-04021,49,90.88,2,0,20,mensuel,carte,6.8,0.0,3,0
NOV-04022,3,104.6,0,1,18,bisannuel,prelevement,6.4,0.0,4,0
NOV-04023,47,19.11,2,0,18,mensuel,virement,7.9,0.2,3,0
NOV-04024,9,116.21,0,1,23,mensuel,prelevement,7.7,0.0,3,0
NOV-04025,31,77.89,1,0,16,mensuel,prelevement,5.6,0.1,4,0
NOV-04026,21,61.81,0,2,14,mensuel,carte,6.0,0.0,1,0
NOV-04027,26,34.96,0,0,15,bisannuel,prelevement,6.3,0.0,2,0
NOV-04028,72,99.58,0,0,14,annuel,carte,8.3,0.05,2,0
NOV-04029,25,102.14,3,1,20,bisannuel,prelevement,6.5,0.0,2,0
NOV-04030,66,49.08,3,0,14,bisannuel,prelevement,9.6,0.0,1,0
NOV-04031,43,54.15,3,0,13,mensuel,carte,5.8,0.0,3,0
NOV-04032,66,138.38,3,1,18,annuel,prelevement,7.5,0.0,3,0
NOV-04033,68,,1,0,15,annuel,prelevement,6.8,0.0,2,0
NOV-04034,44,,2,0,24,mensuel,carte,7.0,0.2,3,0
NOV-04035,25,31.94,1,0,14,mensuel,prelevement,10.0,0.0,2,0
NOV-04036,20,128.76,0,0,20,annuel,prelevement,5.3,0.0,3,0
NOV-04037,57,28.7,4,2,20,mensuel,carte,6.7,0.0,2,0
NOV-04038,54,91.79,0,3,15,mensuel,carte,,0.0,3,0
NOV-04039,44,90.66,2,0,20,mensuel,carte,5.9,0.0,3,0
NOV-04040,71,78.81,1,0,14,mensuel,prelevement,7.3,0.0,4,0
NOV-04041,65,60.76,1,0,22,mensuel,prelevement,6.5,0.1,3,0
NOV-04042,49,67.87,0,0,11,bisannuel,virement,9.1,0.1,4,0
NOV-04043,44,38.01,0,0,13,annuel,prelevement,7.3,0.0,3,0
NOV-04044,68,67.24,2,1,18,mensuel,prelevement,7.6,0.1,3,0
NOV-04045,9,44.03,1,0,16,annuel,prelevement,8.9,0.1,1,0
NOV-04046,22,146.34,1,2,24,mensuel,prelevement,7.2,0.0,4,0
NOV-04047,6,56.36,2,0,21,bisannuel,prelevement,9.3,0.0,2,0
NOV-04048,53,117.16,1,2,19,annuel,prelevement,3.1,0.0,4,0
NOV-04049,12,69.5,0,0,21,mensuel,carte,6.9,0.0,4,0
NOV-04050,62,71.32,0,1,22,annuel,prelevement,7.4,0.05,3,0
NOV-04051,49,144.02,1,0,13,mensuel,carte,8.7,0.05,2,0
NOV-04052,55,27.06,1,0,12,mensuel,prelevement,9.6,0.05,2,0
NOV-04053,67,117.06,0,0,15,annuel,carte,7.7,0.0,2,0
NOV-04054,50,99.33,2,1,14,mensuel,carte,7.9,0.0,3,1
NOV-04055,21,104.35,0,0,22,bisannuel,prelevement,5.9,0.05,2,0
NOV-04056,54,116.88,2,0,21,bisannuel,prelevement,6.0,0.05,3,0
NOV-04057,68,102.09,2,1,28,annuel,carte,6.3,0.0,2,0
NOV-04058,12,93.7,0,1,21,mensuel,carte,5.9,0.0,1,0
NOV-04059,45,31.58,2,1,27,mensuel,carte,9.8,0.05,3,0
NOV-04060,16,146.22,0,0,18,annuel,virement,9.7,0.1,4,0
NOV-04061,8,43.08,0,0,15,bisannuel,prelevement,6.7,0.0,2,0
NOV-04062,72,73.58,1,2,24,mensuel,carte,6.2,0.1,2,0
NOV-04063,49,34.79,1,0,13,mensuel,prelevement,9.1,0.05,2,0
NOV-04064,29,40.6,2,0,21,mensuel,carte,9.6,0.2,3,0
NOV-04065,38,104.51,2,0,20,mensuel,carte,8.2,0.0,3,0
NOV-04066,31,95.44,4,0,17,mensuel,virement,2.6,0.1,3,1
NOV-04067,20,106.06,2,0,13,bisannuel,prelevement,8.2,0.05,3,0
NOV-04068,39,105.65,3,0,14,mensuel,prelevement,7.9,0.05,1,1
NOV-04069,4,58.25,0,0,27,annuel,prelevement,6.6,0.2,4,0
NOV-04070,69,36.03,1,1,14,mensuel,prelevement,4.9,0.0,3,0
NOV-04071,64,121.05,1,0,18,mensuel,carte,6.8,0.0,1,0
NOV-04072,64,63.25,3,0,12,mensuel,prelevement,9.0,0.1,1,0
NOV-04073,5,91.58,1,0,16,bisannuel,prelevement,7.5,0.0,2,0
NOV-04074,51,54.74,1,0,9,annuel,prelevement,7.8,0.05,4,0
NOV-04075,18,40.94,0,0,17,bisannuel,carte,8.1,0.0,3,0
NOV-04076,66,48.8,1,0,15,mensuel,prelevement,6.4,0.0,2,0
NOV-04077,60,101.48,1,0,21,bisannuel,prelevement,6.0,0.05,4,0
NOV-04078,43,81.08,2,1,14,annuel,carte,8.2,0.1,2,0
NOV-04079,16,128.24,1,0,26,annuel,prelevement,6.6,0.0,4,1
NOV-04080,36,83.35,1,0,15,bisannuel,prelevement,10.0,0.2,3,0
NOV-04081,22,143.58,1,0,12,annuel,carte,6.5,0.05,1,0
NOV-04082,24,148.4,0,0,22,annuel,carte,8.2,0.0,4,0
NOV-04083,36,50.17,4,0,28,mensuel,virement,8.8,0.0,2,0
NOV-04084,64,55.05,4,0,18,mensuel,carte,10.0,0.2,1,0
NOV-04085,15,140.88,1,0,23,mensuel,carte,9.9,0.0,3,0
NOV-04086,71,134.47,1,1,19,mensuel,prelevement,6.8,0.0,2,0
NOV-04087,5,118.07,1,2,18,mensuel,carte,9.0,0.0,4,0
NOV-04088,34,65.34,1,0,19,mensuel,carte,9.7,0.0,3,0
NOV-04089,31,89.27,2,1,18,annuel,prelevement,5.7,0.1,3,0
NOV-04090,33,97.18,1,0,20,mensuel,prelevement,6.8,0.1,1,0
NOV-04091,66,45.49,0,0,15,annuel,prelevement,7.5,0.05,1,0
NOV-04092,50,131.05,1,0,26,annuel,prelevement,8.0,0.0,1,0
NOV-04093,37,31.11,1,1,16,mensuel,carte,4.9,0.0,2,0
NOV-04094,56,135.77,1,0,17,mensuel,prelevement,3.9,0.05,3,1
NOV-04095,41,50.71,1,0,16,annuel,prelevement,6.8,0.0,3,0
NOV-04096,12,24.92,2,0,14,bisannuel,virement,8.7,0.1,4,0
NOV-04097,11,51.24,1,0,20,mensuel,prelevement,8.1,0.05,3,0
NOV-04098,34,40.64,2,1,12,annuel,prelevement,5.7,0.0,2,0
NOV-04099,59,122.47,0,1,24,mensuel,prelevement,6.5,0.05,4,0
NOV-04100,71,51.23,0,1,16,annuel,prelevement,7.2,0.05,4,0
NOV-04101,51,81.03,1,0,22,mensuel,prelevement,7.1,0.2,3,0
NOV-04102,22,90.93,1,0,16,mensuel,carte,6.7,0.05,1,0
NOV-04103,6,63.19,1,0,16,mensuel,prelevement,6.6,0.0,1,0
NOV-04104,15,48.64,1,1,13,annuel,prelevement,6.7,0.05,1,0
NOV-04105,48,125.52,5,0,21,mensuel,carte,9.4,0.0,1,0
NOV-04106,28,53.93,6,1,21,bisannuel,prelevement,9.9,0.0,2,0
NOV-04107,63,24.4,3,1,13,mensuel,carte,6.7,0.0,2,0
NOV-04108,71,67.12,0,0,10,annuel,prelevement,6.2,0.0,3,0
NOV-04109,63,96.17,2,0,24,mensuel,virement,6.4,0.2,4,0
NOV-04110,39,36.41,2,0,15,mensuel,prelevement,9.4,0.1,4,0
NOV-04111,36,97.97,2,1,19,mensuel,carte,8.6,0.0,3,0
NOV-04112,67,124.47,2,1,20,mensuel,carte,7.5,0.0,2,0
NOV-04113,7,143.04,2,0,22,mensuel,virement,7.7,0.1,3,0
NOV-04114,18,143.62,2,2,23,annuel,carte,6.6,0.0,1,1
NOV-04115,52,139.09,2,1,25,annuel,prelevement,8.1,0.0,1,0
NOV-04116,11,84.0,0,0,17,mensuel,carte,8.5,0.0,1,1
NOV-04117,15,97.13,2,0,21,mensuel,prelevement,3.5,0.0,2,1
NOV-04118,47,126.04,1,1,16,mensuel,prelevement,,0.0,1,0
NOV-04119,11,112.42,1,1,14,mensuel,prelevement,8.2,0.1,1,0
NOV-04120,37,73.49,2,1,27,mensuel,prelevement,9.6,0.05,1,0
NOV-04121,72,126.02,2,1,21,annuel,prelevement,6.8,0.0,1,0
NOV-04122,8,90.72,0,1,21,annuel,prelevement,8.6,0.05,4,0
NOV-04123,6,129.76,4,0,12,mensuel,carte,9.2,0.1,1,1
NOV-04124,28,132.5,2,0,21,bisannuel,prelevement,8.6,0.0,4,0
NOV-04125,43,88.31,2,1,21,annuel,prelevement,8.0,0.0,4,0
NOV-04126,67,83.48,2,0,18,annuel,prelevement,8.8,0.0,1,0
NOV-04127,59,128.85,2,1,17,annuel,virement,4.5,0.1,3,1
NOV-04128,52,87.62,1,0,16,annuel,carte,6.8,0.0,4,0
NOV-04129,26,113.9,1,0,19,bisannuel,carte,6.9,0.0,3,0
NOV-04130,30,21.86,0,0,24,annuel,prelevement,5.8,0.0,2,0
NOV-04131,70,131.22,1,1,17,annuel,carte,9.5,0.05,1,0
NOV-04132,31,78.18,2,0,20,mensuel,prelevement,9.2,0.0,3,0
NOV-04133,8,95.59,3,1,19,mensuel,prelevement,7.9,0.0,4,0
NOV-04134,11,52.14,3,0,15,annuel,prelevement,7.4,0.0,3,0
NOV-04135,62,83.0,1,1,13,bisannuel,prelevement,7.9,0.0,4,0
NOV-04136,61,28.07,1,2,20,mensuel,prelevement,7.5,0.0,1,0
NOV-04137,40,113.49,0,1,28,annuel,prelevement,5.6,0.1,1,0
NOV-04138,42,131.37,2,0,16,mensuel,prelevement,6.0,0.1,1,0
NOV-04139,54,32.27,4,0,23,annuel,prelevement,3.9,0.05,1,0
NOV-04140,34,138.67,2,1,18,annuel,carte,7.8,0.0,1,0
NOV-04141,28,117.31,3,0,16,mensuel,prelevement,6.2,0.05,1,0
NOV-04142,13,84.24,2,1,23,mensuel,prelevement,6.2,0.0,3,1
NOV-04143,14,110.81,0,0,18,annuel,prelevement,7.2,0.05,1,0
NOV-04144,40,116.93,3,0,16,annuel,virement,6.4,0.1,1,1
NOV-04145,48,47.36,1,1,23,annuel,prelevement,9.4,0.05,1,0
NOV-04146,51,116.94,3,0,16,mensuel,prelevement,6.7,0.0,3,0
NOV-04147,50,132.76,4,1,15,annuel,carte,8.3,0.1,4,0
NOV-04148,2,85.54,1,0,21,mensuel,carte,7.3,0.0,4,0
NOV-04149,71,125.62,2,1,24,bisannuel,prelevement,7.6,0.1,1,0
NOV-04150,40,117.67,1,1,13,mensuel,carte,9.9,0.0,2,0
NOV-04151,59,47.36,0,0,13,annuel,carte,5.2,0.05,1,0
NOV-04152,57,116.21,4,1,20,mensuel,prelevement,6.7,0.0,1,1
NOV-04153,17,118.3,3,1,22,mensuel,prelevement,6.5,0.0,3,0
NOV-04154,64,100.51,1,2,18,annuel,prelevement,5.6,0.1,3,0
NOV-04155,65,30.46,0,1,19,mensuel,prelevement,6.1,0.1,2,0
NOV-04156,16,59.11,2,0,16,mensuel,prelevement,7.1,0.1,3,1
NOV-04157,11,91.46,2,0,20,mensuel,virement,6.4,0.0,3,1
NOV-04158,54,86.19,1,0,18,annuel,prelevement,10.0,0.0,4,0
NOV-04159,13,41.13,0,0,23,annuel,prelevement,3.6,0.0,4,0
NOV-04160,39,46.99,0,1,22,mensuel,virement,7.9,0.1,3,0
NOV-04161,54,103.35,0,0,19,mensuel,prelevement,7.0,0.05,1,1
NOV-04162,57,102.73,0,1,23,mensuel,prelevement,7.9,0.05,2,0
NOV-04163,49,128.53,0,0,18,bisannuel,carte,6.1,0.05,4,0
NOV-04164,43,30.71,1,0,20,mensuel,carte,8.5,0.05,3,0
NOV-04165,60,99.36,2,0,12,mensuel,carte,7.8,0.0,1,0
NOV-04166,46,40.13,3,0,15,annuel,carte,8.0,0.0,4,0
NOV-04167,67,139.66,0,0,21,mensuel,virement,6.9,0.1,4,0
NOV-04168,35,86.65,0,0,15,annuel,prelevement,6.9,0.0,3,0
NOV-04169,29,66.31,0,0,20,mensuel,prelevement,8.1,0.05,1,0
NOV-04170,17,69.89,1,0,17,annuel,prelevement,7.2,0.0,1,1
NOV-04171,15,113.4,1,0,21,mensuel,prelevement,5.5,0.0,3,1
NOV-04172,5,43.92,0,0,22,annuel,prelevement,7.9,0.2,1,0
NOV-04173,36,27.22,3,0,13,mensuel,prelevement,7.1,0.0,3,0
NOV-04174,51,133.81,4,0,16,mensuel,carte,6.6,0.0,4,1
NOV-04175,53,69.51,1,0,18,annuel,prelevement,3.8,0.05,1,0
NOV-04176,52,32.82,1,1,24,mensuel,carte,4.0,0.1,1,1
NOV-04177,9,72.08,1,0,15,mensuel,carte,6.8,0.0,3,0
NOV-04178,26,68.89,2,2,16,annuel,prelevement,5.2,0.0,2,1
NOV-04179,16,91.42,0,0,14,annuel,carte,9.1,0.1,4,0
NOV-04180,54,129.14,2,0,8,mensuel,prelevement,8.4,0.05,4,0
NOV-04181,68,129.83,2,1,24,annuel,carte,7.0,0.0,3,1
NOV-04182,55,19.56,1,1,18,mensuel,carte,4.7,0.05,2,0
NOV-04183,21,32.02,3,0,17,annuel,carte,5.5,0.05,2,1
NOV-04184,16,95.78,5,0,16,annuel,carte,8.9,0.1,1,0
NOV-04185,16,70.04,1,0,26,mensuel,prelevement,8.6,0.0,2,0
NOV-04186,23,112.75,1,1,17,mensuel,prelevement,4.9,0.0,3,0
NOV-04187,47,36.49,0,0,23,mensuel,carte,9.6,0.0,1,0
NOV-04188,28,25.25,1,0,17,annuel,prelevement,7.1,0.1,3,0
NOV-04189,65,53.57,2,0,13,mensuel,carte,8.3,0.05,3,0
NOV-04190,16,84.84,2,1,34,annuel,prelevement,4.1,0.0,3,0
NOV-04191,10,50.27,1,0,29,mensuel,carte,8.6,0.2,3,0
NOV-04192,35,,2,1,22,mensuel,carte,6.3,0.05,4,1
NOV-04193,20,98.41,1,2,24,annuel,carte,7.1,0.05,2,0
NOV-04194,12,128.53,0,0,12,annuel,carte,6.5,0.0,1,0
NOV-04195,56,,1,0,12,mensuel,prelevement,5.9,0.1,4,1
NOV-04196,61,30.55,0,1,22,mensuel,carte,8.6,0.05,1,0
NOV-04197,12,100.93,0,0,20,bisannuel,prelevement,9.2,0.05,1,0
NOV-04198,12,125.46,1,0,23,bisannuel,carte,5.1,0.0,4,0
NOV-04199,54,82.52,2,1,17,annuel,prelevement,6.0,0.05,4,0
NOV-04200,12,79.65,1,0,17,mensuel,carte,7.3,0.1,3,0
NOV-04201,6,72.23,0,0,20,mensuel,virement,8.0,0.1,3,0
NOV-04202,16,131.56,3,0,15,mensuel,prelevement,8.3,0.1,3,0
NOV-04203,11,72.28,3,1,16,mensuel,prelevement,4.9,0.0,1,1
NOV-04204,5,88.02,2,0,21,mensuel,carte,5.9,0.0,2,1
NOV-04205,52,88.73,0,0,18,mensuel,carte,6.6,0.0,3,0
NOV-04206,40,148.02,1,0,14,mensuel,prelevement,4.5,0.0,2,1
NOV-04207,72,44.31,3,0,20,mensuel,prelevement,5.0,0.1,4,0
NOV-04208,46,25.95,1,0,15,mensuel,prelevement,6.3,0.1,1,0
NOV-04209,10,52.54,0,0,17,mensuel,prelevement,7.4,0.05,4,0
NOV-04210,33,24.36,2,1,20,mensuel,carte,4.7,0.05,4,1
NOV-04211,69,101.61,1,0,28,bisannuel,prelevement,7.7,0.0,4,0
NOV-04212,26,74.44,0,0,26,mensuel,carte,6.2,0.0,4,0
NOV-04213,42,147.41,4,1,15,mensuel,virement,9.3,0.1,2,1
NOV-04214,41,117.62,0,1,23,bisannuel,prelevement,7.0,0.0,3,0
NOV-04215,7,81.74,2,2,16,mensuel,prelevement,6.9,0.05,2,1
NOV-04216,41,130.49,2,1,15,bisannuel,prelevement,7.1,0.1,4,0
NOV-04217,69,125.71,0,1,16,annuel,prelevement,4.3,0.0,1,0
NOV-04218,11,130.04,2,0,15,annuel,prelevement,4.7,0.1,2,0
NOV-04219,61,73.22,2,1,20,annuel,prelevement,6.8,0.05,1,0
NOV-04220,43,19.52,3,0,14,mensuel,virement,7.4,0.1,2,0
NOV-04221,25,58.55,2,0,19,mensuel,prelevement,5.2,0.0,3,0
NOV-04222,26,93.47,2,0,19,mensuel,carte,7.9,0.0,1,1
NOV-04223,4,21.26,3,2,19,annuel,prelevement,6.1,0.1,4,0
NOV-04224,14,41.28,2,0,17,mensuel,virement,9.8,0.0,3,0
NOV-04225,23,75.13,0,0,18,mensuel,prelevement,8.4,0.2,2,0
NOV-04226,46,126.39,2,1,15,annuel,prelevement,6.9,0.0,1,0
NOV-04227,12,44.48,2,0,26,mensuel,carte,4.8,0.1,2,1
NOV-04228,53,139.16,2,0,19,mensuel,prelevement,8.3,0.0,1,0
NOV-04229,57,137.23,2,0,20,bisannuel,virement,7.3,0.0,4,0
NOV-04230,19,147.58,0,0,21,mensuel,carte,9.6,0.1,3,0
NOV-04231,30,67.9,4,1,17,mensuel,prelevement,6.0,0.0,3,0
NOV-04232,14,35.33,1,0,27,annuel,carte,4.5,0.05,1,0
NOV-04233,40,43.21,0,1,17,mensuel,prelevement,5.1,0.2,1,0
NOV-04234,68,64.6,1,0,18,mensuel,prelevement,5.8,0.1,1,0
NOV-04235,45,30.24,4,1,15,annuel,prelevement,5.9,0.05,1,0
NOV-04236,11,49.46,5,2,24,mensuel,prelevement,4.2,0.0,3,1
NOV-04237,41,107.63,0,0,17,annuel,carte,7.1,0.2,3,1
NOV-04238,11,94.19,0,0,19,annuel,carte,8.0,0.0,3,0
NOV-04239,70,86.73,0,0,17,mensuel,prelevement,6.7,0.05,4,0
NOV-04240,48,20.66,2,1,13,annuel,prelevement,3.9,0.1,3,1
NOV-04241,58,29.87,3,1,14,mensuel,carte,8.9,0.05,3,0
NOV-04242,9,70.95,2,1,17,mensuel,virement,6.5,0.05,3,0
NOV-04243,20,115.91,3,0,17,mensuel,prelevement,7.7,0.0,1,0
NOV-04244,36,51.68,5,0,23,annuel,prelevement,9.8,0.0,4,0
NOV-04245,27,127.17,1,1,19,annuel,prelevement,8.7,0.05,4,0
NOV-04246,38,69.89,1,0,17,annuel,prelevement,5.3,0.05,1,0
NOV-04247,28,77.51,2,0,15,mensuel,prelevement,8.2,0.0,1,0
NOV-04248,47,124.03,2,0,11,mensuel,carte,4.4,0.0,1,1
NOV-04249,53,85.9,2,0,20,annuel,prelevement,7.9,0.0,1,0
NOV-04250,64,19.86,1,0,19,annuel,prelevement,8.3,0.0,4,0
NOV-04251,71,76.55,1,1,15,annuel,carte,8.4,0.1,3,0
NOV-04252,19,37.43,2,0,22,mensuel,prelevement,6.4,0.0,3,0
NOV-04253,56,125.32,2,0,12,annuel,prelevement,6.0,0.0,4,1
NOV-04254,63,38.01,2,1,18,mensuel,prelevement,7.1,0.05,1,0
NOV-04255,31,135.29,3,1,19,mensuel,prelevement,6.8,0.05,2,0
NOV-04256,57,31.48,0,1,19,mensuel,carte,6.4,0.0,3,0
NOV-04257,9,37.37,2,0,19,mensuel,prelevement,6.0,0.05,4,0
NOV-04258,39,58.06,4,0,31,annuel,prelevement,9.4,0.0,2,0
NOV-04259,31,54.49,2,0,21,mensuel,prelevement,7.2,0.1,2,0
NOV-04260,6,61.33,1,1,14,annuel,carte,1.8,0.05,4,1
NOV-04261,16,20.48,1,0,11,mensuel,carte,7.6,0.1,2,0
NOV-04262,6,117.98,0,0,13,mensuel,carte,6.2,0.0,1,0
NOV-04263,69,72.03,1,0,25,annuel,virement,5.1,0.1,4,1
NOV-04264,23,146.89,0,1,20,mensuel,prelevement,8.0,0.05,2,0
NOV-04265,55,34.68,0,0,16,mensuel,prelevement,7.5,0.0,1,0
NOV-04266,57,100.91,2,2,15,annuel,carte,8.8,0.0,1,0
NOV-04267,3,56.27,1,1,15,mensuel,prelevement,9.7,0.05,1,0
NOV-04268,71,136.76,1,0,17,mensuel,carte,6.1,0.0,3,0
NOV-04269,67,80.03,2,0,20,mensuel,virement,7.0,0.0,3,0
NOV-04270,24,134.74,1,0,22,mensuel,prelevement,7.6,0.1,2,0
NOV-04271,14,72.34,1,0,23,annuel,prelevement,5.0,0.0,4,0
NOV-04272,44,116.55,2,1,22,mensuel,prelevement,5.6,0.05,2,0
NOV-04273,24,34.78,1,0,20,annuel,prelevement,6.1,0.0,1,0
NOV-04274,14,140.24,2,0,15,mensuel,prelevement,9.1,0.0,4,0
NOV-04275,39,97.25,0,0,20,bisannuel,prelevement,10.0,0.1,3,0
NOV-04276,68,111.8,1,3,19,mensuel,prelevement,7.4,0.2,2,0
NOV-04277,13,104.91,1,1,14,mensuel,prelevement,8.2,0.1,3,1
NOV-04278,70,141.63,1,0,15,mensuel,carte,8.8,0.1,3,0
NOV-04279,25,53.62,4,0,19,annuel,carte,8.6,0.0,2,0
NOV-04280,40,19.39,0,1,20,mensuel,carte,9.1,0.0,1,0
NOV-04281,64,109.27,1,0,17,annuel,prelevement,6.5,0.05,3,0
NOV-04282,30,38.4,2,0,20,mensuel,carte,5.6,0.1,3,0
NOV-04283,32,82.07,0,0,17,mensuel,carte,6.6,0.05,3,0
NOV-04284,56,106.97,2,2,18,bisannuel,prelevement,9.9,0.05,3,0
NOV-04285,24,81.59,4,0,21,bisannuel,carte,10.0,0.2,2,0
NOV-04286,54,54.86,1,0,20,bisannuel,virement,4.8,0.0,2,0
NOV-04287,26,123.11,1,2,17,annuel,carte,5.7,0.2,1,0
NOV-04288,21,64.94,0,0,16,mensuel,prelevement,6.4,0.1,3,1
NOV-04289,71,54.45,1,0,14,mensuel,carte,7.9,0.05,3,0
NOV-04290,56,110.38,1,2,19,annuel,prelevement,8.3,0.0,2,0
NOV-04291,38,115.56,2,0,12,mensuel,carte,6.5,0.2,1,0
NOV-04292,16,97.7,1,1,13,annuel,prelevement,3.3,0.05,3,1
NOV-04293,47,134.12,0,0,22,mensuel,carte,7.7,0.0,1,0
NOV-04294,8,25.94,1,0,16,mensuel,virement,5.7,0.0,3,0
NOV-04295,71,105.24,3,0,18,annuel,prelevement,6.2,0.2,3,0
NOV-04296,53,112.03,1,1,30,annuel,prelevement,6.0,0.0,4,0
NOV-04297,13,88.06,5,0,18,mensuel,prelevement,5.5,0.05,3,1
NOV-04298,17,31.66,1,1,20,annuel,carte,10.0,0.05,2,0
NOV-04299,29,52.53,1,0,13,annuel,prelevement,6.1,0.2,4,0
NOV-04300,28,116.93,4,0,16,annuel,prelevement,6.4,0.05,4,1
NOV-04301,7,51.23,2,1,15,mensuel,carte,7.7,0.1,3,0
NOV-04302,26,95.34,2,1,23,mensuel,prelevement,6.5,0.0,4,0
NOV-04303,57,23.85,1,0,12,mensuel,prelevement,7.5,0.0,1,0
NOV-04304,57,92.32,0,0,20,mensuel,prelevement,8.6,0.1,4,0
NOV-04305,49,123.17,0,2,21,annuel,prelevement,5.0,0.2,4,1
NOV-04306,25,110.83,1,0,15,bisannuel,carte,6.9,0.0,4,0
NOV-04307,32,75.43,3,0,15,annuel,prelevement,5.6,0.0,1,0
NOV-04308,37,56.76,2,0,16,mensuel,carte,8.9,0.05,3,0
NOV-04309,69,34.49,1,0,17,mensuel,virement,8.0,0.05,1,0
NOV-04310,66,94.97,2,0,19,bisannuel,prelevement,5.9,0.05,3,0
NOV-04311,2,94.07,2,0,21,bisannuel,carte,6.2,0.1,2,0
NOV-04312,31,75.17,2,0,23,mensuel,prelevement,8.8,0.1,4,0
NOV-04313,42,,1,1,15,mensuel,prelevement,8.9,0.0,2,0
NOV-04314,66,101.0,1,0,24,bisannuel,prelevement,6.3,0.0,2,0
NOV-04315,35,57.57,1,0,13,mensuel,carte,8.9,0.05,4,0
NOV-04316,31,82.3,2,0,14,mensuel,carte,5.1,0.1,4,1
NOV-04317,71,62.15,1,0,18,mensuel,carte,8.5,0.0,3,0
NOV-04318,34,63.25,1,0,18,mensuel,carte,7.4,0.0,4,0
NOV-04319,39,24.59,0,0,12,annuel,prelevement,10.0,0.0,2,0
NOV-04320,59,70.27,3,0,20,bisannuel,carte,8.9,0.0,2,0
NOV-04321,7,110.94,0,1,20,annuel,prelevement,7.6,0.0,1,0
NOV-04322,39,121.98,3,0,17,bisannuel,carte,7.4,0.0,3,0
NOV-04323,2,77.11,0,0,9,mensuel,prelevement,7.8,0.2,3,0
NOV-04324,2,51.47,2,0,22,annuel,carte,,0.0,3,0
NOV-04325,33,30.09,3,0,18,mensuel,prelevement,4.3,0.1,1,0
NOV-04326,60,104.91,4,0,16,annuel,carte,7.1,0.0,4,0
NOV-04327,45,,2,1,24,annuel,prelevement,4.8,0.0,3,1
NOV-04328,57,142.42,3,0,21,mensuel,prelevement,7.4,0.1,4,0
NOV-04329,33,84.2,1,1,31,annuel,carte,5.1,0.0,1,0
NOV-04330,53,44.45,0,0,15,bisannuel,carte,4.9,0.0,1,0
NOV-04331,64,45.54,1,0,19,mensuel,carte,8.7,0.0,1,0
NOV-04332,32,134.39,0,0,14,mensuel,carte,8.3,0.2,4,0
NOV-04333,49,82.06,3,0,21,mensuel,prelevement,5.9,0.0,2,0
NOV-04334,28,91.8,0,2,15,mensuel,carte,7.5,0.0,3,0
NOV-04335,57,87.49,2,2,17,mensuel,carte,9.2,0.0,3,0
NOV-04336,63,29.73,0,1,18,annuel,virement,3.4,0.0,3,1
NOV-04337,6,40.68,1,1,11,annuel,carte,5.5,0.0,2,0
NOV-04338,57,52.82,0,0,19,mensuel,carte,7.0,0.2,1,0
NOV-04339,4,20.0,4,0,17,annuel,carte,6.3,0.0,3,0
NOV-04340,52,91.43,0,0,12,mensuel,prelevement,5.4,0.0,1,0
NOV-04341,64,92.53,2,1,14,bisannuel,prelevement,6.8,0.0,2,0
NOV-04342,48,55.93,4,1,19,mensuel,carte,9.9,0.05,3,0
NOV-04343,3,49.13,2,1,22,mensuel,prelevement,7.8,0.05,2,0
NOV-04344,14,108.59,4,2,21,bisannuel,carte,7.2,0.0,3,1
NOV-04345,29,126.1,5,0,18,mensuel,prelevement,7.5,0.05,3,0
NOV-04346,45,120.47,0,0,16,annuel,carte,6.0,0.1,2,1
NOV-04347,35,42.84,1,0,10,bisannuel,prelevement,8.9,0.0,2,0
NOV-04348,40,77.35,0,0,14,annuel,carte,7.0,0.0,3,0
NOV-04349,49,102.53,2,0,22,annuel,prelevement,6.2,0.05,4,0
NOV-04350,34,33.73,3,3,18,mensuel,carte,5.6,0.05,2,1
NOV-04351,6,125.71,2,0,12,annuel,carte,8.4,0.2,4,0
NOV-04352,14,146.45,1,0,17,annuel,carte,7.6,0.05,4,0
NOV-04353,27,90.54,0,2,14,mensuel,carte,6.2,0.0,4,1
NOV-04354,69,77.75,3,1,21,mensuel,prelevement,8.9,0.0,4,0
NOV-04355,20,75.08,2,1,22,mensuel,prelevement,7.0,0.05,1,0
NOV-04356,27,61.05,3,0,17,mensuel,prelevement,7.8,0.1,2,0
NOV-04357,48,143.0,1,1,19,mensuel,carte,7.8,0.0,4,0
NOV-04358,11,109.07,2,0,15,annuel,carte,10.0,0.0,3,0
NOV-04359,66,121.61,1,0,20,annuel,virement,6.9,0.0,3,0
NOV-04360,45,53.66,2,1,21,annuel,prelevement,6.9,0.0,2,0
NOV-04361,4,144.34,2,0,20,annuel,carte,8.6,0.0,3,0
NOV-04362,62,33.1,1,0,18,mensuel,carte,7.9,0.05,3,0
NOV-04363,56,52.06,2,0,17,mensuel,carte,5.8,0.0,2,1
NOV-04364,17,87.77,2,1,19,mensuel,carte,5.5,0.0,1,0
NOV-04365,17,148.24,1,0,12,mensuel,prelevement,8.6,0.0,3,0
NOV-04366,1,46.12,2,0,26,mensuel,carte,5.0,0.0,1,0
NOV-04367,32,114.55,2,0,16,mensuel,carte,6.4,0.1,1,0
NOV-04368,55,39.24,2,1,18,annuel,prelevement,5.3,0.0,1,0
NOV-04369,60,58.44,1,0,21,bisannuel,prelevement,6.4,0.1,3,0
NOV-04370,58,49.24,3,1,17,mensuel,prelevement,5.1,0.1,3,1
NOV-04371,49,19.57,1,0,17,annuel,prelevement,6.8,0.1,1,0
NOV-04372,23,106.06,2,1,15,mensuel,virement,6.7,0.0,2,0
NOV-04373,43,63.81,3,0,16,annuel,virement,6.8,0.05,1,0
NOV-04374,3,19.97,2,1,21,mensuel,prelevement,7.2,0.05,4,0
NOV-04375,31,106.84,1,1,25,mensuel,prelevement,5.9,0.0,3,0
NOV-04376,35,54.8,2,0,14,mensuel,prelevement,5.3,0.05,4,1
NOV-04377,35,125.54,2,0,23,mensuel,prelevement,9.3,0.0,1,0
NOV-04378,64,22.7,0,1,21,annuel,carte,7.6,0.0,3,0
NOV-04379,52,35.91,0,2,13,mensuel,virement,6.0,0.1,3,0
NOV-04380,71,32.23,2,0,18,annuel,prelevement,7.1,0.0,4,0
NOV-04381,31,132.23,3,0,20,annuel,prelevement,5.1,0.0,2,1
NOV-04382,46,25.5,4,0,16,annuel,carte,9.2,0.0,3,0
NOV-04383,12,84.81,3,0,21,mensuel,prelevement,7.3,0.05,1,0
NOV-04384,44,79.01,0,0,18,annuel,carte,6.2,0.0,2,0
NOV-04385,47,37.85,1,0,23,bisannuel,carte,6.9,0.1,3,0
NOV-04386,56,136.84,2,0,10,bisannuel,carte,7.0,0.0,3,0
NOV-04387,64,99.5,3,0,18,mensuel,carte,9.4,0.0,3,0
NOV-04388,57,133.12,1,0,12,bisannuel,prelevement,7.8,0.0,3,0
NOV-04389,69,59.56,1,0,27,annuel,prelevement,6.9,0.0,3,0
NOV-04390,11,115.15,2,0,16,bisannuel,prelevement,6.6,0.0,3,0
NOV-04391,55,130.79,0,1,15,mensuel,prelevement,7.1,0.0,1,0
NOV-04392,28,99.55,1,1,17,annuel,prelevement,9.6,0.0,2,0
NOV-04393,24,46.12,2,2,15,mensuel,prelevement,7.2,0.05,3,0
NOV-04394,16,78.05,1,0,16,mensuel,carte,7.1,0.0,4,0
NOV-04395,46,99.0,1,1,20,annuel,carte,8.9,0.0,2,0
NOV-04396,7,63.75,2,2,17,bisannuel,prelevement,7.5,0.0,3,0
NOV-04397,43,,1,0,23,annuel,carte,7.0,0.0,1,0
NOV-04398,59,137.56,2,1,14,mensuel,carte,7.3,0.05,2,1
NOV-04399,25,60.65,2,0,14,mensuel,prelevement,6.1,0.05,4,0
NOV-04400,47,46.43,1,1,19,mensuel,carte,4.4,0.0,1,0
NOV-04401,40,33.78,2,0,19,mensuel,virement,4.8,0.0,1,1
NOV-04402,68,84.54,1,0,22,mensuel,prelevement,6.5,0.0,3,0
NOV-04403,19,139.39,3,0,13,annuel,carte,6.7,0.0,4,0
NOV-04404,10,136.16,3,0,27,bisannuel,prelevement,6.0,0.0,2,0
NOV-04405,49,37.68,2,1,16,annuel,carte,5.7,0.0,3,0
NOV-04406,68,96.58,5,0,8,mensuel,prelevement,4.4,0.2,2,1
NOV-04407,27,57.55,2,0,17,mensuel,prelevement,4.8,0.2,1,0
NOV-04408,67,31.69,4,0,14,mensuel,prelevement,6.9,0.0,4,0
NOV-04409,68,37.58,0,0,21,mensuel,prelevement,9.4,0.05,1,0
NOV-04410,51,66.38,1,1,23,annuel,prelevement,4.4,0.1,3,1
NOV-04411,46,26.75,2,0,19,mensuel,prelevement,7.6,0.0,3,0
NOV-04412,38,26.36,2,0,17,annuel,prelevement,6.8,0.05,2,0
NOV-04413,69,146.35,2,0,21,bisannuel,prelevement,7.5,0.05,4,0
NOV-04414,29,116.43,0,0,18,annuel,prelevement,4.0,0.0,2,0
NOV-04415,40,124.58,2,1,17,annuel,prelevement,4.9,0.0,1,0
NOV-04416,50,93.1,1,0,13,bisannuel,carte,10.0,0.0,2,0
NOV-04417,57,88.27,0,1,10,mensuel,prelevement,5.7,0.1,4,0
NOV-04418,68,139.97,0,0,14,bisannuel,carte,6.8,0.2,3,0
NOV-04419,71,84.71,3,0,22,mensuel,carte,8.0,0.0,1,0
NOV-04420,22,34.48,3,0,15,annuel,prelevement,7.0,0.05,1,0
NOV-04421,38,30.83,3,0,24,mensuel,prelevement,6.3,0.0,2,0
NOV-04422,13,20.85,0,1,17,mensuel,prelevement,5.8,0.0,1,0
NOV-04423,52,111.72,0,1,18,annuel,prelevement,6.3,0.2,1,0
NOV-04424,68,116.73,2,0,18,annuel,carte,6.5,0.1,4,0
NOV-04425,65,69.13,2,1,15,bisannuel,prelevement,9.0,0.0,2,0
NOV-04426,70,98.55,1,0,14,mensuel,prelevement,8.3,0.05,4,0
NOV-04427,18,70.98,0,1,20,mensuel,prelevement,8.5,0.2,2,0
NOV-04428,57,81.56,3,0,10,mensuel,prelevement,6.5,0.0,4,1
NOV-04429,12,87.88,0,0,16,mensuel,carte,7.6,0.05,1,0
NOV-04430,55,56.61,1,0,12,mensuel,prelevement,4.0,0.0,3,0
NOV-04431,4,87.21,2,1,20,mensuel,carte,5.6,0.0,2,1
NOV-04432,61,36.11,0,0,19,annuel,carte,5.9,0.0,4,0
NOV-04433,52,129.52,3,0,19,mensuel,carte,8.6,0.0,4,1
NOV-04434,7,118.41,3,1,22,mensuel,carte,6.4,0.0,3,1
NOV-04435,22,53.78,0,0,24,mensuel,prelevement,5.4,0.0,2,0
NOV-04436,72,61.18,1,1,14,mensuel,carte,6.8,0.0,4,0
NOV-04437,65,99.75,1,1,20,annuel,virement,9.8,0.0,4,0
NOV-04438,41,103.84,3,0,16,mensuel,prelevement,4.6,0.05,3,1
NOV-04439,12,35.39,1,0,23,mensuel,carte,6.2,0.05,1,0
NOV-04440,61,95.42,3,1,21,annuel,carte,6.0,0.0,4,0
NOV-04441,9,57.86,3,2,14,annuel,prelevement,7.4,0.1,3,0
NOV-04442,36,22.49,0,0,15,bisannuel,prelevement,7.8,0.1,2,0
NOV-04443,11,128.03,3,1,26,annuel,prelevement,7.5,0.1,2,0
NOV-04444,23,85.32,0,0,20,mensuel,prelevement,,0.0,3,0
NOV-04445,58,98.8,3,1,13,mensuel,prelevement,7.4,0.0,1,0
NOV-04446,71,127.03,1,0,19,mensuel,prelevement,8.7,0.05,3,0
NOV-04447,7,27.84,1,2,22,mensuel,carte,8.4,0.05,1,0
NOV-04448,4,104.61,2,0,11,annuel,prelevement,7.4,0.0,4,1
NOV-04449,27,110.8,1,0,15,bisannuel,virement,5.0,0.1,3,1
NOV-04450,16,59.48,2,1,14,mensuel,carte,10.0,0.0,3,0
NOV-04451,53,62.59,0,0,15,annuel,prelevement,9.3,0.1,1,0
NOV-04452,33,26.52,0,0,20,mensuel,carte,7.3,0.0,2,0
NOV-04453,32,127.98,1,0,17,mensuel,virement,5.8,0.1,2,0
NOV-04454,62,105.34,5,0,24,annuel,prelevement,7.8,0.2,2,1
NOV-04455,36,56.83,1,0,18,annuel,virement,8.1,0.05,1,0
NOV-04456,49,24.32,0,0,11,annuel,prelevement,9.3,0.0,1,0
NOV-04457,8,87.95,3,0,22,bisannuel,prelevement,6.7,0.1,2,0
NOV-04458,38,54.4,0,1,13,bisannuel,carte,8.1,0.1,2,0
NOV-04459,13,59.08,2,2,11,mensuel,virement,8.4,0.0,1,0
NOV-04460,71,73.68,4,1,16,mensuel,carte,6.5,0.0,1,0
NOV-04461,61,116.96,1,0,16,annuel,prelevement,5.4,0.0,3,1
NOV-04462,47,65.88,2,0,12,bisannuel,carte,6.2,0.0,1,0
NOV-04463,54,123.28,4,0,13,annuel,prelevement,8.1,0.0,3,0
NOV-04464,60,29.88,2,0,23,mensuel,carte,8.3,0.05,4,0
NOV-04465,52,29.41,2,0,18,bisannuel,prelevement,5.3,0.2,3,0
NOV-04466,16,58.09,1,2,20,mensuel,prelevement,7.0,0.0,3,0
NOV-04467,49,148.75,2,0,8,mensuel,prelevement,3.3,0.0,2,1
NOV-04468,57,126.12,0,0,21,mensuel,prelevement,6.2,0.0,1,0
NOV-04469,13,133.47,2,0,21,mensuel,carte,8.0,0.0,1,0
NOV-04470,56,25.07,2,1,10,mensuel,prelevement,8.1,0.0,2,1
NOV-04471,64,61.3,1,2,22,mensuel,prelevement,10.0,0.0,1,0
NOV-04472,50,47.09,2,0,12,annuel,prelevement,10.0,0.0,3,0
NOV-04473,22,106.91,1,1,21,mensuel,prelevement,7.2,0.1,2,1
NOV-04474,22,142.8,2,1,25,annuel,carte,5.3,0.0,2,0
NOV-04475,42,81.23,4,0,27,annuel,prelevement,6.1,0.1,4,0
NOV-04476,66,147.99,2,0,10,mensuel,virement,7.8,0.0,3,0
NOV-04477,22,98.16,1,0,16,annuel,carte,9.8,0.1,1,0
NOV-04478,57,80.75,3,0,10,mensuel,carte,3.9,0.0,3,1
NOV-04479,45,74.02,2,1,19,mensuel,carte,6.1,0.0,2,0
NOV-04480,46,,3,0,14,annuel,carte,7.4,0.0,3,0
NOV-04481,33,119.53,1,2,25,bisannuel,prelevement,5.4,0.05,4,0
NOV-04482,6,82.01,3,0,12,mensuel,prelevement,7.5,0.0,3,1
NOV-04483,24,102.23,2,0,26,annuel,carte,10.0,0.05,1,0
NOV-04484,31,140.77,1,0,22,annuel,prelevement,8.9,0.0,4,0
NOV-04485,24,80.15,0,0,25,bisannuel,carte,5.3,0.1,4,0
NOV-04486,5,94.76,2,0,15,bisannuel,virement,9.2,0.0,4,0
NOV-04487,69,34.63,2,0,19,annuel,virement,4.5,0.1,1,0
NOV-04488,20,29.74,2,1,16,mensuel,prelevement,3.6,0.0,1,0
NOV-04489,18,40.91,1,0,21,annuel,virement,7.1,0.0,3,0
NOV-04490,51,145.1,3,0,13,mensuel,carte,5.7,0.0,2,1
NOV-04491,56,,1,0,18,annuel,carte,10.0,0.0,1,0
NOV-04492,70,141.1,3,1,15,annuel,carte,9.3,0.05,4,0
NOV-04493,15,,1,0,11,mensuel,carte,5.7,0.0,4,0
NOV-04494,9,77.97,1,0,14,mensuel,prelevement,5.2,0.1,4,0
NOV-04495,35,134.25,4,1,19,mensuel,prelevement,7.1,0.2,2,1
NOV-04496,72,,1,2,17,mensuel,carte,7.6,0.05,1,0
NOV-04497,56,72.83,1,2,24,mensuel,prelevement,6.2,0.0,1,0
NOV-04498,67,110.85,0,1,27,mensuel,carte,8.7,0.0,4,0
NOV-04499,71,108.92,3,0,21,mensuel,prelevement,8.3,0.0,2,0
NOV-04500,71,52.47,1,0,22,mensuel,prelevement,7.6,0.05,4,0
NOV-04501,71,30.96,3,0,19,mensuel,prelevement,6.0,0.1,4,0
NOV-04502,46,26.85,0,0,15,mensuel,prelevement,8.8,0.05,4,0
NOV-04503,64,110.19,1,0,18,mensuel,carte,6.2,0.0,4,1
NOV-04504,2,95.65,0,0,21,annuel,virement,5.6,0.0,3,0
NOV-04505,8,30.98,0,1,21,mensuel,prelevement,6.9,0.05,2,0
NOV-04506,36,123.18,3,1,23,mensuel,virement,6.8,0.0,4,0
NOV-04507,47,123.64,1,0,18,mensuel,prelevement,6.2,0.2,1,0
NOV-04508,29,100.89,4,0,17,bisannuel,carte,9.8,0.0,4,0
NOV-04509,40,125.14,4,0,22,mensuel,carte,8.8,0.0,1,0
NOV-04510,19,54.75,0,0,24,mensuel,carte,6.2,0.2,1,0
NOV-04511,28,125.33,4,1,25,bisannuel,prelevement,6.8,0.05,4,0
NOV-04512,48,103.47,1,0,17,annuel,prelevement,8.6,0.0,4,0
NOV-04513,67,142.64,2,0,15,mensuel,prelevement,7.4,0.0,2,0
NOV-04514,27,93.86,1,0,16,mensuel,prelevement,5.5,0.0,3,0
NOV-04515,34,99.54,3,0,22,annuel,prelevement,6.3,0.1,4,0
NOV-04516,47,71.42,0,1,17,mensuel,carte,6.0,0.1,1,0
NOV-04517,66,97.75,1,1,15,mensuel,carte,6.0,0.0,4,1
NOV-04518,37,49.0,1,0,16,bisannuel,carte,8.0,0.0,3,0
NOV-04519,23,110.29,2,1,8,annuel,prelevement,4.4,0.0,2,0
NOV-04520,67,106.33,1,0,11,mensuel,carte,5.4,0.2,2,0
NOV-04521,22,70.87,0,0,23,mensuel,prelevement,4.5,0.1,4,0
NOV-04522,57,100.39,0,1,25,annuel,carte,8.6,0.0,1,0
NOV-04523,52,61.45,0,0,16,mensuel,carte,5.0,0.05,1,0
NOV-04524,7,20.6,1,0,18,mensuel,prelevement,6.8,0.0,3,0
NOV-04525,52,83.58,2,0,19,mensuel,prelevement,7.9,0.0,2,0
NOV-04526,1,98.6,1,0,15,mensuel,prelevement,6.3,0.0,4,0
NOV-04527,26,65.71,4,0,23,mensuel,carte,9.1,0.2,4,0
NOV-04528,65,93.84,0,0,25,bisannuel,carte,4.5,0.0,1,0
NOV-04529,8,111.59,2,0,18,mensuel,prelevement,7.8,0.1,2,0
NOV-04530,69,92.0,2,0,15,mensuel,prelevement,7.3,0.1,3,0
NOV-04531,20,92.64,2,1,13,mensuel,prelevement,7.0,0.0,3,0
NOV-04532,49,100.2,0,1,12,bisannuel,prelevement,7.9,0.0,4,0
NOV-04533,66,85.54,3,0,21,bisannuel,prelevement,6.2,0.0,4,0
NOV-04534,48,51.82,3,1,17,mensuel,carte,8.3,0.0,4,0
NOV-04535,66,127.01,2,1,24,bisannuel,virement,8.2,0.1,2,0
NOV-04536,15,65.74,2,0,22,mensuel,carte,9.9,0.1,4,0
NOV-04537,71,75.22,0,2,16,mensuel,prelevement,4.2,0.1,4,0
NOV-04538,10,65.06,2,0,20,mensuel,carte,8.1,0.0,2,0
NOV-04539,58,61.21,1,1,12,mensuel,virement,5.7,0.2,1,0
NOV-04540,52,115.18,2,0,15,mensuel,carte,9.3,0.0,1,0
NOV-04541,28,148.29,1,0,16,bisannuel,carte,3.1,0.1,4,0
NOV-04542,70,71.48,1,0,25,bisannuel,prelevement,8.4,0.2,2,0
NOV-04543,69,51.61,2,1,20,mensuel,prelevement,7.3,0.0,4,0
NOV-04544,33,89.86,1,0,13,mensuel,prelevement,10.0,0.1,4,0
NOV-04545,14,94.87,2,0,22,bisannuel,carte,10.0,0.0,4,0
NOV-04546,4,60.66,1,1,21,bisannuel,carte,6.1,0.0,4,0
NOV-04547,68,30.72,1,0,16,mensuel,prelevement,7.1,0.1,4,0
NOV-04548,41,130.75,1,1,17,mensuel,prelevement,4.6,0.0,1,1
NOV-04549,66,134.12,1,1,8,bisannuel,virement,9.3,0.0,1,0
NOV-04550,30,97.56,2,1,27,annuel,prelevement,7.4,0.0,3,0
NOV-04551,40,47.24,0,0,14,mensuel,carte,5.8,0.1,4,0
NOV-04552,68,31.4,0,0,17,annuel,carte,8.7,0.1,1,0
NOV-04553,8,104.31,1,1,21,mensuel,prelevement,8.5,0.0,4,0
NOV-04554,21,44.72,0,0,18,mensuel,carte,10.0,0.1,4,0
NOV-04555,11,141.29,1,0,18,bisannuel,prelevement,7.5,0.0,4,0
NOV-04556,8,59.83,1,0,16,annuel,prelevement,6.6,0.0,1,0
NOV-04557,30,34.7,5,1,18,bisannuel,carte,7.3,0.2,1,0
NOV-04558,45,76.63,1,0,19,mensuel,prelevement,7.9,0.0,4,0
NOV-04559,41,85.69,2,0,8,mensuel,carte,8.3,0.05,4,1
NOV-04560,33,35.24,0,1,20,annuel,prelevement,7.9,0.0,1,0
NOV-04561,11,137.93,2,0,14,mensuel,prelevement,9.8,0.0,3,0
NOV-04562,52,141.64,0,1,16,annuel,carte,6.4,0.1,4,1
NOV-04563,39,122.15,4,0,18,bisannuel,carte,9.8,0.0,2,0
NOV-04564,10,57.16,1,0,14,mensuel,carte,6.4,0.05,3,0
NOV-04565,19,38.29,5,2,21,annuel,prelevement,9.9,0.0,2,0
NOV-04566,65,137.13,0,0,11,mensuel,carte,6.7,0.0,1,0
NOV-04567,42,60.82,1,1,15,annuel,prelevement,4.3,0.0,2,0
NOV-04568,41,52.0,3,0,21,mensuel,carte,7.9,0.2,3,0
NOV-04569,62,88.32,1,2,14,mensuel,carte,8.3,0.1,4,1
NOV-04570,55,47.83,0,1,15,mensuel,carte,5.0,0.1,3,0
NOV-04571,6,55.59,1,1,23,mensuel,prelevement,1.0,0.0,2,1
NOV-04572,32,105.48,1,0,16,mensuel,prelevement,8.6,0.1,4,0
NOV-04573,16,68.63,1,0,13,annuel,prelevement,7.2,0.2,3,0
NOV-04574,66,123.09,2,0,19,mensuel,carte,9.4,0.0,3,0
NOV-04575,3,116.06,2,1,8,mensuel,carte,6.0,0.0,4,1
NOV-04576,20,66.67,0,0,18,annuel,prelevement,8.7,0.0,2,0
NOV-04577,49,145.81,1,0,19,annuel,carte,5.9,0.0,3,0
NOV-04578,11,143.15,1,0,19,mensuel,prelevement,7.8,0.2,1,0
NOV-04579,23,78.41,4,0,14,annuel,prelevement,8.2,0.0,2,0
NOV-04580,2,77.27,1,3,13,mensuel,prelevement,6.3,0.0,3,0
NOV-04581,48,61.6,3,1,15,bisannuel,virement,2.9,0.0,4,0
NOV-04582,17,53.79,2,1,21,mensuel,carte,8.5,0.2,3,1
NOV-04583,46,54.03,3,1,24,mensuel,carte,8.9,0.0,4,0
NOV-04584,35,27.99,3,0,15,mensuel,prelevement,6.0,0.1,2,0
NOV-04585,62,120.31,2,1,17,bisannuel,prelevement,6.7,0.1,4,0
NOV-04586,36,106.05,2,1,22,mensuel,prelevement,7.4,0.0,2,0
NOV-04587,40,27.43,2,1,30,mensuel,virement,4.8,0.0,4,1
NOV-04588,6,34.77,2,1,20,mensuel,carte,5.7,0.1,1,1
NOV-04589,6,51.64,1,1,17,annuel,prelevement,7.9,0.1,2,1
NOV-04590,21,70.27,4,0,24,mensuel,carte,6.8,0.0,3,1
NOV-04591,65,46.75,2,0,18,annuel,carte,4.5,0.2,1,0
NOV-04592,18,26.88,2,0,16,annuel,prelevement,7.8,0.0,4,0
NOV-04593,6,32.84,1,0,20,annuel,virement,6.5,0.05,4,0
NOV-04594,11,76.65,0,0,20,mensuel,carte,5.6,0.05,4,0
NOV-04595,39,136.99,0,0,22,bisannuel,prelevement,5.7,0.0,2,0
NOV-04596,45,81.69,1,0,13,annuel,prelevement,7.5,0.0,2,0
NOV-04597,29,30.41,0,1,25,bisannuel,carte,8.9,0.0,1,0
NOV-04598,55,52.28,2,1,14,annuel,prelevement,10.0,0.0,2,0
NOV-04599,29,96.3,3,0,20,mensuel,prelevement,6.4,0.2,1,0
NOV-04600,52,31.25,0,0,13,mensuel,virement,6.9,0.0,1,0
NOV-04601,24,109.73,3,1,22,mensuel,carte,,0.05,2,0
NOV-04602,38,54.35,2,1,24,mensuel,virement,9.8,0.0,3,0
NOV-04603,36,20.03,0,1,15,bisannuel,prelevement,6.7,0.05,4,0
NOV-04604,22,37.71,1,0,21,mensuel,prelevement,9.1,0.1,4,0
NOV-04605,55,83.41,1,2,27,mensuel,virement,6.2,0.05,1,0
NOV-04606,34,83.77,2,1,22,bisannuel,prelevement,8.4,0.05,3,0
NOV-04607,37,145.81,0,0,12,mensuel,prelevement,5.7,0.0,4,0
NOV-04608,3,118.43,0,0,22,mensuel,carte,7.6,0.05,3,0
NOV-04609,15,23.2,3,1,18,bisannuel,carte,6.5,0.0,2,0
NOV-04610,22,84.53,0,0,27,annuel,prelevement,6.2,0.05,4,0
NOV-04611,7,59.21,1,0,10,bisannuel,prelevement,6.6,0.1,1,0
NOV-04612,21,89.95,2,0,14,bisannuel,virement,5.9,0.0,1,0
NOV-04613,34,78.45,2,1,23,bisannuel,carte,6.9,0.1,3,1
NOV-04614,68,37.39,0,0,14,annuel,carte,9.7,0.1,3,0
NOV-04615,61,112.32,1,1,19,mensuel,carte,8.8,0.05,3,0
NOV-04616,39,93.62,1,0,13,annuel,carte,9.2,0.0,4,0
NOV-04617,66,118.88,0,1,21,annuel,carte,8.3,0.05,3,0
NOV-04618,59,75.63,2,0,11,annuel,prelevement,8.6,0.0,2,0
NOV-04619,24,93.24,1,2,19,mensuel,carte,6.8,0.0,3,0
NOV-04620,23,64.75,1,0,30,mensuel,prelevement,8.8,0.1,3,0
NOV-04621,35,116.27,2,1,20,annuel,prelevement,7.6,0.0,1,0
NOV-04622,42,79.45,1,0,27,mensuel,prelevement,7.9,0.0,4,0
NOV-04623,67,148.12,2,2,21,mensuel,prelevement,6.0,0.0,3,1
NOV-04624,18,71.19,1,0,22,bisannuel,virement,10.0,0.0,4,0
NOV-04625,50,104.09,6,1,14,annuel,prelevement,6.8,0.2,1,0
NOV-04626,38,38.73,1,0,12,mensuel,carte,7.8,0.0,2,0
NOV-04627,10,65.99,1,0,11,mensuel,carte,7.0,0.0,4,0
NOV-04628,44,114.03,3,2,13,annuel,carte,6.0,0.0,3,0
NOV-04629,9,108.74,1,0,16,bisannuel,prelevement,6.3,0.0,4,0
NOV-04630,2,125.38,2,0,30,bisannuel,carte,8.3,0.0,4,0
NOV-04631,65,53.61,0,0,15,mensuel,prelevement,,0.1,2,0
NOV-04632,46,21.49,3,0,19,bisannuel,prelevement,4.7,0.0,1,0
NOV-04633,26,132.22,2,0,17,annuel,carte,10.0,0.0,2,0
NOV-04634,68,49.98,2,0,16,bisannuel,prelevement,7.5,0.1,2,0
NOV-04635,58,120.18,0,0,16,annuel,virement,8.2,0.0,3,0
NOV-04636,48,28.29,3,1,9,annuel,prelevement,6.6,0.1,1,0
NOV-04637,48,122.57,2,1,11,mensuel,carte,10.0,0.1,2,1
NOV-04638,67,22.01,2,0,26,mensuel,prelevement,8.5,0.05,3,0
NOV-04639,32,112.26,0,0,15,mensuel,prelevement,9.0,0.0,2,0
NOV-04640,28,114.8,3,0,21,annuel,prelevement,6.1,0.1,3,1
NOV-04641,14,80.59,1,0,26,mensuel,prelevement,9.5,0.05,4,0
NOV-04642,44,123.48,4,1,15,mensuel,prelevement,7.5,0.0,3,1
NOV-04643,22,108.32,2,0,20,annuel,prelevement,5.9,0.1,1,0
NOV-04644,15,34.52,4,0,17,mensuel,prelevement,6.1,0.0,2,1
NOV-04645,42,134.67,1,0,19,annuel,carte,6.7,0.2,1,0
NOV-04646,42,113.58,2,0,19,mensuel,prelevement,10.0,0.05,1,0
NOV-04647,50,77.89,4,1,26,annuel,prelevement,2.8,0.0,2,0
NOV-04648,42,116.42,2,0,15,mensuel,carte,5.5,0.0,2,0
NOV-04649,24,118.92,0,1,15,annuel,carte,8.0,0.05,4,1
NOV-04650,18,115.32,0,0,17,annuel,prelevement,7.3,0.1,4,0
NOV-04651,22,46.01,1,0,17,mensuel,carte,6.5,0.05,1,1
NOV-04652,7,119.9,1,1,14,mensuel,prelevement,9.3,0.0,3,0
NOV-04653,49,84.54,3,0,21,mensuel,virement,7.6,0.0,4,0
NOV-04654,45,19.69,0,0,16,bisannuel,prelevement,9.2,0.0,1,0
NOV-04655,67,57.82,0,1,19,annuel,prelevement,9.9,0.0,1,0
NOV-04656,30,109.23,2,0,21,mensuel,virement,5.9,0.2,1,1
NOV-04657,25,67.87,1,2,18,mensuel,prelevement,6.9,0.05,4,0
NOV-04658,36,99.39,2,1,10,annuel,carte,5.0,0.1,4,0
NOV-04659,53,84.77,1,1,28,mensuel,carte,6.8,0.05,4,0
NOV-04660,8,63.06,0,1,20,bisannuel,prelevement,9.4,0.0,1,0
NOV-04661,30,32.74,4,0,19,annuel,carte,10.0,0.1,1,0
NOV-04662,34,46.9,2,1,14,mensuel,carte,6.1,0.0,3,1
NOV-04663,54,74.33,1,1,13,mensuel,carte,9.8,0.0,1,0
NOV-04664,42,24.46,1,0,9,bisannuel,carte,7.5,0.1,2,0
NOV-04665,45,132.1,1,0,16,mensuel,carte,7.9,0.0,3,1
NOV-04666,21,56.53,1,0,17,mensuel,prelevement,5.3,0.0,1,0
NOV-04667,23,113.69,2,1,18,annuel,prelevement,5.1,0.0,1,0
NOV-04668,42,51.75,1,0,16,mensuel,carte,8.5,0.1,4,0
NOV-04669,29,89.48,0,0,16,mensuel,prelevement,10.0,0.1,3,0
NOV-04670,55,110.14,3,0,19,mensuel,carte,8.5,0.05,3,0
NOV-04671,10,79.03,0,0,19,annuel,prelevement,6.5,0.0,4,0
NOV-04672,68,38.6,1,1,20,mensuel,prelevement,7.8,0.05,2,0
NOV-04673,72,51.66,1,1,17,annuel,carte,6.0,0.0,1,0
NOV-04674,26,128.8,2,0,13,annuel,prelevement,7.9,0.0,2,0
NOV-04675,46,129.59,0,1,20,mensuel,virement,4.6,0.0,2,0
NOV-04676,15,86.29,2,1,16,mensuel,carte,7.8,0.0,4,1
NOV-04677,13,68.38,4,1,20,mensuel,carte,10.0,0.05,1,1
NOV-04678,71,37.22,1,0,24,mensuel,prelevement,9.6,0.05,3,0
NOV-04679,55,51.79,4,0,19,mensuel,carte,6.2,0.1,1,0
NOV-04680,27,120.23,0,0,22,annuel,virement,8.8,0.1,2,0
NOV-04681,53,35.73,1,1,22,mensuel,prelevement,9.1,0.1,3,0
NOV-04682,8,48.82,2,0,16,mensuel,carte,5.4,0.0,2,1
NOV-04683,21,108.33,1,0,16,mensuel,prelevement,5.8,0.1,3,1
NOV-04684,65,46.19,1,0,15,mensuel,prelevement,8.8,0.05,4,0
NOV-04685,60,141.77,1,0,23,mensuel,prelevement,8.5,0.0,3,0
NOV-04686,57,,1,0,16,annuel,carte,6.2,0.05,1,0
NOV-04687,20,105.75,1,0,15,mensuel,prelevement,8.1,0.05,4,0
NOV-04688,14,116.12,2,2,13,mensuel,prelevement,7.5,0.1,2,1
NOV-04689,36,135.3,1,0,16,mensuel,carte,6.5,0.0,1,0
NOV-04690,55,120.85,0,1,18,bisannuel,carte,8.9,0.0,3,0
NOV-04691,30,44.57,0,0,25,mensuel,prelevement,10.0,0.2,1,0
NOV-04692,32,80.81,1,1,17,mensuel,carte,7.6,0.0,1,0
NOV-04693,10,24.65,0,0,19,mensuel,prelevement,,0.0,2,0
NOV-04694,3,,4,1,20,mensuel,prelevement,7.9,0.1,2,1
NOV-04695,62,121.66,3,0,23,mensuel,prelevement,7.5,0.05,1,0
NOV-04696,57,41.64,1,1,14,mensuel,prelevement,8.8,0.1,3,0
NOV-04697,35,41.96,2,0,18,annuel,prelevement,3.8,0.0,1,1
NOV-04698,31,,2,1,21,mensuel,prelevement,8.6,0.1,4,0
NOV-04699,25,47.59,4,0,30,mensuel,virement,6.9,0.1,3,0
NOV-04700,4,50.3,3,2,18,mensuel,prelevement,6.4,0.0,2,0
NOV-04701,10,112.64,3,0,22,bisannuel,prelevement,,0.1,1,0
NOV-04702,40,131.56,2,1,16,mensuel,prelevement,4.4,0.05,1,0
NOV-04703,20,108.12,1,1,14,annuel,prelevement,6.6,0.0,2,1
NOV-04704,51,45.72,2,0,14,mensuel,carte,5.7,0.1,3,0
NOV-04705,15,77.47,1,0,18,annuel,prelevement,4.5,0.05,3,0
NOV-04706,15,110.24,1,1,18,annuel,carte,9.3,0.05,3,0
NOV-04707,28,63.24,1,0,24,annuel,prelevement,5.9,0.0,4,0
NOV-04708,12,92.89,2,0,25,annuel,prelevement,3.9,0.05,4,1
NOV-04709,48,67.0,1,0,14,mensuel,virement,9.8,0.05,4,0
NOV-04710,5,148.16,2,0,20,bisannuel,carte,8.8,0.0,4,1
NOV-04711,49,139.42,1,0,21,bisannuel,prelevement,7.2,0.2,3,1
NOV-04712,1,51.34,1,0,16,bisannuel,virement,6.3,0.0,1,0
NOV-04713,12,46.37,0,0,21,bisannuel,carte,9.5,0.0,3,0
NOV-04714,12,62.33,0,1,17,bisannuel,carte,7.5,0.0,2,0
NOV-04715,24,35.61,2,0,16,mensuel,prelevement,6.8,0.0,4,0
NOV-04716,36,69.96,2,0,12,mensuel,carte,7.1,0.0,1,0
NOV-04717,54,55.08,1,1,14,mensuel,carte,9.2,0.0,2,0
NOV-04718,44,59.95,2,0,24,mensuel,carte,5.2,0.1,3,0
NOV-04719,1,123.46,2,0,20,mensuel,virement,9.7,0.1,1,0
NOV-04720,38,49.82,0,1,16,annuel,prelevement,7.6,0.1,1,0
NOV-04721,47,146.3,1,1,17,bisannuel,carte,6.2,0.0,2,0
NOV-04722,3,122.94,1,0,10,mensuel,virement,5.7,0.0,2,0
NOV-04723,69,136.83,1,0,21,mensuel,carte,8.7,0.0,2,0
NOV-04724,67,146.22,2,0,10,mensuel,prelevement,9.8,0.1,1,0
NOV-04725,11,105.92,2,1,14,mensuel,prelevement,9.6,0.1,4,1
NOV-04726,66,115.26,2,1,20,mensuel,carte,6.6,0.05,3,0
NOV-04727,2,97.69,3,1,26,mensuel,prelevement,7.4,0.0,1,1
NOV-04728,35,105.64,2,0,14,bisannuel,prelevement,5.4,0.0,1,0
NOV-04729,50,41.28,0,1,11,mensuel,prelevement,8.2,0.05,3,0
NOV-04730,14,95.67,3,0,12,annuel,prelevement,6.1,0.0,3,1
NOV-04731,67,47.63,2,1,14,annuel,carte,9.1,0.05,2,0
NOV-04732,34,138.68,0,1,19,bisannuel,carte,7.9,0.05,4,0
NOV-04733,60,40.83,1,1,17,annuel,prelevement,6.4,0.05,3,0
NOV-04734,9,51.0,5,0,16,annuel,carte,6.7,0.05,1,0
NOV-04735,51,28.87,2,0,19,annuel,carte,7.4,0.0,4,0
NOV-04736,16,64.2,2,2,13,annuel,prelevement,7.1,0.0,3,1
NOV-04737,45,142.48,2,2,14,annuel,carte,10.0,0.1,2,0
NOV-04738,60,32.95,2,1,13,mensuel,carte,5.9,0.0,3,0
NOV-04739,58,59.02,1,1,24,annuel,prelevement,6.2,0.0,1,0
NOV-04740,70,29.61,1,1,25,mensuel,prelevement,8.4,0.0,4,0
NOV-04741,55,82.24,0,0,15,bisannuel,carte,6.3,0.1,1,0
NOV-04742,43,63.14,0,1,20,annuel,prelevement,9.4,0.0,4,0
NOV-04743,72,64.74,0,1,15,mensuel,carte,8.3,0.05,1,0
NOV-04744,62,19.03,1,1,18,mensuel,carte,6.0,0.0,4,0
NOV-04745,63,107.85,1,0,11,mensuel,carte,7.0,0.1,3,0
NOV-04746,35,133.17,2,0,16,mensuel,virement,7.9,0.05,3,0
NOV-04747,55,128.63,1,0,13,annuel,carte,9.6,0.0,1,0
NOV-04748,13,66.83,1,0,17,annuel,virement,6.9,0.1,4,0
NOV-04749,57,128.07,1,0,15,mensuel,prelevement,5.6,0.2,2,1
NOV-04750,60,36.09,5,0,20,mensuel,prelevement,3.9,0.0,1,0
NOV-04751,46,135.22,2,1,13,mensuel,prelevement,7.5,0.0,1,0
NOV-04752,68,111.15,1,0,23,mensuel,prelevement,9.0,0.0,2,0
NOV-04753,48,33.72,2,1,17,mensuel,carte,3.6,0.1,3,1
NOV-04754,66,21.45,2,1,24,annuel,prelevement,9.2,0.0,1,0
NOV-04755,48,118.91,5,0,13,annuel,virement,6.3,0.0,1,1
NOV-04756,58,92.71,1,2,19,annuel,prelevement,2.6,0.0,1,0
NOV-04757,52,88.01,0,0,11,mensuel,prelevement,6.1,0.0,4,0
NOV-04758,34,120.17,3,1,23,annuel,carte,7.4,0.0,4,0
NOV-04759,65,135.21,1,1,15,annuel,carte,8.1,0.2,1,0
NOV-04760,29,33.12,1,0,18,bisannuel,carte,5.4,0.0,3,0
NOV-04761,39,126.89,4,0,15,mensuel,prelevement,7.9,0.05,3,1
NOV-04762,47,119.28,4,1,16,bisannuel,prelevement,6.4,0.0,1,0
NOV-04763,9,84.44,2,0,20,mensuel,carte,7.4,0.05,1,0
NOV-04764,5,71.07,3,0,18,annuel,carte,8.2,0.0,1,0
NOV-04765,12,33.89,4,1,22,annuel,prelevement,8.3,0.0,2,0
NOV-04766,27,23.86,1,2,20,mensuel,virement,6.7,0.0,3,0
NOV-04767,58,39.03,2,0,23,mensuel,prelevement,4.6,0.05,3,0
NOV-04768,9,54.94,1,0,16,mensuel,prelevement,4.4,0.05,4,1
NOV-04769,35,125.73,2,0,15,annuel,prelevement,4.8,0.0,1,0
NOV-04770,72,123.56,3,0,17,mensuel,carte,5.4,0.05,4,1
NOV-04771,9,131.77,1,2,14,mensuel,carte,9.3,0.0,1,1
NOV-04772,49,142.74,5,1,19,mensuel,virement,7.6,0.0,4,0
NOV-04773,34,,0,1,15,mensuel,prelevement,7.9,0.0,3,0
NOV-04774,50,116.89,1,1,20,mensuel,prelevement,5.0,0.2,2,1
NOV-04775,72,134.31,4,0,15,bisannuel,carte,6.5,0.0,3,1
NOV-04776,12,129.11,2,0,22,mensuel,carte,5.1,0.0,3,1
NOV-04777,46,97.66,0,0,23,mensuel,prelevement,9.9,0.2,4,0
NOV-04778,61,67.33,1,0,15,annuel,carte,8.2,0.0,4,1
NOV-04779,18,23.1,2,1,17,mensuel,carte,6.0,0.1,1,0
NOV-04780,20,146.8,1,1,21,mensuel,prelevement,10.0,0.0,1,0
NOV-04781,53,70.9,1,0,14,annuel,carte,4.9,0.1,4,0
NOV-04782,31,148.47,1,1,26,mensuel,prelevement,7.0,0.0,2,0
NOV-04783,16,75.3,1,0,14,mensuel,carte,7.2,0.0,1,0
NOV-04784,14,113.42,3,1,14,mensuel,prelevement,6.3,0.0,1,1
NOV-04785,5,40.16,0,1,17,bisannuel,prelevement,6.8,0.0,1,0
NOV-04786,16,132.69,4,0,20,mensuel,carte,7.2,0.0,1,0
NOV-04787,68,88.78,2,0,24,mensuel,prelevement,5.5,0.05,4,0
NOV-04788,28,99.81,0,0,16,mensuel,prelevement,7.0,0.0,3,0
NOV-04789,51,127.05,2,0,28,mensuel,virement,9.0,0.2,4,0
NOV-04790,33,80.34,0,0,15,annuel,prelevement,8.0,0.2,3,0
NOV-04791,57,47.08,3,1,20,mensuel,prelevement,7.0,0.05,1,0
NOV-04792,2,96.88,0,0,25,annuel,prelevement,8.0,0.0,3,0
NOV-04793,61,40.09,0,1,17,mensuel,carte,6.8,0.0,4,0
NOV-04794,43,102.88,3,0,9,mensuel,carte,6.9,0.05,4,0
NOV-04795,47,137.69,3,1,19,mensuel,prelevement,5.1,0.2,2,1
NOV-04796,8,51.06,4,0,16,mensuel,prelevement,6.4,0.0,3,0
NOV-04797,12,129.3,0,1,17,mensuel,prelevement,9.1,0.0,4,0
NOV-04798,33,24.15,0,0,21,bisannuel,prelevement,9.3,0.05,2,0
NOV-04799,28,118.17,1,0,20,mensuel,carte,7.8,0.0,2,0
NOV-04800,63,53.59,2,2,18,annuel,carte,6.7,0.0,1,0
NOV-04801,15,62.04,3,0,22,mensuel,prelevement,7.1,0.1,4,0
NOV-04802,11,63.43,1,1,16,mensuel,prelevement,10.0,0.0,3,0
NOV-04803,64,115.02,0,1,18,bisannuel,carte,5.6,0.05,1,0
NOV-04804,31,85.41,1,0,14,mensuel,virement,8.7,0.0,2,0
NOV-04805,38,81.37,1,0,20,mensuel,virement,10.0,0.05,3,0
NOV-04806,61,25.96,1,0,22,bisannuel,carte,7.6,0.0,2,0
NOV-04807,58,135.01,0,0,20,annuel,virement,6.7,0.1,3,0
NOV-04808,4,52.49,3,0,18,mensuel,prelevement,8.7,0.0,4,0
NOV-04809,32,75.44,2,0,19,mensuel,prelevement,9.4,0.05,1,0
NOV-04810,57,49.21,2,1,27,mensuel,carte,7.8,0.0,3,0
NOV-04811,38,66.09,3,0,26,mensuel,carte,8.1,0.05,3,0
NOV-04812,15,19.46,1,1,16,mensuel,carte,9.1,0.05,2,0
NOV-04813,49,58.85,0,0,16,mensuel,carte,8.8,0.0,2,0
NOV-04814,5,116.7,2,0,22,mensuel,prelevement,7.4,0.0,3,0
NOV-04815,21,51.52,2,0,17,mensuel,carte,10.0,0.0,3,0
NOV-04816,31,72.97,0,1,20,annuel,carte,5.6,0.0,2,0
NOV-04817,30,22.31,1,1,18,annuel,prelevement,5.5,0.05,4,0
NOV-04818,58,50.74,2,0,17,bisannuel,carte,9.7,0.05,3,0
NOV-04819,20,125.7,2,0,20,annuel,carte,8.8,0.1,3,1
NOV-04820,53,75.71,1,1,27,mensuel,virement,4.3,0.1,2,0
NOV-04821,3,48.29,3,0,20,bisannuel,carte,10.0,0.05,3,0
NOV-04822,56,45.53,1,0,21,bisannuel,carte,5.5,0.0,3,0
NOV-04823,39,53.15,1,0,14,mensuel,carte,8.2,0.0,4,0
NOV-04824,31,133.36,2,0,13,mensuel,virement,4.7,0.0,1,1
NOV-04825,43,108.52,1,1,17,mensuel,carte,7.4,0.0,3,0
NOV-04826,25,81.3,1,0,31,annuel,prelevement,7.7,0.0,2,0
NOV-04827,7,101.74,1,0,16,mensuel,carte,8.1,0.0,3,0
NOV-04828,29,70.78,1,0,16,annuel,prelevement,6.7,0.0,4,0
NOV-04829,63,86.87,1,0,22,bisannuel,virement,9.3,0.05,1,0
NOV-04830,59,37.49,2,0,23,mensuel,prelevement,7.9,0.0,3,0
NOV-04831,69,79.65,1,1,18,annuel,prelevement,5.7,0.0,3,0
NOV-04832,55,40.76,2,1,16,mensuel,prelevement,2.5,0.0,4,1
NOV-04833,34,35.61,0,1,19,mensuel,virement,,0.0,4,0
NOV-04834,64,26.53,1,2,18,bisannuel,carte,6.7,0.0,4,0
NOV-04835,42,48.2,3,1,25,annuel,carte,7.4,0.1,1,0
NOV-04836,67,114.78,3,2,10,mensuel,carte,7.2,0.0,4,1
NOV-04837,61,144.56,1,0,19,annuel,prelevement,5.3,0.1,1,1
NOV-04838,22,115.28,3,0,21,mensuel,carte,7.0,0.05,1,0
NOV-04839,1,63.66,1,1,8,bisannuel,prelevement,7.7,0.0,2,0
NOV-04840,69,101.4,1,1,26,mensuel,virement,6.8,0.0,2,0
NOV-04841,50,104.6,0,0,27,mensuel,carte,7.8,0.0,3,0
NOV-04842,56,129.26,3,1,16,bisannuel,carte,,0.0,3,0
NOV-04843,21,68.3,0,0,21,mensuel,prelevement,8.0,0.2,1,0
NOV-04844,35,113.57,2,0,23,annuel,prelevement,7.9,0.05,3,0
NOV-04845,28,20.02,0,0,21,annuel,carte,3.2,0.0,3,0
NOV-04846,49,23.95,0,0,26,mensuel,prelevement,8.3,0.0,2,0
NOV-04847,69,105.87,0,1,22,annuel,carte,4.3,0.0,1,0
NOV-04848,66,109.48,4,1,17,annuel,virement,7.1,0.1,3,0
NOV-04849,6,134.0,4,0,20,annuel,carte,7.2,0.05,2,1
NOV-04850,3,104.47,2,1,21,mensuel,carte,3.9,0.0,2,1
NOV-04851,41,64.65,2,0,16,mensuel,carte,8.7,0.1,3,0
NOV-04852,56,140.5,0,2,25,mensuel,carte,4.6,0.0,3,0
NOV-04853,68,62.66,2,0,19,mensuel,carte,7.1,0.0,4,0
NOV-04854,43,145.05,5,0,25,mensuel,prelevement,6.6,0.2,4,0
NOV-04855,3,121.58,2,0,29,mensuel,prelevement,8.8,0.0,4,0
NOV-04856,64,134.46,5,0,19,mensuel,carte,9.2,0.05,4,1
NOV-04857,64,82.96,0,2,14,mensuel,carte,6.8,0.05,3,1
NOV-04858,60,132.45,0,0,14,mensuel,prelevement,8.2,0.0,3,1
NOV-04859,28,94.61,1,0,19,bisannuel,carte,8.9,0.0,4,0
NOV-04860,7,115.96,0,1,22,bisannuel,carte,5.5,0.0,4,0
NOV-04861,45,47.99,2,1,17,mensuel,carte,8.9,0.0,4,0
NOV-04862,2,29.58,2,0,11,mensuel,carte,9.2,0.0,1,0
NOV-04863,70,132.24,1,1,17,mensuel,prelevement,8.7,0.0,2,0
NOV-04864,22,37.1,1,0,17,mensuel,carte,6.4,0.0,4,0
NOV-04865,62,134.47,0,0,23,mensuel,prelevement,7.0,0.0,4,0
NOV-04866,4,87.02,1,1,17,annuel,prelevement,6.5,0.1,2,0
NOV-04867,42,96.3,1,0,21,annuel,carte,5.0,0.05,4,0
NOV-04868,28,143.98,3,0,23,mensuel,prelevement,6.5,0.0,4,0
NOV-04869,3,101.12,4,2,13,mensuel,prelevement,7.0,0.0,1,0
NOV-04870,34,40.37,1,1,13,mensuel,prelevement,10.0,0.0,1,0
NOV-04871,49,122.13,0,3,20,mensuel,prelevement,4.7,0.05,4,1
NOV-04872,43,58.62,2,1,15,annuel,carte,6.4,0.1,1,0
NOV-04873,43,58.3,1,0,21,bisannuel,carte,8.8,0.05,1,0
NOV-04874,44,91.3,5,0,12,annuel,carte,7.1,0.0,4,1
NOV-04875,16,,1,0,12,mensuel,prelevement,6.4,0.0,4,1
NOV-04876,47,139.3,4,0,16,mensuel,prelevement,5.8,0.0,1,0
NOV-04877,53,43.3,0,0,20,annuel,carte,10.0,0.1,1,0
NOV-04878,17,84.54,2,0,20,mensuel,prelevement,5.3,0.05,1,1
NOV-04879,35,120.72,1,1,12,mensuel,prelevement,7.9,0.0,4,0
NOV-04880,64,45.05,1,1,15,bisannuel,prelevement,8.1,0.0,4,0
NOV-04881,66,133.02,0,1,15,mensuel,prelevement,8.7,0.0,3,0
NOV-04882,65,54.91,1,0,17,annuel,carte,5.4,0.05,2,0
NOV-04883,6,121.33,1,1,17,annuel,prelevement,6.6,0.0,3,0
NOV-04884,67,41.41,1,0,23,bisannuel,carte,5.8,0.0,4,0
NOV-04885,14,108.53,2,0,17,annuel,prelevement,3.3,0.0,3,1
NOV-04886,43,98.34,0,0,24,annuel,prelevement,10.0,0.0,1,0
NOV-04887,4,144.87,0,1,21,mensuel,prelevement,6.8,0.0,2,0
NOV-04888,26,112.12,0,2,17,mensuel,carte,6.3,0.0,3,0
NOV-04889,46,71.28,1,0,19,annuel,carte,7.4,0.0,4,0
NOV-04890,61,128.7,1,2,11,mensuel,prelevement,8.4,0.1,3,0
NOV-04891,9,140.51,2,0,16,mensuel,carte,5.6,0.0,4,1
NOV-04892,18,108.03,3,1,19,annuel,prelevement,7.2,0.0,3,1
NOV-04893,43,42.31,1,0,23,mensuel,carte,6.2,0.05,1,0
NOV-04894,13,44.16,1,0,24,mensuel,carte,8.0,0.0,2,0
NOV-04895,19,88.8,1,0,13,bisannuel,carte,8.3,0.1,2,0
NOV-04896,7,103.67,3,0,18,mensuel,carte,8.3,0.0,2,1
NOV-04897,45,117.28,0,0,16,mensuel,carte,7.3,0.0,4,0
NOV-04898,49,100.33,1,0,20,annuel,prelevement,9.7,0.05,4,0
NOV-04899,8,35.02,1,2,21,mensuel,prelevement,6.8,0.0,1,0
NOV-04900,36,48.92,2,2,22,mensuel,virement,9.3,0.0,4,1
NOV-04901,2,43.37,1,1,19,mensuel,prelevement,6.9,0.1,4,0
NOV-04902,22,61.06,2,2,18,bisannuel,carte,8.8,0.1,4,0
NOV-04903,61,79.22,3,1,15,mensuel,prelevement,3.6,0.1,4,0
NOV-04904,43,27.37,1,1,30,annuel,prelevement,7.8,0.2,1,0
NOV-04905,11,140.6,3,0,18,bisannuel,prelevement,7.7,0.1,3,0
NOV-04906,27,73.31,1,1,13,bisannuel,prelevement,8.7,0.1,4,0
NOV-04907,38,82.92,0,0,23,mensuel,carte,7.0,0.0,4,0
NOV-04908,32,134.22,3,0,13,annuel,prelevement,7.9,0.1,4,0
NOV-04909,60,124.59,0,0,20,annuel,carte,8.0,0.0,3,0
NOV-04910,28,,0,2,14,mensuel,prelevement,9.0,0.05,3,0
NOV-04911,71,72.07,3,1,20,mensuel,carte,7.4,0.0,3,0
NOV-04912,1,88.37,0,0,24,mensuel,prelevement,8.5,0.1,4,0
NOV-04913,59,119.45,3,3,20,mensuel,prelevement,10.0,0.1,1,1
NOV-04914,68,29.34,2,2,17,mensuel,carte,4.2,0.1,2,0
NOV-04915,38,,1,2,13,mensuel,prelevement,6.4,0.1,1,0
NOV-04916,71,104.31,4,0,13,annuel,carte,9.0,0.1,4,0
NOV-04917,46,140.92,2,1,18,mensuel,prelevement,7.5,0.0,3,0
NOV-04918,47,134.3,1,0,14,annuel,virement,6.0,0.0,4,0
NOV-04919,44,118.65,2,0,16,mensuel,prelevement,7.5,0.1,4,1
NOV-04920,59,59.14,1,0,15,annuel,prelevement,10.0,0.0,1,0
NOV-04921,69,57.56,1,0,19,mensuel,prelevement,4.5,0.0,4,1
NOV-04922,33,26.11,1,0,11,annuel,virement,3.8,0.0,3,0
NOV-04923,51,89.71,3,1,15,mensuel,prelevement,7.3,0.1,4,0
NOV-04924,67,143.15,1,2,21,bisannuel,prelevement,9.7,0.0,4,0
NOV-04925,37,121.0,1,0,21,mensuel,carte,7.5,0.0,3,0
NOV-04926,27,138.83,2,0,21,annuel,carte,8.4,0.0,4,0
NOV-04927,50,87.76,2,1,25,bisannuel,prelevement,6.7,0.1,1,0
NOV-04928,27,51.97,2,1,18,annuel,prelevement,7.4,0.0,3,1
NOV-04929,7,36.42,1,0,15,annuel,carte,9.1,0.0,2,1
NOV-04930,52,70.21,1,1,14,annuel,virement,6.3,0.1,4,0
NOV-04931,6,44.96,1,0,12,bisannuel,carte,8.4,0.1,2,0
NOV-04932,60,134.78,1,1,21,mensuel,prelevement,9.9,0.0,4,0
NOV-04933,9,54.64,3,2,19,mensuel,prelevement,3.5,0.1,1,0
NOV-04934,22,67.78,1,2,12,mensuel,carte,7.2,0.1,3,0
NOV-04935,61,115.67,1,0,20,bisannuel,prelevement,5.9,0.0,2,0
NOV-04936,68,102.59,4,0,18,bisannuel,prelevement,7.3,0.0,3,0
NOV-04937,22,122.59,4,0,16,bisannuel,prelevement,4.4,0.1,1,1
NOV-04938,16,109.8,0,0,12,mensuel,prelevement,9.8,0.1,3,0
NOV-04939,17,115.81,1,0,26,mensuel,prelevement,9.9,0.05,1,0
NOV-04940,68,97.36,0,1,21,bisannuel,carte,8.1,0.0,4,0
NOV-04941,18,109.35,1,1,20,bisannuel,virement,6.6,0.0,3,0
NOV-04942,53,77.77,6,1,16,mensuel,prelevement,5.6,0.1,2,1
NOV-04943,66,36.62,1,0,13,mensuel,prelevement,7.2,0.1,2,0
NOV-04944,26,61.1,4,0,21,mensuel,prelevement,8.5,0.0,4,1
NOV-04945,3,57.67,4,0,16,mensuel,prelevement,8.0,0.0,2,1
NOV-04946,22,127.15,1,0,12,mensuel,prelevement,8.3,0.05,2,0
NOV-04947,16,109.79,1,0,9,annuel,prelevement,4.5,0.2,2,0
NOV-04948,72,88.64,2,0,15,mensuel,prelevement,8.0,0.0,1,0
NOV-04949,38,148.6,0,0,13,mensuel,prelevement,8.7,0.05,2,0
NOV-04950,9,115.94,0,0,14,mensuel,prelevement,8.8,0.05,4,0
NOV-04951,50,140.52,0,2,19,annuel,carte,5.0,0.1,4,0
NOV-04952,15,75.39,3,0,20,bisannuel,prelevement,8.2,0.05,2,0
NOV-04953,56,27.82,1,1,10,mensuel,prelevement,3.5,0.1,1,0
NOV-04954,24,99.24,2,0,20,mensuel,carte,8.1,0.1,2,0
NOV-04955,45,86.29,2,0,16,annuel,prelevement,6.1,0.05,2,0
NOV-04956,71,105.56,0,2,19,mensuel,prelevement,6.2,0.0,4,0
NOV-04957,30,34.14,1,0,14,annuel,prelevement,10.0,0.05,2,0
NOV-04958,8,134.62,1,1,23,mensuel,prelevement,6.6,0.0,3,1
NOV-04959,36,56.88,0,0,20,bisannuel,carte,3.8,0.05,3,0
NOV-04960,50,131.64,3,2,17,mensuel,carte,7.7,0.0,3,0
NOV-04961,27,97.62,1,0,23,mensuel,prelevement,8.2,0.0,1,1
NOV-04962,59,113.78,2,0,19,mensuel,prelevement,7.9,0.0,4,1
NOV-04963,43,136.39,1,1,28,bisannuel,prelevement,5.9,0.0,1,0
NOV-04964,33,68.46,2,0,22,annuel,carte,7.1,0.0,2,0
NOV-04965,46,108.22,2,1,25,mensuel,virement,9.5,0.0,4,0
NOV-04966,66,42.94,3,0,15,mensuel,carte,7.7,0.1,4,0
NOV-04967,33,123.05,3,2,16,mensuel,prelevement,8.4,0.2,3,1
NOV-04968,71,23.08,2,1,24,mensuel,carte,8.1,0.0,3,0
NOV-04969,47,114.28,3,0,17,annuel,carte,7.8,0.1,3,0
NOV-04970,47,81.76,0,0,18,annuel,prelevement,10.0,0.1,3,0
NOV-04971,59,124.18,0,0,21,mensuel,virement,3.5,0.1,4,0
NOV-04972,55,100.06,0,0,16,mensuel,prelevement,6.1,0.1,1,0
NOV-04973,30,94.36,0,0,24,bisannuel,virement,6.9,0.0,3,0
NOV-04974,31,78.6,0,0,22,annuel,carte,8.6,0.05,4,0
NOV-04975,40,79.21,1,2,15,annuel,prelevement,8.1,0.1,1,0
NOV-04976,52,49.59,3,0,16,mensuel,prelevement,6.4,0.0,3,1
NOV-04977,24,95.84,0,1,17,bisannuel,prelevement,3.9,0.0,3,0
NOV-04978,40,87.11,3,1,13,bisannuel,carte,7.5,0.0,4,1
NOV-04979,63,38.99,2,0,21,bisannuel,prelevement,5.3,0.05,1,0
NOV-04980,21,146.71,1,0,16,mensuel,prelevement,5.9,0.2,2,0
NOV-04981,66,,1,0,14,bisannuel,carte,6.7,0.05,2,0
NOV-04982,41,126.02,1,1,21,mensuel,carte,9.2,0.0,4,0
NOV-04983,32,111.41,1,1,17,mensuel,prelevement,6.6,0.0,4,1
NOV-04984,13,101.02,1,0,26,annuel,prelevement,6.3,0.0,3,0
NOV-04985,38,147.79,0,2,23,annuel,prelevement,5.0,0.05,2,1
NOV-04986,1,22.45,0,0,27,annuel,prelevement,5.7,0.0,2,0
NOV-04987,52,38.27,0,2,11,mensuel,prelevement,9.0,0.0,2,0
NOV-04988,41,77.12,0,0,23,mensuel,prelevement,5.5,0.0,3,0
NOV-04989,61,61.28,4,1,23,mensuel,carte,8.5,0.0,2,0
NOV-04990,5,76.63,2,2,17,mensuel,prelevement,8.9,0.1,2,1
NOV-04991,38,79.95,4,2,15,annuel,prelevement,6.3,0.1,3,1
NOV-04992,3,35.09,2,2,18,annuel,prelevement,5.8,0.1,4,0
NOV-04993,37,110.34,1,0,18,annuel,prelevement,9.4,0.05,1,0
NOV-04994,67,99.87,1,2,16,annuel,carte,8.2,0.1,4,0
NOV-04995,17,41.77,2,1,18,annuel,prelevement,7.7,0.0,4,0
NOV-04996,21,73.94,1,0,21,annuel,prelevement,5.7,0.2,2,0
NOV-04997,61,127.69,2,0,25,mensuel,prelevement,8.0,0.05,2,0
NOV-04998,68,68.8,0,1,24,bisannuel,prelevement,7.0,0.0,2,0
NOV-04999,65,144.85,2,1,21,annuel,carte,6.9,0.05,4,0
