customer_id,contract_type,monthly_spend,churn,score_depart,alerte,seuil,version_modele,date_score,cohorte,revenu_expose_estime
NOV-04641,mensuel,80.59,0,0.038541007306999636,0,0.38358025602831813,novalia-demo-1,2026-02-01,test_independant_synthetique,3.11
NOV-02935,mensuel,127.51,0,0.5968208740421538,1,0.38358025602831813,novalia-demo-1,2026-02-01,test_independant_synthetique,76.1
NOV-01124,annuel,51.11,0,0.06602972766654487,0,0.38358025602831813,novalia-demo-1,2026-02-01,test_independant_synthetique,3.37
NOV-04845,annuel,20.02,0,0.09394042970564653,0,0.38358025602831813,novalia-demo-1,2026-02-01,test_independant_synthetique,1.88
NOV-04942,mensuel,77.77,1,0.7412613027427623,1,0.38358025602831813,novalia-demo-1,2026-02-01,test_independant_synthetique,57.65
NOV-00708,mensuel,80.15,1,0.22067120818557442,0,0.38358025602831813,novalia-demo-1,2026-02-01,test_independant_synthetique,17.69
NOV-02252,mensuel,106.24,0,0.0838224006209359,0,0.38358025602831813,novalia-demo-1,2026-02-01,test_independant_synthetique,8.91
NOV-04106,bisannuel,53.93,0,0.07354083084585028,0,0.38358025602831813,novalia-demo-1,2026-02-01,test_independant_synthetique,3.97
NOV-04336,annuel,29.73,1,0.07930725996680194,0,0.38358025602831813,novalia-demo-1,2026-02-01,test_independant_synthetique,2.36
NOV-01602,mensuel,106.22,0,0.0862480414445666,0,0.38358025602831813,novalia-demo-1,2026-02-01,test_independant_synthetique,9.16
NOV-00895,mensuel,104.37,0,0.21084627246982857,0,0.38358025602831813,novalia-demo-1,2026-02-01,test_independant_synthetique,22.01
NOV-00578,mensuel,108.15,0,0.1856985735540046,0,0.38358025602831813,novalia-demo-1,2026-02-01,test_independant_synthetique,20.08
NOV-03183,mensuel,27.21,1,0.22940966708445926,0,0.38358025602831813,novalia-demo-1,2026-02-01,test_independant_synthetique,6.24
NOV-00465,mensuel,126.95,0,0.17292351313915005,0,0.38358025602831813,novalia-demo-1,2026-02-01,test_independant_synthetique,21.95
NOV-01786,annuel,49.58,0,0.056458667517160104,0,0.38358025602831813,novalia-demo-1,2026-02-01,test_independant_synthetique,2.8
NOV-04783,mensuel,75.3,0,0.16013541959922276,0,0.38358025602831813,novalia-demo-1,2026-02-01,test_independant_synthetique,12.06
NOV-03461,annuel,69.85,0,0.019803773974868075,0,0.38358025602831813,novalia-demo-1,2026-02-01,test_independant_synthetique,1.38
NOV-02260,mensuel,101.51,0,0.09324468051899888,0,0.38358025602831813,novalia-demo-1,2026-02-01,test_independant_synthetique,9.47
NOV-03968,mensuel,88.5,0,0.06936781932818319,0,0.38358025602831813,novalia-demo-1,2026-02-01,test_independant_synthetique,6.14
NOV-00899,mensuel,135.49,0,0.5231296076372975,1,0.38358025602831813,novalia-demo-1,2026-02-01,test_independant_synthetique,70.88
NOV-01108,bisannuel,58.73,0,0.06332231500910973,0,0.38358025602831813,novalia-demo-1,2026-02-01,test_independant_synthetique,3.72
NOV-02736,mensuel,38.98,0,0.06380361950167603,0,0.38358025602831813,novalia-demo-1,2026-02-01,test_independant_synthetique,2.49
NOV-04506,mensuel,123.18,0,0.3611275759855109,0,0.38358025602831813,novalia-demo-1,2026-02-01,test_independant_synthetique,44.48
NOV-00450,annuel,69.49,0,0.08385818254189578,0,0.38358025602831813,novalia-demo-1,2026-02-01,test_independant_synthetique,5.83
NOV-01126,mensuel,38.45,0,0.169862701984774,0,0.38358025602831813,novalia-demo-1,2026-02-01,test_independant_synthetique,6.53
NOV-02015,mensuel,71.29,1,0.40539350710089744,1,0.38358025602831813,novalia-demo-1,2026-02-01,test_independant_synthetique,28.9
NOV-02670,bisannuel,146.51,0,0.1311122913717441,0,0.38358025602831813,novalia-demo-1,2026-02-01,test_independant_synthetique,19.21
NOV-03048,annuel,33.95,0,0.059620296367266234,0,0.38358025602831813,novalia-demo-1,2026-02-01,test_independant_synthetique,2.02
NOV-00609,mensuel,49.07,0,0.05870047224175287,0,0.38358025602831813,novalia-demo-1,2026-02-01,test_independant_synthetique,2.88
NOV-02288,mensuel,38.3,0,0.2553013860443085,0,0.38358025602831813,novalia-demo-1,2026-02-01,test_independant_synthetique,9.78
NOV-03150,annuel,27.29,0,0.02270649416033121,0,0.38358025602831813,novalia-demo-1,2026-02-01,test_independant_synthetique,0.62
NOV-00082,annuel,36.01,0,0.015374945826492086,0,0.38358025602831813,novalia-demo-1,2026-02-01,test_independant_synthetique,0.55
NOV-00975,annuel,27.86,0,0.02245820258388142,0,0.38358025602831813,novalia-demo-1,2026-02-01,test_independant_synthetique,0.63
NOV-00834,mensuel,87.81,0,0.10795624839448094,0,0.38358025602831813,novalia-demo-1,2026-02-01,test_independant_synthetique,9.48
NOV-00518,mensuel,116.77,1,0.361620928029193,0,0.38358025602831813,novalia-demo-1,2026-02-01,test_independant_synthetique,42.23
NOV-01199,mensuel,84.44,0,0.0631864104126021,0,0.38358025602831813,novalia-demo-1,2026-02-01,test_independant_synthetique,5.34
NOV-00532,bisannuel,147.06,0,0.1986265736880814,0,0.38358025602831813,novalia-demo-1,2026-02-01,test_independant_synthetique,29.21
NOV-00862,bisannuel,144.81,0,0.22729192095739428,0,0.38358025602831813,novalia-demo-1,2026-02-01,test_independant_synthetique,32.91
NOV-00401,bisannuel,48.65,0,0.03381784231000273,0,0.38358025602831813,novalia-demo-1,2026-02-01,test_independant_synthetique,1.65
NOV-03649,mensuel,101.63,1,0.5142974575106142,1,0.38358025602831813,novalia-demo-1,2026-02-01,test_independant_synthetique,52.27
NOV-03971,mensuel,119.44,0,0.15439784174800725,0,0.38358025602831813,novalia-demo-1,2026-02-01,test_independant_synthetique,18.44
NOV-04239,mensuel,86.73,0,0.06717326080118217,0,0.38358025602831813,novalia-demo-1,2026-02-01,test_independant_synthetique,5.83
NOV-03208,bisannuel,122.51,0,0.020282283090227005,0,0.38358025602831813,novalia-demo-1,2026-02-01,test_independant_synthetique,2.48
NOV-03902,bisannuel,84.51,0,0.1265351867884317,0,0.38358025602831813,novalia-demo-1,2026-02-01,test_independant_synthetique,10.69
NOV-02437,annuel,122.17,0,0.6088923271457825,1,0.38358025602831813,novalia-demo-1,2026-02-01,test_independant_synthetique,74.39
NOV-01963,mensuel,54.39,1,0.211972087916902,0,0.38358025602831813,novalia-demo-1,2026-02-01,test_independant_synthetique,11.53
NOV-03335,mensuel,62.71,0,0.038186979775817406,0,0.38358025602831813,novalia-demo-1,2026-02-01,test_independant_synthetique,2.39
NOV-00407,annuel,119.36,1,0.17538962436924982,0,0.38358025602831813,novalia-demo-1,2026-02-01,test_independant_synthetique,20.93
NOV-04976,mensuel,49.59,1,0.19859111156266734,0,0.38358025602831813,novalia-demo-1,2026-02-01,test_independant_synthetique,9.85
NOV-02871,mensuel,110.32,0,0.4798908326660398,1,0.38358025602831813,novalia-demo-1,2026-02-01,test_independant_synthetique,52.94
NOV-04424,annuel,116.73,0,0.11510835911668628,0,0.38358025602831813,novalia-demo-1,2026-02-01,test_independant_synthetique,13.44
NOV-02519,mensuel,39.42,0,0.025626670942937007,0,0.38358025602831813,novalia-demo-1,2026-02-01,test_independant_synthetique,1.01
NOV-04444,mensuel,85.32,0,0.08673301552240217,0,0.38358025602831813,novalia-demo-1,2026-02-01,test_independant_synthetique,7.4
NOV-00829,mensuel,133.36,1,0.32309978668466177,0,0.38358025602831813,novalia-demo-1,2026-02-01,test_independant_synthetique,43.09
NOV-02268,mensuel,120.8,0,0.09952223543908043,0,0.38358025602831813,novalia-demo-1,2026-02-01,test_independant_synthetique,12.02
NOV-01599,mensuel,40.0,0,0.06032400179489799,0,0.38358025602831813,novalia-demo-1,2026-02-01,test_independant_synthetique,2.41
NOV-04232,annuel,35.33,0,0.07322657744998856,0,0.38358025602831813,novalia-demo-1,2026-02-01,test_independant_synthetique,2.59
NOV-03785,annuel,120.24,1,0.6357037808826494,1,0.38358025602831813,novalia-demo-1,2026-02-01,test_independant_synthetique,76.44
NOV-03993,mensuel,57.75,0,0.15882521921561232,0,0.38358025602831813,novalia-demo-1,2026-02-01,test_independant_synthetique,9.17
NOV-01853,mensuel,118.77,0,0.46199617798485487,1,0.38358025602831813,novalia-demo-1,2026-02-01,test_independant_synthetique,54.87
NOV-00087,mensuel,86.37,0,0.25081085597945574,0,0.38358025602831813,novalia-demo-1,2026-02-01,test_independant_synthetique,21.66
NOV-03380,bisannuel,44.1,0,0.025147364105960034,0,0.38358025602831813,novalia-demo-1,2026-02-01,test_independant_synthetique,1.11
NOV-04591,annuel,46.75,0,0.10220675064054349,0,0.38358025602831813,novalia-demo-1,2026-02-01,test_independant_synthetique,4.78
NOV-00188,bisannuel,49.74,0,0.12162417355137574,0,0.38358025602831813,novalia-demo-1,2026-02-01,test_independant_synthetique,6.05
NOV-03498,annuel,109.09,0,0.2339481392910078,0,0.38358025602831813,novalia-demo-1,2026-02-01,test_independant_synthetique,25.52
NOV-02902,mensuel,27.71,0,0.2515942529366561,0,0.38358025602831813,novalia-demo-1,2026-02-01,test_independant_synthetique,6.97
NOV-02581,mensuel,91.97,0,0.3036418445820916,0,0.38358025602831813,novalia-demo-1,2026-02-01,test_independant_synthetique,27.93
NOV-01028,mensuel,42.55,0,0.04412890780514567,0,0.38358025602831813,novalia-demo-1,2026-02-01,test_independant_synthetique,1.88
NOV-01005,mensuel,30.33,0,0.010803325590821436,0,0.38358025602831813,novalia-demo-1,2026-02-01,test_independant_synthetique,0.33
NOV-00763,mensuel,87.52,1,0.6389066276261974,1,0.38358025602831813,novalia-demo-1,2026-02-01,test_independant_synthetique,55.92
NOV-01503,mensuel,126.22,1,0.20018649989682494,0,0.38358025602831813,novalia-demo-1,2026-02-01,test_independant_synthetique,25.27
NOV-01951,mensuel,96.48,0,0.12587600899859042,0,0.38358025602831813,novalia-demo-1,2026-02-01,test_independant_synthetique,12.14
NOV-02901,mensuel,25.44,1,0.05741845672989495,0,0.38358025602831813,novalia-demo-1,2026-02-01,test_independant_synthetique,1.46
NOV-01370,bisannuel,139.63,0,0.11180733068583654,0,0.38358025602831813,novalia-demo-1,2026-02-01,test_independant_synthetique,15.61
NOV-01949,mensuel,45.36,1,0.09745955056820121,0,0.38358025602831813,novalia-demo-1,2026-02-01,test_independant_synthetique,4.42
NOV-03304,mensuel,102.31,1,0.3445503139389486,0,0.38358025602831813,novalia-demo-1,2026-02-01,test_independant_synthetique,35.25
NOV-02102,bisannuel,54.17,0,0.012023869772887347,0,0.38358025602831813,novalia-demo-1,2026-02-01,test_independant_synthetique,0.65
NOV-03672,mensuel,52.78,1,0.08589048865152882,0,0.38358025602831813,novalia-demo-1,2026-02-01,test_independant_synthetique,4.53
NOV-04361,annuel,144.34,0,0.14628641475174783,0,0.38358025602831813,novalia-demo-1,2026-02-01,test_independant_synthetique,21.11
NOV-00374,annuel,130.7,0,0.20534937868405068,0,0.38358025602831813,novalia-demo-1,2026-02-01,test_independant_synthetique,26.84
NOV-04717,mensuel,55.08,0,0.04967095484667131,0,0.38358025602831813,novalia-demo-1,2026-02-01,test_independant_synthetique,2.74
NOV-04314,bisannuel,101.0,0,0.022516556962360698,0,0.38358025602831813,novalia-demo-1,2026-02-01,test_independant_synthetique,2.27
NOV-02244,mensuel,51.97,0,0.3259519420928649,0,0.38358025602831813,novalia-demo-1,2026-02-01,test_independant_synthetique,16.94
NOV-02888,annuel,72.12,0,0.06789417483074187,0,0.38358025602831813,novalia-demo-1,2026-02-01,test_independant_synthetique,4.9
NOV-00766,mensuel,49.23,0,0.10188539861574286,0,0.38358025602831813,novalia-demo-1,2026-02-01,test_independant_synthetique,5.02
NOV-04171,mensuel,113.4,1,0.3302222330872606,0,0.38358025602831813,novalia-demo-1,2026-02-01,test_independant_synthetique,37.45
NOV-03273,mensuel,145.09,0,0.4046261104847034,1,0.38358025602831813,novalia-demo-1,2026-02-01,test_independant_synthetique,58.71
NOV-00754,annuel,50.37,0,0.08884339415367246,0,0.38358025602831813,novalia-demo-1,2026-02-01,test_independant_synthetique,4.48
NOV-00020,annuel,23.3,0,0.14693479661294237,0,0.38358025602831813,novalia-demo-1,2026-02-01,test_independant_synthetique,3.42
NOV-02971,mensuel,78.54,0,0.1562204788256229,0,0.38358025602831813,novalia-demo-1,2026-02-01,test_independant_synthetique,12.27
NOV-04692,mensuel,80.81,0,0.14453921590521046,0,0.38358025602831813,novalia-demo-1,2026-02-01,test_independant_synthetique,11.68
NOV-00835,mensuel,53.11,0,0.055979083962416805,0,0.38358025602831813,novalia-demo-1,2026-02-01,test_independant_synthetique,2.97
NOV-01464,bisannuel,20.01,0,0.03544002133133885,0,0.38358025602831813,novalia-demo-1,2026-02-01,test_independant_synthetique,0.71
NOV-02814,mensuel,31.3,0,0.044131895852364995,0,0.38358025602831813,novalia-demo-1,2026-02-01,test_independant_synthetique,1.38
NOV-01812,mensuel,132.26,0,0.38185442243049095,0,0.38358025602831813,novalia-demo-1,2026-02-01,test_independant_synthetique,50.5
NOV-02782,mensuel,22.88,0,0.09816807647986306,0,0.38358025602831813,novalia-demo-1,2026-02-01,test_independant_synthetique,2.25
NOV-01654,mensuel,47.1,0,0.17549764143090998,0,0.38358025602831813,novalia-demo-1,2026-02-01,test_independant_synthetique,8.27
NOV-00307,annuel,143.9,0,0.11011741391169196,0,0.38358025602831813,novalia-demo-1,2026-02-01,test_independant_synthetique,15.85
NOV-01591,bisannuel,91.07,0,0.04974828311082931,0,0.38358025602831813,novalia-demo-1,2026-02-01,test_independant_synthetique,4.53
NOV-03287,mensuel,40.64,0,0.02932088438640698,0,0.38358025602831813,novalia-demo-1,2026-02-01,test_independant_synthetique,1.19
NOV-02708,mensuel,144.3,0,0.25643585194279084,0,0.38358025602831813,novalia-demo-1,2026-02-01,test_independant_synthetique,37.0
NOV-04912,mensuel,88.37,0,0.06291804173146823,0,0.38358025602831813,novalia-demo-1,2026-02-01,test_independant_synthetique,5.56
NOV-01193,mensuel,111.14,0,0.39501082478654215,1,0.38358025602831813,novalia-demo-1,2026-02-01,test_independant_synthetique,43.9
NOV-02619,mensuel,42.77,0,0.05365756896516703,0,0.38358025602831813,novalia-demo-1,2026-02-01,test_independant_synthetique,2.29
NOV-03148,bisannuel,148.05,0,0.16117600484037503,0,0.38358025602831813,novalia-demo-1,2026-02-01,test_independant_synthetique,23.86
NOV-03314,annuel,102.84,0,0.03924185005465574,0,0.38358025602831813,novalia-demo-1,2026-02-01,test_independant_synthetique,4.04
NOV-04256,mensuel,31.48,0,0.06082535842901423,0,0.38358025602831813,novalia-demo-1,2026-02-01,test_independant_synthetique,1.91
NOV-01813,annuel,71.86,0,0.03782025801362989,0,0.38358025602831813,novalia-demo-1,2026-02-01,test_independant_synthetique,2.72
NOV-02906,annuel,148.34,0,0.07709901088397697,0,0.38358025602831813,novalia-demo-1,2026-02-01,test_independant_synthetique,11.44
NOV-00516,annuel,112.79,1,0.4589232407648034,1,0.38358025602831813,novalia-demo-1,2026-02-01,test_independant_synthetique,51.76
NOV-02972,annuel,101.49,0,0.12277695369113223,0,0.38358025602831813,novalia-demo-1,2026-02-01,test_independant_synthetique,12.46
NOV-00287,mensuel,83.9,0,0.45567642230501193,1,0.38358025602831813,novalia-demo-1,2026-02-01,test_independant_synthetique,38.23
NOV-00935,mensuel,77.06,0,0.0829934936301746,0,0.38358025602831813,novalia-demo-1,2026-02-01,test_independant_synthetique,6.4
NOV-02445,annuel,61.17,0,0.06807723741780206,0,0.38358025602831813,novalia-demo-1,2026-02-01,test_independant_synthetique,4.16
NOV-02737,mensuel,105.57,0,0.05347642303124807,0,0.38358025602831813,novalia-demo-1,2026-02-01,test_independant_synthetique,5.65
NOV-04460,mensuel,73.68,0,0.33343537382712035,0,0.38358025602831813,novalia-demo-1,2026-02-01,test_independant_synthetique,24.57
NOV-02380,mensuel,59.81,0,0.20065226390236876,0,0.38358025602831813,novalia-demo-1,2026-02-01,test_independant_synthetique,12.0
NOV-03260,mensuel,141.73,0,0.121718627284431,0,0.38358025602831813,novalia-demo-1,2026-02-01,test_independant_synthetique,17.25
NOV-02282,bisannuel,121.27,0,0.39532055541471,1,0.38358025602831813,novalia-demo-1,2026-02-01,test_independant_synthetique,47.94
NOV-04224,mensuel,41.28,0,0.03930923148640201,0,0.38358025602831813,novalia-demo-1,2026-02-01,test_independant_synthetique,1.62
NOV-00973,mensuel,106.69,0,0.578546774118424,1,0.38358025602831813,novalia-demo-1,2026-02-01,test_independant_synthetique,61.73
NOV-03060,bisannuel,66.17,0,0.13166863004830556,0,0.38358025602831813,novalia-demo-1,2026-02-01,test_independant_synthetique,8.71
NOV-01132,annuel,44.42,0,0.023903504756873903,0,0.38358025602831813,novalia-demo-1,2026-02-01,test_independant_synthetique,1.06
NOV-01237,mensuel,30.29,0,0.2134194162815633,0,0.38358025602831813,novalia-demo-1,2026-02-01,test_independant_synthetique,6.46
NOV-03655,mensuel,138.38,0,0.2290520964275774,0,0.38358025602831813,novalia-demo-1,2026-02-01,test_independant_synthetique,31.7
NOV-02704,mensuel,49.99,0,0.15932727965594362,0,0.38358025602831813,novalia-demo-1,2026-02-01,test_independant_synthetique,7.96
NOV-04446,mensuel,127.03,0,0.056174467894357025,0,0.38358025602831813,novalia-demo-1,2026-02-01,test_independant_synthetique,7.14
NOV-01247,mensuel,135.9,1,0.5301658752789603,1,0.38358025602831813,novalia-demo-1,2026-02-01,test_independant_synthetique,72.05
NOV-03488,annuel,124.49,0,0.04555483577887555,0,0.38358025602831813,novalia-demo-1,2026-02-01,test_independant_synthetique,5.67
NOV-02136,mensuel,,0,0.03071205207716036,0,0.38358025602831813,novalia-demo-1,2026-02-01,test_independant_synthetique,0.0
NOV-02057,annuel,70.05,0,0.0782162407324553,0,0.38358025602831813,novalia-demo-1,2026-02-01,test_independant_synthetique,5.48
NOV-01339,mensuel,72.61,1,0.4946226590712905,1,0.38358025602831813,novalia-demo-1,2026-02-01,test_independant_synthetique,35.91
NOV-00670,mensuel,128.34,0,0.47681905856234275,1,0.38358025602831813,novalia-demo-1,2026-02-01,test_independant_synthetique,61.19
NOV-00854,annuel,131.34,1,0.39987859632652395,1,0.38358025602831813,novalia-demo-1,2026-02-01,test_independant_synthetique,52.52
NOV-03390,annuel,35.25,0,0.036745618674284775,0,0.38358025602831813,novalia-demo-1,2026-02-01,test_independant_synthetique,1.3
NOV-00134,mensuel,114.84,0,0.33808596544034875,0,0.38358025602831813,novalia-demo-1,2026-02-01,test_independant_synthetique,38.83
NOV-00894,annuel,27.21,0,0.009836656485713998,0,0.38358025602831813,novalia-demo-1,2026-02-01,test_independant_synthetique,0.27
NOV-03012,annuel,78.69,0,0.034588227069541275,0,0.38358025602831813,novalia-demo-1,2026-02-01,test_independant_synthetique,2.72
NOV-02957,mensuel,146.42,0,0.13737566107528348,0,0.38358025602831813,novalia-demo-1,2026-02-01,test_independant_synthetique,20.11
NOV-00275,annuel,65.58,0,0.08625382088047963,0,0.38358025602831813,novalia-demo-1,2026-02-01,test_independant_synthetique,5.66
NOV-04509,mensuel,125.14,0,0.19266837355887131,0,0.38358025602831813,novalia-demo-1,2026-02-01,test_independant_synthetique,24.11
NOV-03531,mensuel,62.8,0,0.017347445842988283,0,0.38358025602831813,novalia-demo-1,2026-02-01,test_independant_synthetique,1.09
NOV-03378,annuel,138.63,1,0.15771871544747024,0,0.38358025602831813,novalia-demo-1,2026-02-01,test_independant_synthetique,21.86
NOV-03092,mensuel,41.3,0,0.077784875637474,0,0.38358025602831813,novalia-demo-1,2026-02-01,test_independant_synthetique,3.21
NOV-03340,annuel,129.1,0,0.12936088709359747,0,0.38358025602831813,novalia-demo-1,2026-02-01,test_independant_synthetique,16.7
NOV-04399,mensuel,60.65,0,0.3017006886469509,0,0.38358025602831813,novalia-demo-1,2026-02-01,test_independant_synthetique,18.3
NOV-03890,bisannuel,73.65,0,0.015026149681229789,0,0.38358025602831813,novalia-demo-1,2026-02-01,test_independant_synthetique,1.11
NOV-04798,bisannuel,24.15,0,0.003086141953947316,0,0.38358025602831813,novalia-demo-1,2026-02-01,test_independant_synthetique,0.07
NOV-03034,mensuel,30.73,0,0.01358502871960806,0,0.38358025602831813,novalia-demo-1,2026-02-01,test_independant_synthetique,0.42
NOV-01302,mensuel,54.44,0,0.13918417745000367,0,0.38358025602831813,novalia-demo-1,2026-02-01,test_independant_synthetique,7.58
NOV-03681,bisannuel,97.05,0,0.03049537971375443,0,0.38358025602831813,novalia-demo-1,2026-02-01,test_independant_synthetique,2.96
NOV-00093,mensuel,100.44,0,0.1700164641675348,0,0.38358025602831813,novalia-demo-1,2026-02-01,test_independant_synthetique,17.08
NOV-03365,bisannuel,41.04,0,0.1488796833020042,0,0.38358025602831813,novalia-demo-1,2026-02-01,test_independant_synthetique,6.11
NOV-01539,bisannuel,60.44,1,0.31314240538169863,0,0.38358025602831813,novalia-demo-1,2026-02-01,test_independant_synthetique,18.93
NOV-03586,bisannuel,123.72,0,0.07893879522676657,0,0.38358025602831813,novalia-demo-1,2026-02-01,test_independant_synthetique,9.77
NOV-00875,mensuel,145.5,0,0.47522896989718477,1,0.38358025602831813,novalia-demo-1,2026-02-01,test_independant_synthetique,69.15
NOV-00420,bisannuel,21.17,1,0.1304955766048508,0,0.38358025602831813,novalia-demo-1,2026-02-01,test_independant_synthetique,2.76
NOV-01721,mensuel,127.37,0,0.11689345169606419,0,0.38358025602831813,novalia-demo-1,2026-02-01,test_independant_synthetique,14.89
NOV-02372,annuel,106.37,0,0.13564547350690795,0,0.38358025602831813,novalia-demo-1,2026-02-01,test_independant_synthetique,14.43
NOV-01318,mensuel,62.26,0,0.08648584090916506,0,0.38358025602831813,novalia-demo-1,2026-02-01,test_independant_synthetique,5.38
NOV-00637,mensuel,76.51,0,0.09228181774199651,0,0.38358025602831813,novalia-demo-1,2026-02-01,test_independant_synthetique,7.06
NOV-01567,bisannuel,82.05,0,0.077731394105446,0,0.38358025602831813,novalia-demo-1,2026-02-01,test_independant_synthetique,6.38
NOV-00290,mensuel,135.06,0,0.05165547875103465,0,0.38358025602831813,novalia-demo-1,2026-02-01,test_independant_synthetique,6.98
NOV-04318,mensuel,63.25,0,0.09234104187591033,0,0.38358025602831813,novalia-demo-1,2026-02-01,test_independant_synthetique,5.84
NOV-04822,bisannuel,45.53,0,0.024798071574400636,0,0.38358025602831813,novalia-demo-1,2026-02-01,test_independant_synthetique,1.13
NOV-04078,annuel,81.08,0,0.09700989057037922,0,0.38358025602831813,novalia-demo-1,2026-02-01,test_independant_synthetique,7.87
NOV-00200,mensuel,139.33,0,0.16901689513360227,0,0.38358025602831813,novalia-demo-1,2026-02-01,test_independant_synthetique,23.55
NOV-03232,mensuel,109.24,0,0.04425643891202854,0,0.38358025602831813,novalia-demo-1,2026-02-01,test_independant_synthetique,4.83
NOV-02689,mensuel,81.38,0,0.10895794806946402,0,0.38358025602831813,novalia-demo-1,2026-02-01,test_independant_synthetique,8.87
NOV-03040,mensuel,20.38,1,0.22198415846857125,0,0.38358025602831813,novalia-demo-1,2026-02-01,test_independant_synthetique,4.52
NOV-03714,mensuel,110.59,1,0.19178264339641315,0,0.38358025602831813,novalia-demo-1,2026-02-01,test_independant_synthetique,21.21
NOV-00867,annuel,82.48,0,0.14451597848074113,0,0.38358025602831813,novalia-demo-1,2026-02-01,test_independant_synthetique,11.92
NOV-01452,bisannuel,35.92,0,0.014430785398651063,0,0.38358025602831813,novalia-demo-1,2026-02-01,test_independant_synthetique,0.52
NOV-03963,mensuel,114.54,0,0.09291282528099692,0,0.38358025602831813,novalia-demo-1,2026-02-01,test_independant_synthetique,10.64
NOV-04469,mensuel,133.47,0,0.2189795288814345,0,0.38358025602831813,novalia-demo-1,2026-02-01,test_independant_synthetique,29.23
NOV-03513,mensuel,145.68,0,0.43055463519324944,1,0.38358025602831813,novalia-demo-1,2026-02-01,test_independant_synthetique,62.72
NOV-03206,annuel,92.71,0,0.08765635462657938,0,0.38358025602831813,novalia-demo-1,2026-02-01,test_independant_synthetique,8.13
NOV-02158,annuel,45.53,0,0.11034269867582051,0,0.38358025602831813,novalia-demo-1,2026-02-01,test_independant_synthetique,5.02
NOV-01627,annuel,135.84,1,0.07379553184684692,0,0.38358025602831813,novalia-demo-1,2026-02-01,test_independant_synthetique,10.02
NOV-03939,annuel,126.22,0,0.11900967564746115,0,0.38358025602831813,novalia-demo-1,2026-02-01,test_independant_synthetique,15.02
NOV-00170,mensuel,85.56,0,0.40039029985448066,1,0.38358025602831813,novalia-demo-1,2026-02-01,test_independant_synthetique,34.26
NOV-02646,annuel,105.93,0,0.6376892642178695,1,0.38358025602831813,novalia-demo-1,2026-02-01,test_independant_synthetique,67.55
NOV-03984,bisannuel,55.21,0,0.025086410592647188,0,0.38358025602831813,novalia-demo-1,2026-02-01,test_independant_synthetique,1.39
NOV-02031,annuel,93.74,0,0.061947256414031836,0,0.38358025602831813,novalia-demo-1,2026-02-01,test_independant_synthetique,5.81
NOV-01781,mensuel,85.66,0,0.12858791369428924,0,0.38358025602831813,novalia-demo-1,2026-02-01,test_independant_synthetique,11.01
NOV-03916,bisannuel,86.87,0,0.0045646148546287825,0,0.38358025602831813,novalia-demo-1,2026-02-01,test_independant_synthetique,0.4
NOV-03490,annuel,116.78,0,0.14461008049485868,0,0.38358025602831813,novalia-demo-1,2026-02-01,test_independant_synthetique,16.89
NOV-02897,bisannuel,91.04,0,0.027912264035202403,0,0.38358025602831813,novalia-demo-1,2026-02-01,test_independant_synthetique,2.54
NOV-02671,mensuel,132.94,1,0.5420614557640653,1,0.38358025602831813,novalia-demo-1,2026-02-01,test_independant_synthetique,72.06
NOV-02783,annuel,30.24,1,0.0923260595579783,0,0.38358025602831813,novalia-demo-1,2026-02-01,test_independant_synthetique,2.79
NOV-02885,mensuel,67.46,0,0.17694652493465915,0,0.38358025602831813,novalia-demo-1,2026-02-01,test_independant_synthetique,11.94
NOV-01153,annuel,137.36,1,0.3828056080108519,0,0.38358025602831813,novalia-demo-1,2026-02-01,test_independant_synthetique,52.58
NOV-00921,mensuel,107.68,1,0.25991427280695145,0,0.38358025602831813,novalia-demo-1,2026-02-01,test_independant_synthetique,27.99
NOV-02592,mensuel,40.61,0,0.08957681911925869,0,0.38358025602831813,novalia-demo-1,2026-02-01,test_independant_synthetique,3.64
NOV-02076,mensuel,58.62,0,0.03692393268797195,0,0.38358025602831813,novalia-demo-1,2026-02-01,test_independant_synthetique,2.16
NOV-01518,mensuel,,1,0.45297448249983974,1,0.38358025602831813,novalia-demo-1,2026-02-01,test_independant_synthetique,0.0
NOV-02327,mensuel,83.42,0,0.18834034218459064,0,0.38358025602831813,novalia-demo-1,2026-02-01,test_independant_synthetique,15.71
NOV-03558,annuel,96.33,0,0.20083584542561733,0,0.38358025602831813,novalia-demo-1,2026-02-01,test_independant_synthetique,19.35
NOV-01445,mensuel,72.35,1,0.30133720458286717,0,0.38358025602831813,novalia-demo-1,2026-02-01,test_independant_synthetique,21.8
NOV-01382,bisannuel,79.51,0,0.01466673239950585,0,0.38358025602831813,novalia-demo-1,2026-02-01,test_independant_synthetique,1.17
NOV-01267,mensuel,19.17,0,0.11457568838552987,0,0.38358025602831813,novalia-demo-1,2026-02-01,test_independant_synthetique,2.2
NOV-00294,mensuel,106.32,1,0.2268962717685159,0,0.38358025602831813,novalia-demo-1,2026-02-01,test_independant_synthetique,24.12
NOV-03253,bisannuel,46.88,1,0.1244809556146232,0,0.38358025602831813,novalia-demo-1,2026-02-01,test_independant_synthetique,5.84
NOV-00224,annuel,123.55,1,0.36893720664037954,0,0.38358025602831813,novalia-demo-1,2026-02-01,test_independant_synthetique,45.58
NOV-00917,mensuel,34.33,0,0.0915995429072729,0,0.38358025602831813,novalia-demo-1,2026-02-01,test_independant_synthetique,3.14
NOV-04371,annuel,19.57,0,0.02425037122739615,0,0.38358025602831813,novalia-demo-1,2026-02-01,test_independant_synthetique,0.47
NOV-03285,mensuel,120.41,1,0.45548132123111557,1,0.38358025602831813,novalia-demo-1,2026-02-01,test_independant_synthetique,54.84
NOV-03159,annuel,59.75,0,0.036237869136482956,0,0.38358025602831813,novalia-demo-1,2026-02-01,test_independant_synthetique,2.17
NOV-01241,mensuel,84.78,0,0.2455007644618172,0,0.38358025602831813,novalia-demo-1,2026-02-01,test_independant_synthetique,20.81
NOV-02074,mensuel,19.2,0,0.043404582337528176,0,0.38358025602831813,novalia-demo-1,2026-02-01,test_independant_synthetique,0.83
NOV-02875,mensuel,68.3,0,0.20305237396209858,0,0.38358025602831813,novalia-demo-1,2026-02-01,test_independant_synthetique,13.87
NOV-01580,mensuel,39.29,0,0.08368492131059423,0,0.38358025602831813,novalia-demo-1,2026-02-01,test_independant_synthetique,3.29
NOV-03635,mensuel,148.61,0,0.39280328989578484,1,0.38358025602831813,novalia-demo-1,2026-02-01,test_independant_synthetique,58.37
NOV-02192,mensuel,51.78,0,0.38362039576753043,1,0.38358025602831813,novalia-demo-1,2026-02-01,test_independant_synthetique,19.86
NOV-01345,annuel,123.92,0,0.05776785388192859,0,0.38358025602831813,novalia-demo-1,2026-02-01,test_independant_synthetique,7.16
NOV-02520,mensuel,131.01,0,0.25139182170272756,0,0.38358025602831813,novalia-demo-1,2026-02-01,test_independant_synthetique,32.93
NOV-00846,mensuel,95.91,0,0.17640213532986568,0,0.38358025602831813,novalia-demo-1,2026-02-01,test_independant_synthetique,16.92
NOV-01239,bisannuel,106.68,0,0.020170702209370978,0,0.38358025602831813,novalia-demo-1,2026-02-01,test_independant_synthetique,2.15
NOV-02879,mensuel,101.56,0,0.24969273143626247,0,0.38358025602831813,novalia-demo-1,2026-02-01,test_independant_synthetique,25.36
NOV-00833,bisannuel,66.35,0,0.14690854470002954,0,0.38358025602831813,novalia-demo-1,2026-02-01,test_independant_synthetique,9.75
NOV-03405,annuel,144.74,0,0.346573998235254,0,0.38358025602831813,novalia-demo-1,2026-02-01,test_independant_synthetique,50.16
NOV-01002,mensuel,,0,0.022107257782202797,0,0.38358025602831813,novalia-demo-1,2026-02-01,test_independant_synthetique,0.0
NOV-00723,annuel,28.95,0,0.028855780089844307,0,0.38358025602831813,novalia-demo-1,2026-02-01,test_independant_synthetique,0.84
NOV-03179,mensuel,87.27,0,0.08889755178097823,0,0.38358025602831813,novalia-demo-1,2026-02-01,test_independant_synthetique,7.76
NOV-04324,annuel,51.47,0,0.0798361631333579,0,0.38358025602831813,novalia-demo-1,2026-02-01,test_independant_synthetique,4.11
NOV-03266,mensuel,69.99,0,0.03367602226425806,0,0.38358025602831813,novalia-demo-1,2026-02-01,test_independant_synthetique,2.36
NOV-00404,mensuel,145.13,0,0.5227490392115303,1,0.38358025602831813,novalia-demo-1,2026-02-01,test_independant_synthetique,75.87
NOV-00400,mensuel,37.41,0,0.03330310579320768,0,0.38358025602831813,novalia-demo-1,2026-02-01,test_independant_synthetique,1.25
NOV-02713,mensuel,97.22,1,0.1525108441847834,0,0.38358025602831813,novalia-demo-1,2026-02-01,test_independant_synthetique,14.83
NOV-00945,annuel,21.42,0,0.060544995106658145,0,0.38358025602831813,novalia-demo-1,2026-02-01,test_independant_synthetique,1.3
NOV-04571,mensuel,55.59,1,0.7359926243666521,1,0.38358025602831813,novalia-demo-1,2026-02-01,test_independant_synthetique,40.91
NOV-04715,mensuel,35.61,0,0.16417838121467532,0,0.38358025602831813,novalia-demo-1,2026-02-01,test_independant_synthetique,5.85
NOV-04804,mensuel,85.41,0,0.06281905723797031,0,0.38358025602831813,novalia-demo-1,2026-02-01,test_independant_synthetique,5.37
NOV-01842,bisannuel,19.84,0,0.03423933909545913,0,0.38358025602831813,novalia-demo-1,2026-02-01,test_independant_synthetique,0.68
NOV-00143,mensuel,129.03,0,0.3521774627781666,0,0.38358025602831813,novalia-demo-1,2026-02-01,test_independant_synthetique,45.44
NOV-02798,mensuel,132.56,0,0.23300322745631824,0,0.38358025602831813,novalia-demo-1,2026-02-01,test_independant_synthetique,30.89
NOV-04769,annuel,125.73,0,0.35367000672525617,0,0.38358025602831813,novalia-demo-1,2026-02-01,test_independant_synthetique,44.47
NOV-00906,annuel,72.68,0,0.07912093922843157,0,0.38358025602831813,novalia-demo-1,2026-02-01,test_independant_synthetique,5.75
NOV-03375,annuel,39.34,1,0.15937471108645163,0,0.38358025602831813,novalia-demo-1,2026-02-01,test_independant_synthetique,6.27
NOV-00408,annuel,133.8,0,0.11308579728038982,0,0.38358025602831813,novalia-demo-1,2026-02-01,test_independant_synthetique,15.13
NOV-00245,mensuel,125.72,0,0.16722745894222682,0,0.38358025602831813,novalia-demo-1,2026-02-01,test_independant_synthetique,21.02
NOV-03440,mensuel,21.09,0,0.09134086661568427,0,0.38358025602831813,novalia-demo-1,2026-02-01,test_independant_synthetique,1.93
NOV-01221,mensuel,144.87,1,0.4344593222759442,1,0.38358025602831813,novalia-demo-1,2026-02-01,test_independant_synthetique,62.94
NOV-01072,annuel,74.23,0,0.02366551511931083,0,0.38358025602831813,novalia-demo-1,2026-02-01,test_independant_synthetique,1.76
NOV-03448,bisannuel,40.73,0,0.1469030023409449,0,0.38358025602831813,novalia-demo-1,2026-02-01,test_independant_synthetique,5.98
NOV-02450,bisannuel,39.09,0,0.03465500650348093,0,0.38358025602831813,novalia-demo-1,2026-02-01,test_independant_synthetique,1.35
NOV-02590,annuel,22.16,0,0.016959088460615352,0,0.38358025602831813,novalia-demo-1,2026-02-01,test_independant_synthetique,0.38
NOV-03281,mensuel,91.38,1,0.25256801856297545,0,0.38358025602831813,novalia-demo-1,2026-02-01,test_independant_synthetique,23.08
NOV-02769,mensuel,126.22,1,0.37867307070639206,0,0.38358025602831813,novalia-demo-1,2026-02-01,test_independant_synthetique,47.8
NOV-01823,bisannuel,86.47,0,0.03127510439863179,0,0.38358025602831813,novalia-demo-1,2026-02-01,test_independant_synthetique,2.7
NOV-03675,annuel,134.59,1,0.3145693619942549,0,0.38358025602831813,novalia-demo-1,2026-02-01,test_independant_synthetique,42.34
NOV-04744,mensuel,19.03,0,0.09690298737881135,0,0.38358025602831813,novalia-demo-1,2026-02-01,test_independant_synthetique,1.84
NOV-04134,annuel,52.14,0,0.14624306597618966,0,0.38358025602831813,novalia-demo-1,2026-02-01,test_independant_synthetique,7.63
NOV-02165,annuel,112.75,0,0.1883705953485078,0,0.38358025602831813,novalia-demo-1,2026-02-01,test_independant_synthetique,21.24
NOV-03512,mensuel,123.14,1,0.3662208416756793,0,0.38358025602831813,novalia-demo-1,2026-02-01,test_independant_synthetique,45.1
NOV-00172,mensuel,27.62,0,0.057721097087551035,0,0.38358025602831813,novalia-demo-1,2026-02-01,test_independant_synthetique,1.59
NOV-04185,mensuel,70.04,0,0.0415365854070074,0,0.38358025602831813,novalia-demo-1,2026-02-01,test_independant_synthetique,2.91
NOV-02108,mensuel,111.84,0,0.28926955875669347,0,0.38358025602831813,novalia-demo-1,2026-02-01,test_independant_synthetique,32.35
NOV-01316,mensuel,126.55,0,0.5097252000334516,1,0.38358025602831813,novalia-demo-1,2026-02-01,test_independant_synthetique,64.51
NOV-04396,bisannuel,63.75,0,0.13971026259035563,0,0.38358025602831813,novalia-demo-1,2026-02-01,test_independant_synthetique,8.91
NOV-04293,mensuel,134.12,0,0.06595814052791928,0,0.38358025602831813,novalia-demo-1,2026-02-01,test_independant_synthetique,8.85
NOV-03711,annuel,78.36,0,0.24613428807578674,0,0.38358025602831813,novalia-demo-1,2026-02-01,test_independant_synthetique,19.29
NOV-03877,mensuel,56.29,0,0.31904885161440066,0,0.38358025602831813,novalia-demo-1,2026-02-01,test_independant_synthetique,17.96
NOV-03708,annuel,24.41,0,0.03923967485566136,0,0.38358025602831813,novalia-demo-1,2026-02-01,test_independant_synthetique,0.96
NOV-01354,mensuel,105.96,0,0.26670060677717583,0,0.38358025602831813,novalia-demo-1,2026-02-01,test_independant_synthetique,28.26
NOV-04296,annuel,112.03,0,0.08077909752617912,0,0.38358025602831813,novalia-demo-1,2026-02-01,test_independant_synthetique,9.05
NOV-04245,annuel,127.17,0,0.09735517831428235,0,0.38358025602831813,novalia-demo-1,2026-02-01,test_independant_synthetique,12.38
NOV-02179,bisannuel,75.85,0,0.26320801134166544,0,0.38358025602831813,novalia-demo-1,2026-02-01,test_independant_synthetique,19.96
NOV-04144,annuel,116.93,1,0.19028723280410387,0,0.38358025602831813,novalia-demo-1,2026-02-01,test_independant_synthetique,22.25
NOV-00657,annuel,70.95,0,0.0553734122758394,0,0.38358025602831813,novalia-demo-1,2026-02-01,test_independant_synthetique,3.93
NOV-01502,mensuel,136.38,0,0.21328197436673657,0,0.38358025602831813,novalia-demo-1,2026-02-01,test_independant_synthetique,29.09
NOV-03562,mensuel,74.18,1,0.0590735677364551,0,0.38358025602831813,novalia-demo-1,2026-02-01,test_independant_synthetique,4.38
NOV-03872,mensuel,85.88,0,0.11011422443301645,0,0.38358025602831813,novalia-demo-1,2026-02-01,test_independant_synthetique,9.46
NOV-04590,mensuel,70.27,1,0.2897484431526762,0,0.38358025602831813,novalia-demo-1,2026-02-01,test_independant_synthetique,20.36
NOV-01613,annuel,88.19,0,0.26946379286793126,0,0.38358025602831813,novalia-demo-1,2026-02-01,test_independant_synthetique,23.76
NOV-03973,annuel,44.92,0,0.03629914468668317,0,0.38358025602831813,novalia-demo-1,2026-02-01,test_independant_synthetique,1.63
NOV-00941,mensuel,148.36,0,0.13784889562709876,0,0.38358025602831813,novalia-demo-1,2026-02-01,test_independant_synthetique,20.45
NOV-04079,annuel,128.24,1,0.1144118589327354,0,0.38358025602831813,novalia-demo-1,2026-02-01,test_independant_synthetique,14.67
NOV-04486,bisannuel,94.76,0,0.0389587267057097,0,0.38358025602831813,novalia-demo-1,2026-02-01,test_independant_synthetique,3.69
NOV-01227,annuel,55.82,0,0.28557720725386776,0,0.38358025602831813,novalia-demo-1,2026-02-01,test_independant_synthetique,15.94
NOV-00591,annuel,105.94,0,0.11385944503865078,0,0.38358025602831813,novalia-demo-1,2026-02-01,test_independant_synthetique,12.06
NOV-01536,annuel,118.18,0,0.018102700191466176,0,0.38358025602831813,novalia-demo-1,2026-02-01,test_independant_synthetique,2.14
NOV-04467,mensuel,148.75,1,0.808285586728231,1,0.38358025602831813,novalia-demo-1,2026-02-01,test_independant_synthetique,120.23
NOV-02256,annuel,138.73,1,0.3335821353272275,0,0.38358025602831813,novalia-demo-1,2026-02-01,test_independant_synthetique,46.28
NOV-01989,annuel,133.05,0,0.047142387588985826,0,0.38358025602831813,novalia-demo-1,2026-02-01,test_independant_synthetique,6.27
NOV-02857,bisannuel,123.18,0,0.14641193205377478,0,0.38358025602831813,novalia-demo-1,2026-02-01,test_independant_synthetique,18.04
NOV-03446,mensuel,118.98,0,0.12311575581250443,0,0.38358025602831813,novalia-demo-1,2026-02-01,test_independant_synthetique,14.65
NOV-00266,mensuel,44.17,0,0.11234720694225692,0,0.38358025602831813,novalia-demo-1,2026-02-01,test_independant_synthetique,4.96
NOV-04803,bisannuel,115.02,0,0.05660006415980766,0,0.38358025602831813,novalia-demo-1,2026-02-01,test_independant_synthetique,6.51
NOV-01106,annuel,67.93,0,0.06599904662327624,0,0.38358025602831813,novalia-demo-1,2026-02-01,test_independant_synthetique,4.48
NOV-03386,bisannuel,48.21,0,0.005782413749421706,0,0.38358025602831813,novalia-demo-1,2026-02-01,test_independant_synthetique,0.28
NOV-01872,mensuel,119.78,0,0.1221608536490536,0,0.38358025602831813,novalia-demo-1,2026-02-01,test_independant_synthetique,14.63
NOV-04464,mensuel,29.88,0,0.029388783261051103,0,0.38358025602831813,novalia-demo-1,2026-02-01,test_independant_synthetique,0.88
NOV-00327,annuel,85.88,0,0.03443448357025876,0,0.38358025602831813,novalia-demo-1,2026-02-01,test_independant_synthetique,2.96
NOV-00218,annuel,47.26,0,0.01478100667505959,0,0.38358025602831813,novalia-demo-1,2026-02-01,test_independant_synthetique,0.7
NOV-01048,annuel,124.72,0,0.1402246321250001,0,0.38358025602831813,novalia-demo-1,2026-02-01,test_independant_synthetique,17.49
NOV-02249,mensuel,30.16,1,0.10046503516767202,0,0.38358025602831813,novalia-demo-1,2026-02-01,test_independant_synthetique,3.03
NOV-00806,mensuel,49.46,0,0.04157042657614469,0,0.38358025602831813,novalia-demo-1,2026-02-01,test_independant_synthetique,2.06
NOV-04787,mensuel,88.78,0,0.16086007080615208,0,0.38358025602831813,novalia-demo-1,2026-02-01,test_independant_synthetique,14.28
NOV-01997,mensuel,110.43,0,0.07517168389775628,0,0.38358025602831813,novalia-demo-1,2026-02-01,test_independant_synthetique,8.3
NOV-04800,annuel,53.59,0,0.103580634747772,0,0.38358025602831813,novalia-demo-1,2026-02-01,test_independant_synthetique,5.55
NOV-04948,mensuel,88.64,0,0.0778259816842918,0,0.38358025602831813,novalia-demo-1,2026-02-01,test_independant_synthetique,6.9
NOV-02340,mensuel,122.52,0,0.26270408580491583,0,0.38358025602831813,novalia-demo-1,2026-02-01,test_independant_synthetique,32.19
NOV-02239,mensuel,23.86,0,0.023040529969011767,0,0.38358025602831813,novalia-demo-1,2026-02-01,test_independant_synthetique,0.55
NOV-02422,bisannuel,61.26,1,0.2204149372172262,0,0.38358025602831813,novalia-demo-1,2026-02-01,test_independant_synthetique,13.5
NOV-03030,mensuel,66.03,0,0.136585579102921,0,0.38358025602831813,novalia-demo-1,2026-02-01,test_independant_synthetique,9.02
NOV-02797,bisannuel,114.36,0,0.04029093095024631,0,0.38358025602831813,novalia-demo-1,2026-02-01,test_independant_synthetique,4.61
NOV-01159,annuel,143.02,1,0.2892310009218212,0,0.38358025602831813,novalia-demo-1,2026-02-01,test_independant_synthetique,41.37
NOV-03622,mensuel,139.44,1,0.5260661310529055,1,0.38358025602831813,novalia-demo-1,2026-02-01,test_independant_synthetique,73.35
NOV-02065,bisannuel,85.3,1,0.09873693489918094,0,0.38358025602831813,novalia-demo-1,2026-02-01,test_independant_synthetique,8.42
NOV-04198,bisannuel,125.46,0,0.14967259533666202,0,0.38358025602831813,novalia-demo-1,2026-02-01,test_independant_synthetique,18.78
NOV-04564,mensuel,57.16,0,0.22073227166997103,0,0.38358025602831813,novalia-demo-1,2026-02-01,test_independant_synthetique,12.62
NOV-01919,mensuel,96.08,1,0.16649441563402081,0,0.38358025602831813,novalia-demo-1,2026-02-01,test_independant_synthetique,16.0
NOV-01804,mensuel,50.05,0,0.2955261816544037,0,0.38358025602831813,novalia-demo-1,2026-02-01,test_independant_synthetique,14.79
NOV-01873,annuel,30.11,0,0.12409092117593297,0,0.38358025602831813,novalia-demo-1,2026-02-01,test_independant_synthetique,3.74
NOV-00476,mensuel,108.92,0,0.26832668617680944,0,0.38358025602831813,novalia-demo-1,2026-02-01,test_independant_synthetique,29.23
NOV-03680,annuel,102.73,1,0.35131978240627,0,0.38358025602831813,novalia-demo-1,2026-02-01,test_independant_synthetique,36.09
NOV-03662,mensuel,135.78,1,0.30751913678054177,0,0.38358025602831813,novalia-demo-1,2026-02-01,test_independant_synthetique,41.75
NOV-03999,mensuel,69.98,0,0.26664681944585367,0,0.38358025602831813,novalia-demo-1,2026-02-01,test_independant_synthetique,18.66
NOV-03889,annuel,96.33,0,0.20525564656893108,0,0.38358025602831813,novalia-demo-1,2026-02-01,test_independant_synthetique,19.77
NOV-02860,annuel,,0,0.08027190955596875,0,0.38358025602831813,novalia-demo-1,2026-02-01,test_independant_synthetique,0.0
NOV-04819,annuel,125.7,1,0.08718475151518223,0,0.38358025602831813,novalia-demo-1,2026-02-01,test_independant_synthetique,10.96
NOV-02390,mensuel,88.01,0,0.41545958863563803,1,0.38358025602831813,novalia-demo-1,2026-02-01,test_independant_synthetique,36.56
NOV-00272,annuel,41.0,0,0.07591691181746685,0,0.38358025602831813,novalia-demo-1,2026-02-01,test_independant_synthetique,3.11
NOV-01561,mensuel,132.41,0,0.20347174342284413,0,0.38358025602831813,novalia-demo-1,2026-02-01,test_independant_synthetique,26.94
NOV-03573,bisannuel,103.03,0,0.01727064494242635,0,0.38358025602831813,novalia-demo-1,2026-02-01,test_independant_synthetique,1.78
NOV-02684,mensuel,72.8,0,0.3527089295512466,0,0.38358025602831813,novalia-demo-1,2026-02-01,test_independant_synthetique,25.68
NOV-04266,annuel,100.91,0,0.10110307038832242,0,0.38358025602831813,novalia-demo-1,2026-02-01,test_independant_synthetique,10.2
NOV-01913,mensuel,133.75,0,0.2167653368472094,0,0.38358025602831813,novalia-demo-1,2026-02-01,test_independant_synthetique,28.99
NOV-00436,bisannuel,96.0,0,0.04357619800472133,0,0.38358025602831813,novalia-demo-1,2026-02-01,test_independant_synthetique,4.18
NOV-01918,mensuel,79.98,0,0.20826611028487646,0,0.38358025602831813,novalia-demo-1,2026-02-01,test_independant_synthetique,16.66
NOV-00423,annuel,128.44,0,0.06791313570743111,0,0.38358025602831813,novalia-demo-1,2026-02-01,test_independant_synthetique,8.72
NOV-00622,bisannuel,107.48,1,0.3511318407593498,0,0.38358025602831813,novalia-demo-1,2026-02-01,test_independant_synthetique,37.74
NOV-04238,annuel,94.19,0,0.044907282951056365,0,0.38358025602831813,novalia-demo-1,2026-02-01,test_independant_synthetique,4.23
NOV-01444,mensuel,67.3,0,0.04110663325775011,0,0.38358025602831813,novalia-demo-1,2026-02-01,test_independant_synthetique,2.77
NOV-04002,mensuel,146.71,0,0.3108566093016657,0,0.38358025602831813,novalia-demo-1,2026-02-01,test_independant_synthetique,45.61
NOV-01830,annuel,99.87,1,0.11439064157147505,0,0.38358025602831813,novalia-demo-1,2026-02-01,test_independant_synthetique,11.42
NOV-00722,mensuel,55.44,0,0.2578578844818648,0,0.38358025602831813,novalia-demo-1,2026-02-01,test_independant_synthetique,14.3
NOV-00600,mensuel,108.26,0,0.45749787885351173,1,0.38358025602831813,novalia-demo-1,2026-02-01,test_independant_synthetique,49.53
NOV-00466,mensuel,118.32,0,0.14392625189613195,0,0.38358025602831813,novalia-demo-1,2026-02-01,test_independant_synthetique,17.03
NOV-00714,bisannuel,130.52,0,0.26764740902873807,0,0.38358025602831813,novalia-demo-1,2026-02-01,test_independant_synthetique,34.93
NOV-04714,bisannuel,62.33,0,0.034329903303494794,0,0.38358025602831813,novalia-demo-1,2026-02-01,test_independant_synthetique,2.14
NOV-00553,mensuel,89.84,0,0.1762198644566039,0,0.38358025602831813,novalia-demo-1,2026-02-01,test_independant_synthetique,15.83
NOV-02159,mensuel,69.37,1,0.12623466877735612,0,0.38358025602831813,novalia-demo-1,2026-02-01,test_independant_synthetique,8.76
NOV-00257,mensuel,30.11,0,0.13310341516481336,0,0.38358025602831813,novalia-demo-1,2026-02-01,test_independant_synthetique,4.01
NOV-02655,annuel,37.0,0,0.03159616365432794,0,0.38358025602831813,novalia-demo-1,2026-02-01,test_independant_synthetique,1.17
NOV-04243,mensuel,115.91,0,0.3150234322161141,0,0.38358025602831813,novalia-demo-1,2026-02-01,test_independant_synthetique,36.51
NOV-04005,annuel,78.34,0,0.26567109508288034,0,0.38358025602831813,novalia-demo-1,2026-02-01,test_independant_synthetique,20.81
NOV-00748,mensuel,82.01,0,0.14630271758151855,0,0.38358025602831813,novalia-demo-1,2026-02-01,test_independant_synthetique,12.0
NOV-04598,annuel,52.28,0,0.024685680384811757,0,0.38358025602831813,novalia-demo-1,2026-02-01,test_independant_synthetique,1.29
NOV-03095,annuel,145.06,1,0.4597147991703238,1,0.38358025602831813,novalia-demo-1,2026-02-01,test_independant_synthetique,66.69
NOV-01164,annuel,98.97,0,0.05458100641559168,0,0.38358025602831813,novalia-demo-1,2026-02-01,test_independant_synthetique,5.4
NOV-01927,bisannuel,31.29,0,0.05390630394116275,0,0.38358025602831813,novalia-demo-1,2026-02-01,test_independant_synthetique,1.69
NOV-01958,mensuel,37.84,0,0.033799039923559655,0,0.38358025602831813,novalia-demo-1,2026-02-01,test_independant_synthetique,1.28
NOV-04415,annuel,124.58,0,0.3988185704943651,1,0.38358025602831813,novalia-demo-1,2026-02-01,test_independant_synthetique,49.68
NOV-03514,annuel,58.59,0,0.03814617642198934,0,0.38358025602831813,novalia-demo-1,2026-02-01,test_independant_synthetique,2.23
NOV-04760,bisannuel,33.12,0,0.04292211642119711,0,0.38358025602831813,novalia-demo-1,2026-02-01,test_independant_synthetique,1.42
NOV-00001,mensuel,37.64,0,0.02568751178033453,0,0.38358025602831813,novalia-demo-1,2026-02-01,test_independant_synthetique,0.97
NOV-03230,annuel,113.02,0,0.034273372615188105,0,0.38358025602831813,novalia-demo-1,2026-02-01,test_independant_synthetique,3.87
NOV-03546,bisannuel,143.78,0,0.1531885882707999,0,0.38358025602831813,novalia-demo-1,2026-02-01,test_independant_synthetique,22.03
NOV-04092,annuel,131.05,0,0.030296397362952126,0,0.38358025602831813,novalia-demo-1,2026-02-01,test_independant_synthetique,3.97
NOV-00446,bisannuel,130.22,0,0.08389349254565834,0,0.38358025602831813,novalia-demo-1,2026-02-01,test_independant_synthetique,10.92
NOV-02153,bisannuel,137.68,0,0.04520145559100337,0,0.38358025602831813,novalia-demo-1,2026-02-01,test_independant_synthetique,6.22
NOV-03820,mensuel,108.77,1,0.19569486176392906,0,0.38358025602831813,novalia-demo-1,2026-02-01,test_independant_synthetique,21.29
NOV-00577,bisannuel,81.93,0,0.004020186714431855,0,0.38358025602831813,novalia-demo-1,2026-02-01,test_independant_synthetique,0.33
NOV-00944,bisannuel,19.82,0,0.024512026991322804,0,0.38358025602831813,novalia-demo-1,2026-02-01,test_independant_synthetique,0.49
NOV-01380,mensuel,78.65,0,0.10523787526496792,0,0.38358025602831813,novalia-demo-1,2026-02-01,test_independant_synthetique,8.28
NOV-02781,mensuel,107.84,0,0.25751325562411775,0,0.38358025602831813,novalia-demo-1,2026-02-01,test_independant_synthetique,27.77
NOV-00667,annuel,44.66,0,0.1355611879048932,0,0.38358025602831813,novalia-demo-1,2026-02-01,test_independant_synthetique,6.05
NOV-01581,annuel,91.59,0,0.3302431232042527,0,0.38358025602831813,novalia-demo-1,2026-02-01,test_independant_synthetique,30.25
NOV-04178,annuel,68.89,1,0.39944611821753256,1,0.38358025602831813,novalia-demo-1,2026-02-01,test_independant_synthetique,27.52
NOV-02937,mensuel,54.84,0,0.27326573877744087,0,0.38358025602831813,novalia-demo-1,2026-02-01,test_independant_synthetique,14.99
NOV-03754,annuel,34.11,0,0.02384262904627224,0,0.38358025602831813,novalia-demo-1,2026-02-01,test_independant_synthetique,0.81
NOV-02960,bisannuel,92.23,0,0.01466528133598326,0,0.38358025602831813,novalia-demo-1,2026-02-01,test_independant_synthetique,1.35
NOV-00636,mensuel,36.41,0,0.03738523344006236,0,0.38358025602831813,novalia-demo-1,2026-02-01,test_independant_synthetique,1.36
NOV-03214,annuel,119.43,0,0.10435908266078908,0,0.38358025602831813,novalia-demo-1,2026-02-01,test_independant_synthetique,12.46
NOV-03904,mensuel,21.08,0,0.03607198128240052,0,0.38358025602831813,novalia-demo-1,2026-02-01,test_independant_synthetique,0.76
NOV-01501,mensuel,47.98,0,0.08290255649065109,0,0.38358025602831813,novalia-demo-1,2026-02-01,test_independant_synthetique,3.98
NOV-00808,mensuel,73.58,0,0.06475470675956682,0,0.38358025602831813,novalia-demo-1,2026-02-01,test_independant_synthetique,4.76
NOV-03045,mensuel,92.68,0,0.18031717849036408,0,0.38358025602831813,novalia-demo-1,2026-02-01,test_independant_synthetique,16.71
NOV-00611,mensuel,113.41,0,0.08546585298174834,0,0.38358025602831813,novalia-demo-1,2026-02-01,test_independant_synthetique,9.69
NOV-00560,mensuel,142.63,0,0.24690692660133892,0,0.38358025602831813,novalia-demo-1,2026-02-01,test_independant_synthetique,35.22
NOV-01757,annuel,63.75,0,0.06949095430771228,0,0.38358025602831813,novalia-demo-1,2026-02-01,test_independant_synthetique,4.43
NOV-00693,bisannuel,139.66,0,0.012566769060222626,0,0.38358025602831813,novalia-demo-1,2026-02-01,test_independant_synthetique,1.76
NOV-02833,mensuel,26.34,0,0.08112520756188095,0,0.38358025602831813,novalia-demo-1,2026-02-01,test_independant_synthetique,2.14
NOV-00923,annuel,79.86,0,0.07751256191533476,0,0.38358025602831813,novalia-demo-1,2026-02-01,test_independant_synthetique,6.19
NOV-04248,mensuel,124.03,1,0.5895631479444671,1,0.38358025602831813,novalia-demo-1,2026-02-01,test_independant_synthetique,73.12
NOV-04998,bisannuel,68.8,0,0.011025098952440067,0,0.38358025602831813,novalia-demo-1,2026-02-01,test_independant_synthetique,0.76
NOV-04070,mensuel,36.03,0,0.19475913297482414,0,0.38358025602831813,novalia-demo-1,2026-02-01,test_independant_synthetique,7.02
NOV-04766,mensuel,23.86,0,0.12927302373120383,0,0.38358025602831813,novalia-demo-1,2026-02-01,test_independant_synthetique,3.08
NOV-00052,mensuel,86.82,0,0.10107266288318134,0,0.38358025602831813,novalia-demo-1,2026-02-01,test_independant_synthetique,8.78
NOV-00809,mensuel,,0,0.17257401707659892,0,0.38358025602831813,novalia-demo-1,2026-02-01,test_independant_synthetique,0.0
NOV-03381,bisannuel,146.89,0,0.1207361323890273,0,0.38358025602831813,novalia-demo-1,2026-02-01,test_independant_synthetique,17.73
NOV-01102,mensuel,47.56,0,0.13177966707264752,0,0.38358025602831813,novalia-demo-1,2026-02-01,test_independant_synthetique,6.27
NOV-04831,annuel,79.65,0,0.09719632659182578,0,0.38358025602831813,novalia-demo-1,2026-02-01,test_independant_synthetique,7.74
NOV-04138,mensuel,131.37,0,0.37586785879235407,0,0.38358025602831813,novalia-demo-1,2026-02-01,test_independant_synthetique,49.38
NOV-03704,annuel,21.14,0,0.010297300272816407,0,0.38358025602831813,novalia-demo-1,2026-02-01,test_independant_synthetique,0.22
NOV-03700,annuel,88.98,0,0.07651402224127354,0,0.38358025602831813,novalia-demo-1,2026-02-01,test_independant_synthetique,6.81
NOV-04698,mensuel,,0,0.14672015311644593,0,0.38358025602831813,novalia-demo-1,2026-02-01,test_independant_synthetique,0.0
NOV-00402,mensuel,44.34,0,0.01060744154202452,0,0.38358025602831813,novalia-demo-1,2026-02-01,test_independant_synthetique,0.47
NOV-03914,mensuel,65.1,0,0.2658489920224686,0,0.38358025602831813,novalia-demo-1,2026-02-01,test_independant_synthetique,17.31
NOV-02542,mensuel,25.64,0,0.22694843566187306,0,0.38358025602831813,novalia-demo-1,2026-02-01,test_independant_synthetique,5.82
NOV-00232,mensuel,136.31,0,0.4171328902543222,1,0.38358025602831813,novalia-demo-1,2026-02-01,test_independant_synthetique,56.86
NOV-00480,annuel,20.12,0,0.019524879717509883,0,0.38358025602831813,novalia-demo-1,2026-02-01,test_independant_synthetique,0.39
NOV-01369,annuel,44.86,0,0.00677536775088675,0,0.38358025602831813,novalia-demo-1,2026-02-01,test_independant_synthetique,0.3
NOV-00313,annuel,126.18,0,0.08134047039471397,0,0.38358025602831813,novalia-demo-1,2026-02-01,test_independant_synthetique,10.26
NOV-03252,mensuel,148.55,1,0.7744944461467721,1,0.38358025602831813,novalia-demo-1,2026-02-01,test_independant_synthetique,115.05
NOV-04118,mensuel,126.04,0,0.23241487427746366,0,0.38358025602831813,novalia-demo-1,2026-02-01,test_independant_synthetique,29.29
NOV-03358,mensuel,106.92,0,0.09065359288111298,0,0.38358025602831813,novalia-demo-1,2026-02-01,test_independant_synthetique,9.69
NOV-01292,mensuel,30.66,0,0.029018396867205094,0,0.38358025602831813,novalia-demo-1,2026-02-01,test_independant_synthetique,0.89
NOV-04044,mensuel,67.24,0,0.11397736098097183,0,0.38358025602831813,novalia-demo-1,2026-02-01,test_independant_synthetique,7.66
NOV-00341,annuel,84.48,0,0.03959591049222232,0,0.38358025602831813,novalia-demo-1,2026-02-01,test_independant_synthetique,3.35
NOV-00141,mensuel,137.52,0,0.3680686533620157,0,0.38358025602831813,novalia-demo-1,2026-02-01,test_independant_synthetique,50.62
NOV-04716,mensuel,69.96,0,0.18813086305283866,0,0.38358025602831813,novalia-demo-1,2026-02-01,test_independant_synthetique,13.16
NOV-01276,annuel,69.77,0,0.036699885443516614,0,0.38358025602831813,novalia-demo-1,2026-02-01,test_independant_synthetique,2.56
NOV-01528,bisannuel,23.36,0,0.014662662245705838,0,0.38358025602831813,novalia-demo-1,2026-02-01,test_independant_synthetique,0.34
NOV-02366,bisannuel,62.48,0,0.008649706386030616,0,0.38358025602831813,novalia-demo-1,2026-02-01,test_independant_synthetique,0.54
NOV-00230,mensuel,131.02,0,0.20569339516108545,0,0.38358025602831813,novalia-demo-1,2026-02-01,test_independant_synthetique,26.95
NOV-04801,mensuel,62.04,0,0.22776064776468086,0,0.38358025602831813,novalia-demo-1,2026-02-01,test_independant_synthetique,14.13
NOV-04721,bisannuel,146.3,0,0.1389057604574723,0,0.38358025602831813,novalia-demo-1,2026-02-01,test_independant_synthetique,20.32
NOV-02576,mensuel,29.47,0,0.062288001857366236,0,0.38358025602831813,novalia-demo-1,2026-02-01,test_independant_synthetique,1.84
NOV-02438,bisannuel,101.38,0,0.019883310102682517,0,0.38358025602831813,novalia-demo-1,2026-02-01,test_independant_synthetique,2.02
NOV-02884,mensuel,96.41,0,0.3930482592146923,1,0.38358025602831813,novalia-demo-1,2026-02-01,test_independant_synthetique,37.89
NOV-04376,mensuel,54.8,1,0.32644437585946806,0,0.38358025602831813,novalia-demo-1,2026-02-01,test_independant_synthetique,17.89
NOV-04338,mensuel,52.82,0,0.03572952619741596,0,0.38358025602831813,novalia-demo-1,2026-02-01,test_independant_synthetique,1.89
NOV-01860,mensuel,142.74,0,0.25824378332594,0,0.38358025602831813,novalia-demo-1,2026-02-01,test_independant_synthetique,36.86
NOV-00062,mensuel,111.9,0,0.33188701458436054,0,0.38358025602831813,novalia-demo-1,2026-02-01,test_independant_synthetique,37.14
NOV-00842,annuel,23.01,0,0.007102695611293404,0,0.38358025602831813,novalia-demo-1,2026-02-01,test_independant_synthetique,0.16
NOV-02880,mensuel,24.21,0,0.03968657006889349,0,0.38358025602831813,novalia-demo-1,2026-02-01,test_independant_synthetique,0.96
NOV-03312,bisannuel,56.88,0,0.020592171114991474,0,0.38358025602831813,novalia-demo-1,2026-02-01,test_independant_synthetique,1.17
NOV-01291,mensuel,41.05,0,0.2069554229345024,0,0.38358025602831813,novalia-demo-1,2026-02-01,test_independant_synthetique,8.5
NOV-02617,mensuel,120.86,1,0.6263708521972737,1,0.38358025602831813,novalia-demo-1,2026-02-01,test_independant_synthetique,75.7
NOV-04260,annuel,61.33,1,0.6887564032039385,1,0.38358025602831813,novalia-demo-1,2026-02-01,test_independant_synthetique,42.24
NOV-01530,annuel,123.82,0,0.22766366284621473,0,0.38358025602831813,novalia-demo-1,2026-02-01,test_independant_synthetique,28.19
NOV-03414,annuel,22.67,0,0.02274743939134014,0,0.38358025602831813,novalia-demo-1,2026-02-01,test_independant_synthetique,0.52
NOV-00442,mensuel,47.7,0,0.0203807812587,0,0.38358025602831813,novalia-demo-1,2026-02-01,test_independant_synthetique,0.97
NOV-01959,mensuel,40.06,0,0.13104103867054925,0,0.38358025602831813,novalia-demo-1,2026-02-01,test_independant_synthetique,5.25
NOV-02321,mensuel,142.3,1,0.1581083934274415,0,0.38358025602831813,novalia-demo-1,2026-02-01,test_independant_synthetique,22.5
NOV-03145,annuel,117.5,0,0.1316474200655206,0,0.38358025602831813,novalia-demo-1,2026-02-01,test_independant_synthetique,15.47
NOV-02805,annuel,100.21,0,0.02881004409938743,0,0.38358025602831813,novalia-demo-1,2026-02-01,test_independant_synthetique,2.89
NOV-04228,mensuel,139.16,0,0.1306066416673363,0,0.38358025602831813,novalia-demo-1,2026-02-01,test_independant_synthetique,18.18
NOV-02593,mensuel,76.26,0,0.08833970333533568,0,0.38358025602831813,novalia-demo-1,2026-02-01,test_independant_synthetique,6.74
NOV-04145,annuel,47.36,0,0.011414710813811136,0,0.38358025602831813,novalia-demo-1,2026-02-01,test_independant_synthetique,0.54
NOV-00534,annuel,43.68,0,0.00893114553735281,0,0.38358025602831813,novalia-demo-1,2026-02-01,test_independant_synthetique,0.39
NOV-03569,mensuel,90.17,1,0.31731226317260924,0,0.38358025602831813,novalia-demo-1,2026-02-01,test_independant_synthetique,28.61
NOV-02865,annuel,45.34,0,0.06193670436079311,0,0.38358025602831813,novalia-demo-1,2026-02-01,test_independant_synthetique,2.81
NOV-02961,mensuel,106.09,0,0.567037739235425,1,0.38358025602831813,novalia-demo-1,2026-02-01,test_independant_synthetique,60.16
NOV-02810,mensuel,102.62,0,0.2966072715461861,0,0.38358025602831813,novalia-demo-1,2026-02-01,test_independant_synthetique,30.44
NOV-02850,annuel,128.36,0,0.19240314795825295,0,0.38358025602831813,novalia-demo-1,2026-02-01,test_independant_synthetique,24.7
NOV-04814,mensuel,116.7,0,0.2687533605822685,0,0.38358025602831813,novalia-demo-1,2026-02-01,test_independant_synthetique,31.36
NOV-00537,mensuel,91.7,1,0.25283459190767676,0,0.38358025602831813,novalia-demo-1,2026-02-01,test_independant_synthetique,23.18
NOV-01731,annuel,,1,0.08520737024205557,0,0.38358025602831813,novalia-demo-1,2026-02-01,test_independant_synthetique,0.0
NOV-01375,annuel,26.04,0,0.04477725459107603,0,0.38358025602831813,novalia-demo-1,2026-02-01,test_independant_synthetique,1.17
NOV-04342,mensuel,55.93,0,0.10614644164507044,0,0.38358025602831813,novalia-demo-1,2026-02-01,test_independant_synthetique,5.94
NOV-00863,annuel,87.53,0,0.18886837671035125,0,0.38358025602831813,novalia-demo-1,2026-02-01,test_independant_synthetique,16.53
NOV-00632,mensuel,42.54,1,0.2624390077204328,0,0.38358025602831813,novalia-demo-1,2026-02-01,test_independant_synthetique,11.16
NOV-01412,mensuel,45.08,0,0.047617257785365956,0,0.38358025602831813,novalia-demo-1,2026-02-01,test_independant_synthetique,2.15
NOV-01027,mensuel,79.03,0,0.28487608813875326,0,0.38358025602831813,novalia-demo-1,2026-02-01,test_independant_synthetique,22.51
NOV-02809,annuel,77.42,0,0.09500124286957147,0,0.38358025602831813,novalia-demo-1,2026-02-01,test_independant_synthetique,7.35
NOV-04505,mensuel,30.98,0,0.09021168948210623,0,0.38358025602831813,novalia-demo-1,2026-02-01,test_independant_synthetique,2.79
NOV-00642,annuel,139.45,0,0.1491630895754806,0,0.38358025602831813,novalia-demo-1,2026-02-01,test_independant_synthetique,20.8
NOV-03038,mensuel,39.14,0,0.018891199087886293,0,0.38358025602831813,novalia-demo-1,2026-02-01,test_independant_synthetique,0.74
NOV-00650,bisannuel,38.52,0,0.0185668207403756,0,0.38358025602831813,novalia-demo-1,2026-02-01,test_independant_synthetique,0.72
NOV-04141,mensuel,117.31,0,0.4689387959295103,1,0.38358025602831813,novalia-demo-1,2026-02-01,test_independant_synthetique,55.01
NOV-00185,mensuel,75.82,0,0.1520199276599966,0,0.38358025602831813,novalia-demo-1,2026-02-01,test_independant_synthetique,11.53
NOV-03897,annuel,107.13,0,0.03784303803504064,0,0.38358025602831813,novalia-demo-1,2026-02-01,test_independant_synthetique,4.05
NOV-01059,mensuel,,0,0.47794594285572123,1,0.38358025602831813,novalia-demo-1,2026-02-01,test_independant_synthetique,0.0
NOV-03202,mensuel,61.3,0,0.6364706601229332,1,0.38358025602831813,novalia-demo-1,2026-02-01,test_independant_synthetique,39.02
NOV-02319,bisannuel,,0,0.1189392092832463,0,0.38358025602831813,novalia-demo-1,2026-02-01,test_independant_synthetique,0.0
NOV-03875,mensuel,104.81,0,0.2024695787482186,0,0.38358025602831813,novalia-demo-1,2026-02-01,test_independant_synthetique,21.22
NOV-04673,annuel,51.66,0,0.05412457278758758,0,0.38358025602831813,novalia-demo-1,2026-02-01,test_independant_synthetique,2.8
NOV-01298,annuel,82.72,1,0.06010630474555168,0,0.38358025602831813,novalia-demo-1,2026-02-01,test_independant_synthetique,4.97
NOV-04569,mensuel,88.32,1,0.1702218466063904,0,0.38358025602831813,novalia-demo-1,2026-02-01,test_independant_synthetique,15.03
NOV-04412,annuel,26.36,0,0.050837166496578566,0,0.38358025602831813,novalia-demo-1,2026-02-01,test_independant_synthetique,1.34
NOV-03297,annuel,97.5,0,0.08827553378949289,0,0.38358025602831813,novalia-demo-1,2026-02-01,test_independant_synthetique,8.61
NOV-03765,bisannuel,58.19,0,0.010964569423061024,0,0.38358025602831813,novalia-demo-1,2026-02-01,test_independant_synthetique,0.64
NOV-00681,mensuel,20.25,0,0.01415728448379184,0,0.38358025602831813,novalia-demo-1,2026-02-01,test_independant_synthetique,0.29
NOV-04662,mensuel,46.9,1,0.3134239102311786,0,0.38358025602831813,novalia-demo-1,2026-02-01,test_independant_synthetique,14.7
NOV-04517,mensuel,97.75,1,0.25735676690311005,0,0.38358025602831813,novalia-demo-1,2026-02-01,test_independant_synthetique,25.16
NOV-01942,mensuel,68.78,1,0.1091541506737188,0,0.38358025602831813,novalia-demo-1,2026-02-01,test_independant_synthetique,7.51
NOV-01973,mensuel,31.57,0,0.028381509845017135,0,0.38358025602831813,novalia-demo-1,2026-02-01,test_independant_synthetique,0.9
NOV-04212,mensuel,74.44,0,0.08021429771798004,0,0.38358025602831813,novalia-demo-1,2026-02-01,test_independant_synthetique,5.97
NOV-03094,annuel,26.03,0,0.03595499373509992,0,0.38358025602831813,novalia-demo-1,2026-02-01,test_independant_synthetique,0.94
NOV-00716,mensuel,43.67,1,0.32724592572014305,0,0.38358025602831813,novalia-demo-1,2026-02-01,test_independant_synthetique,14.29
NOV-03833,mensuel,47.42,0,0.055456710980579214,0,0.38358025602831813,novalia-demo-1,2026-02-01,test_independant_synthetique,2.63
NOV-04964,annuel,68.46,0,0.05774301584716425,0,0.38358025602831813,novalia-demo-1,2026-02-01,test_independant_synthetique,3.95
NOV-01684,mensuel,75.57,0,0.21547824102154753,0,0.38358025602831813,novalia-demo-1,2026-02-01,test_independant_synthetique,16.28
NOV-00222,bisannuel,95.19,0,0.012612182514046996,0,0.38358025602831813,novalia-demo-1,2026-02-01,test_independant_synthetique,1.2
NOV-04737,annuel,142.48,0,0.1412307238010219,0,0.38358025602831813,novalia-demo-1,2026-02-01,test_independant_synthetique,20.12
NOV-00174,mensuel,37.51,0,0.0696495189432789,0,0.38358025602831813,novalia-demo-1,2026-02-01,test_independant_synthetique,2.61
NOV-02183,annuel,105.17,0,0.11588069941139537,0,0.38358025602831813,novalia-demo-1,2026-02-01,test_independant_synthetique,12.19
NOV-04786,mensuel,132.69,0,0.490329858081469,1,0.38358025602831813,novalia-demo-1,2026-02-01,test_independant_synthetique,65.06
NOV-02416,annuel,23.18,0,0.013523021879552653,0,0.38358025602831813,novalia-demo-1,2026-02-01,test_independant_synthetique,0.31
NOV-03118,mensuel,44.35,0,0.1726936024236367,0,0.38358025602831813,novalia-demo-1,2026-02-01,test_independant_synthetique,7.66
NOV-01392,mensuel,125.84,0,0.29867465691312034,0,0.38358025602831813,novalia-demo-1,2026-02-01,test_independant_synthetique,37.59
NOV-00679,annuel,147.92,0,0.5250993255582959,1,0.38358025602831813,novalia-demo-1,2026-02-01,test_independant_synthetique,77.67
NOV-03926,mensuel,19.62,1,0.05252745291306854,0,0.38358025602831813,novalia-demo-1,2026-02-01,test_independant_synthetique,1.03
NOV-01137,mensuel,88.31,0,0.08074983310234353,0,0.38358025602831813,novalia-demo-1,2026-02-01,test_independant_synthetique,7.13
NOV-01047,annuel,118.24,0,0.17206074523581072,0,0.38358025602831813,novalia-demo-1,2026-02-01,test_independant_synthetique,20.34
NOV-03421,mensuel,58.44,1,0.36390981286766644,0,0.38358025602831813,novalia-demo-1,2026-02-01,test_independant_synthetique,21.27
NOV-04390,bisannuel,115.15,0,0.15518778965507354,0,0.38358025602831813,novalia-demo-1,2026-02-01,test_independant_synthetique,17.87
NOV-03149,annuel,61.44,0,0.19921794145229874,0,0.38358025602831813,novalia-demo-1,2026-02-01,test_independant_synthetique,12.24
NOV-00258,annuel,134.9,0,0.04873231290449903,0,0.38358025602831813,novalia-demo-1,2026-02-01,test_independant_synthetique,6.57
NOV-00828,bisannuel,135.21,0,0.04376465411746326,0,0.38358025602831813,novalia-demo-1,2026-02-01,test_independant_synthetique,5.92
NOV-04148,mensuel,85.54,0,0.1683905545736645,0,0.38358025602831813,novalia-demo-1,2026-02-01,test_independant_synthetique,14.4
NOV-02934,mensuel,35.04,0,0.2810975356416822,0,0.38358025602831813,novalia-demo-1,2026-02-01,test_independant_synthetique,9.85
NOV-00054,annuel,77.3,0,0.20370950388997686,0,0.38358025602831813,novalia-demo-1,2026-02-01,test_independant_synthetique,15.75
NOV-02070,mensuel,108.34,1,0.22725613881724718,0,0.38358025602831813,novalia-demo-1,2026-02-01,test_independant_synthetique,24.62
NOV-03750,mensuel,22.43,0,0.157121603663932,0,0.38358025602831813,novalia-demo-1,2026-02-01,test_independant_synthetique,3.52
NOV-03979,annuel,57.54,0,0.06775445003567025,0,0.38358025602831813,novalia-demo-1,2026-02-01,test_independant_synthetique,3.9
NOV-02665,mensuel,124.69,0,0.14015435058641285,0,0.38358025602831813,novalia-demo-1,2026-02-01,test_independant_synthetique,17.48
NOV-02420,mensuel,27.27,1,0.28177499134862105,0,0.38358025602831813,novalia-demo-1,2026-02-01,test_independant_synthetique,7.68
NOV-03707,bisannuel,144.72,1,0.06705377809479739,0,0.38358025602831813,novalia-demo-1,2026-02-01,test_independant_synthetique,9.7
NOV-03932,mensuel,36.01,0,0.04963138233571118,0,0.38358025602831813,novalia-demo-1,2026-02-01,test_independant_synthetique,1.79
NOV-00726,mensuel,143.52,0,0.2537326649227463,0,0.38358025602831813,novalia-demo-1,2026-02-01,test_independant_synthetique,36.42
NOV-04130,annuel,21.86,0,0.022899731283435677,0,0.38358025602831813,novalia-demo-1,2026-02-01,test_independant_synthetique,0.5
NOV-03612,mensuel,114.6,0,0.10416098594161083,0,0.38358025602831813,novalia-demo-1,2026-02-01,test_independant_synthetique,11.94
NOV-03345,mensuel,98.56,1,0.3298034403106372,0,0.38358025602831813,novalia-demo-1,2026-02-01,test_independant_synthetique,32.51
NOV-03240,mensuel,,0,0.0632214998096185,0,0.38358025602831813,novalia-demo-1,2026-02-01,test_independant_synthetique,0.0
NOV-01446,annuel,76.94,0,0.05144949428564829,0,0.38358025602831813,novalia-demo-1,2026-02-01,test_independant_synthetique,3.96
NOV-04401,mensuel,33.78,1,0.14891754041280506,0,0.38358025602831813,novalia-demo-1,2026-02-01,test_independant_synthetique,5.03
NOV-02838,mensuel,30.14,0,0.03344894904623711,0,0.38358025602831813,novalia-demo-1,2026-02-01,test_independant_synthetique,1.01
NOV-01252,annuel,144.58,0,0.14064876297626597,0,0.38358025602831813,novalia-demo-1,2026-02-01,test_independant_synthetique,20.33
NOV-01512,mensuel,25.52,0,0.04660272415104812,0,0.38358025602831813,novalia-demo-1,2026-02-01,test_independant_synthetique,1.19
NOV-03341,mensuel,142.63,1,0.459173534791203,1,0.38358025602831813,novalia-demo-1,2026-02-01,test_independant_synthetique,65.49
NOV-01940,mensuel,71.07,1,0.19361483906461502,0,0.38358025602831813,novalia-demo-1,2026-02-01,test_independant_synthetique,13.76
NOV-03319,mensuel,89.24,0,0.07924228789210688,0,0.38358025602831813,novalia-demo-1,2026-02-01,test_independant_synthetique,7.07
NOV-02379,bisannuel,74.88,0,0.058489842969434234,0,0.38358025602831813,novalia-demo-1,2026-02-01,test_independant_synthetique,4.38
NOV-02496,annuel,137.31,0,0.3955105611855478,1,0.38358025602831813,novalia-demo-1,2026-02-01,test_independant_synthetique,54.31
NOV-04345,mensuel,126.1,0,0.5598477224981285,1,0.38358025602831813,novalia-demo-1,2026-02-01,test_independant_synthetique,70.6
NOV-00440,annuel,86.83,1,0.5408604140061539,1,0.38358025602831813,novalia-demo-1,2026-02-01,test_independant_synthetique,46.96
NOV-00438,mensuel,111.07,0,0.4212640046165326,1,0.38358025602831813,novalia-demo-1,2026-02-01,test_independant_synthetique,46.79
NOV-04017,mensuel,42.66,0,0.3074842438563987,0,0.38358025602831813,novalia-demo-1,2026-02-01,test_independant_synthetique,13.12
NOV-03055,bisannuel,50.96,1,0.15853077837160473,0,0.38358025602831813,novalia-demo-1,2026-02-01,test_independant_synthetique,8.08
NOV-03598,annuel,87.31,0,0.00811865100053681,0,0.38358025602831813,novalia-demo-1,2026-02-01,test_independant_synthetique,0.71
NOV-03451,bisannuel,89.31,0,0.01862335226478339,0,0.38358025602831813,novalia-demo-1,2026-02-01,test_independant_synthetique,1.66
NOV-01990,bisannuel,131.99,0,0.09179119074576209,0,0.38358025602831813,novalia-demo-1,2026-02-01,test_independant_synthetique,12.12
NOV-03322,annuel,53.77,0,0.013089980574715126,0,0.38358025602831813,novalia-demo-1,2026-02-01,test_independant_synthetique,0.7
NOV-01525,mensuel,60.03,0,0.015369655554896755,0,0.38358025602831813,novalia-demo-1,2026-02-01,test_independant_synthetique,0.92
NOV-00302,annuel,71.07,0,0.05290382857752846,0,0.38358025602831813,novalia-demo-1,2026-02-01,test_independant_synthetique,3.76
NOV-01188,bisannuel,77.57,0,0.09503567578957196,0,0.38358025602831813,novalia-demo-1,2026-02-01,test_independant_synthetique,7.37
NOV-00176,mensuel,99.13,0,0.09990153446308087,0,0.38358025602831813,novalia-demo-1,2026-02-01,test_independant_synthetique,9.9
NOV-03508,bisannuel,121.79,0,0.27877769355118753,0,0.38358025602831813,novalia-demo-1,2026-02-01,test_independant_synthetique,33.95
NOV-04409,mensuel,37.58,0,0.006844019148422998,0,0.38358025602831813,novalia-demo-1,2026-02-01,test_independant_synthetique,0.26
NOV-01570,mensuel,83.84,0,0.06524576265571266,0,0.38358025602831813,novalia-demo-1,2026-02-01,test_independant_synthetique,5.47
NOV-02893,annuel,48.7,0,0.03128519789463254,0,0.38358025602831813,novalia-demo-1,2026-02-01,test_independant_synthetique,1.52
NOV-03367,annuel,98.87,0,0.061206004436149763,0,0.38358025602831813,novalia-demo-1,2026-02-01,test_independant_synthetique,6.05
NOV-01670,mensuel,27.09,0,0.04583206985274981,0,0.38358025602831813,novalia-demo-1,2026-02-01,test_independant_synthetique,1.24
NOV-00649,mensuel,26.94,0,0.0612018782612562,0,0.38358025602831813,novalia-demo-1,2026-02-01,test_independant_synthetique,1.65
NOV-02872,annuel,64.42,0,0.11703452287809381,0,0.38358025602831813,novalia-demo-1,2026-02-01,test_independant_synthetique,7.54
NOV-00454,mensuel,81.51,0,0.30019158916914246,0,0.38358025602831813,novalia-demo-1,2026-02-01,test_independant_synthetique,24.47
NOV-00783,annuel,70.82,0,0.03302259288922852,0,0.38358025602831813,novalia-demo-1,2026-02-01,test_independant_synthetique,2.34
NOV-00071,bisannuel,147.23,0,0.021870715258981436,0,0.38358025602831813,novalia-demo-1,2026-02-01,test_independant_synthetique,3.22
NOV-02843,mensuel,142.81,1,0.22933080428910185,0,0.38358025602831813,novalia-demo-1,2026-02-01,test_independant_synthetique,32.75
NOV-02125,annuel,42.83,0,0.06302731172197892,0,0.38358025602831813,novalia-demo-1,2026-02-01,test_independant_synthetique,2.7
NOV-02341,mensuel,64.65,0,0.04442631953322146,0,0.38358025602831813,novalia-demo-1,2026-02-01,test_independant_synthetique,2.87
NOV-00956,mensuel,138.93,1,0.7649875763978627,1,0.38358025602831813,novalia-demo-1,2026-02-01,test_independant_synthetique,106.28
NOV-01328,mensuel,145.62,0,0.11112138772722473,0,0.38358025602831813,novalia-demo-1,2026-02-01,test_independant_synthetique,16.18
NOV-01916,annuel,118.24,0,0.12116786575840095,0,0.38358025602831813,novalia-demo-1,2026-02-01,test_independant_synthetique,14.33
NOV-03826,mensuel,142.6,1,0.33688303386342366,0,0.38358025602831813,novalia-demo-1,2026-02-01,test_independant_synthetique,48.04
NOV-04741,bisannuel,82.24,0,0.025057421523799216,0,0.38358025602831813,novalia-demo-1,2026-02-01,test_independant_synthetique,2.06
NOV-01023,mensuel,75.36,0,0.0779405075543031,0,0.38358025602831813,novalia-demo-1,2026-02-01,test_independant_synthetique,5.87
NOV-03204,mensuel,144.33,0,0.6134047393093942,1,0.38358025602831813,novalia-demo-1,2026-02-01,test_independant_synthetique,88.53
NOV-00709,bisannuel,111.54,0,0.12254537823442264,0,0.38358025602831813,novalia-demo-1,2026-02-01,test_independant_synthetique,13.67
NOV-02266,mensuel,46.14,0,0.14988728140784638,0,0.38358025602831813,novalia-demo-1,2026-02-01,test_independant_synthetique,6.92
NOV-04378,annuel,22.7,0,0.012142373081328246,0,0.38358025602831813,novalia-demo-1,2026-02-01,test_independant_synthetique,0.28
NOV-04724,mensuel,146.22,0,0.11183819589051362,0,0.38358025602831813,novalia-demo-1,2026-02-01,test_independant_synthetique,16.35
NOV-01420,bisannuel,109.92,0,0.05151995003873018,0,0.38358025602831813,novalia-demo-1,2026-02-01,test_independant_synthetique,5.66
NOV-03940,annuel,40.0,0,0.502586648496704,1,0.38358025602831813,novalia-demo-1,2026-02-01,test_independant_synthetique,20.1
NOV-02799,mensuel,94.2,1,0.5248798301739397,1,0.38358025602831813,novalia-demo-1,2026-02-01,test_independant_synthetique,49.44
NOV-01852,annuel,101.05,0,0.12205106376514199,0,0.38358025602831813,novalia-demo-1,2026-02-01,test_independant_synthetique,12.33
NOV-03661,mensuel,40.53,0,0.029928709891416883,0,0.38358025602831813,novalia-demo-1,2026-02-01,test_independant_synthetique,1.21
NOV-01907,mensuel,73.65,0,0.16748944354379047,0,0.38358025602831813,novalia-demo-1,2026-02-01,test_independant_synthetique,12.34
NOV-02455,mensuel,65.53,1,0.22825843302186688,0,0.38358025602831813,novalia-demo-1,2026-02-01,test_independant_synthetique,14.96
NOV-01030,bisannuel,119.56,0,0.08178311636807648,0,0.38358025602831813,novalia-demo-1,2026-02-01,test_independant_synthetique,9.78
NOV-01563,bisannuel,44.6,0,0.04277841316761737,0,0.38358025602831813,novalia-demo-1,2026-02-01,test_independant_synthetique,1.91
NOV-00338,mensuel,101.44,0,0.15772924088344836,0,0.38358025602831813,novalia-demo-1,2026-02-01,test_independant_synthetique,16.0
NOV-01287,bisannuel,144.88,0,0.13394397645512948,0,0.38358025602831813,novalia-demo-1,2026-02-01,test_independant_synthetique,19.41
NOV-03355,mensuel,104.71,1,0.69165931619132,1,0.38358025602831813,novalia-demo-1,2026-02-01,test_independant_synthetique,72.42
NOV-01493,bisannuel,44.31,0,0.013638934610937918,0,0.38358025602831813,novalia-demo-1,2026-02-01,test_independant_synthetique,0.6
NOV-02693,mensuel,54.88,0,0.2658684418100296,0,0.38358025602831813,novalia-demo-1,2026-02-01,test_independant_synthetique,14.59
NOV-01327,annuel,47.95,0,0.11728736567130035,0,0.38358025602831813,novalia-demo-1,2026-02-01,test_independant_synthetique,5.62
NOV-00277,mensuel,116.76,1,0.5011077209272446,1,0.38358025602831813,novalia-demo-1,2026-02-01,test_independant_synthetique,58.51
NOV-01341,annuel,75.68,1,0.3631533637151965,0,0.38358025602831813,novalia-demo-1,2026-02-01,test_independant_synthetique,27.48
NOV-01246,bisannuel,92.44,0,0.06950243311268674,0,0.38358025602831813,novalia-demo-1,2026-02-01,test_independant_synthetique,6.42
NOV-00731,bisannuel,132.07,0,0.045452687317687514,0,0.38358025602831813,novalia-demo-1,2026-02-01,test_independant_synthetique,6.0
NOV-04781,annuel,70.9,0,0.1428623095206021,0,0.38358025602831813,novalia-demo-1,2026-02-01,test_independant_synthetique,10.13
NOV-01006,annuel,73.09,1,0.15790693621187196,0,0.38358025602831813,novalia-demo-1,2026-02-01,test_independant_synthetique,11.54
NOV-04003,annuel,128.6,0,0.10066940154805809,0,0.38358025602831813,novalia-demo-1,2026-02-01,test_independant_synthetique,12.95
NOV-02191,annuel,139.75,0,0.0677131267676326,0,0.38358025602831813,novalia-demo-1,2026-02-01,test_independant_synthetique,9.46
NOV-04512,annuel,103.47,0,0.038526426924319325,0,0.38358025602831813,novalia-demo-1,2026-02-01,test_independant_synthetique,3.99
NOV-00779,annuel,136.2,1,0.44900246683837364,1,0.38358025602831813,novalia-demo-1,2026-02-01,test_independant_synthetique,61.15
NOV-04603,bisannuel,20.03,0,0.02549933692305967,0,0.38358025602831813,novalia-demo-1,2026-02-01,test_independant_synthetique,0.51
NOV-00336,annuel,94.22,0,0.13901429963889464,0,0.38358025602831813,novalia-demo-1,2026-02-01,test_independant_synthetique,13.1
NOV-03002,mensuel,44.44,0,0.13388646116466166,0,0.38358025602831813,novalia-demo-1,2026-02-01,test_independant_synthetique,5.95
NOV-04669,mensuel,89.48,0,0.03305611452406007,0,0.38358025602831813,novalia-demo-1,2026-02-01,test_independant_synthetique,2.96
NOV-04527,mensuel,65.71,0,0.13104439487652494,0,0.38358025602831813,novalia-demo-1,2026-02-01,test_independant_synthetique,8.61
NOV-04398,mensuel,137.56,1,0.34495385218218966,0,0.38358025602831813,novalia-demo-1,2026-02-01,test_independant_synthetique,47.45
NOV-00411,annuel,34.97,0,0.23561084127365192,0,0.38358025602831813,novalia-demo-1,2026-02-01,test_independant_synthetique,8.24
NOV-01568,bisannuel,32.49,0,0.017837692908734347,0,0.38358025602831813,novalia-demo-1,2026-02-01,test_independant_synthetique,0.58
NOV-00179,mensuel,35.23,1,0.11753861731183014,0,0.38358025602831813,novalia-demo-1,2026-02-01,test_independant_synthetique,4.14
NOV-02694,mensuel,45.09,0,0.06354828922208532,0,0.38358025602831813,novalia-demo-1,2026-02-01,test_independant_synthetique,2.87
NOV-00478,mensuel,53.91,0,0.06954557797547613,0,0.38358025602831813,novalia-demo-1,2026-02-01,test_independant_synthetique,3.75
NOV-03969,mensuel,92.18,0,0.11884241092706418,0,0.38358025602831813,novalia-demo-1,2026-02-01,test_independant_synthetique,10.95
NOV-04031,mensuel,54.15,0,0.333707416192024,0,0.38358025602831813,novalia-demo-1,2026-02-01,test_independant_synthetique,18.07
NOV-01798,mensuel,85.4,0,0.16841655491919397,0,0.38358025602831813,novalia-demo-1,2026-02-01,test_independant_synthetique,14.38
NOV-01845,mensuel,97.8,0,0.26924268163905274,0,0.38358025602831813,novalia-demo-1,2026-02-01,test_independant_synthetique,26.33
NOV-04693,mensuel,24.65,0,0.05098587716566824,0,0.38358025602831813,novalia-demo-1,2026-02-01,test_independant_synthetique,1.26
NOV-00520,mensuel,144.68,0,0.3877583723119238,1,0.38358025602831813,novalia-demo-1,2026-02-01,test_independant_synthetique,56.1
NOV-02939,annuel,145.45,1,0.4626660441120888,1,0.38358025602831813,novalia-demo-1,2026-02-01,test_independant_synthetique,67.29
NOV-03606,mensuel,95.52,1,0.7221430187921142,1,0.38358025602831813,novalia-demo-1,2026-02-01,test_independant_synthetique,68.98
NOV-04972,mensuel,100.06,0,0.11406458805348046,0,0.38358025602831813,novalia-demo-1,2026-02-01,test_independant_synthetique,11.41
NOV-01866,annuel,133.91,0,0.04993701867643598,0,0.38358025602831813,novalia-demo-1,2026-02-01,test_independant_synthetique,6.69
NOV-02679,annuel,52.05,0,0.14868225748632505,0,0.38358025602831813,novalia-demo-1,2026-02-01,test_independant_synthetique,7.74
NOV-01638,mensuel,22.23,0,0.08451559988993465,0,0.38358025602831813,novalia-demo-1,2026-02-01,test_independant_synthetique,1.88
NOV-04549,bisannuel,134.12,0,0.02991553177161849,0,0.38358025602831813,novalia-demo-1,2026-02-01,test_independant_synthetique,4.01
NOV-04729,mensuel,41.28,0,0.06103020098468094,0,0.38358025602831813,novalia-demo-1,2026-02-01,test_independant_synthetique,2.52
NOV-04313,mensuel,,0,0.09310625833232813,0,0.38358025602831813,novalia-demo-1,2026-02-01,test_independant_synthetique,0.0
NOV-03310,annuel,64.46,0,0.006358893398643792,0,0.38358025602831813,novalia-demo-1,2026-02-01,test_independant_synthetique,0.41
NOV-04112,mensuel,124.47,0,0.18506064762804186,0,0.38358025602831813,novalia-demo-1,2026-02-01,test_independant_synthetique,23.03
NOV-03729,mensuel,144.71,0,0.08261620636098671,0,0.38358025602831813,novalia-demo-1,2026-02-01,test_independant_synthetique,11.96
NOV-03276,mensuel,24.58,0,0.03697435877948382,0,0.38358025602831813,novalia-demo-1,2026-02-01,test_independant_synthetique,0.91
NOV-04051,mensuel,144.02,0,0.13422650013721052,0,0.38358025602831813,novalia-demo-1,2026-02-01,test_independant_synthetique,19.33
NOV-02469,mensuel,40.53,0,0.0474323027532715,0,0.38358025602831813,novalia-demo-1,2026-02-01,test_independant_synthetique,1.92
NOV-03592,mensuel,29.78,0,0.2814484933738384,0,0.38358025602831813,novalia-demo-1,2026-02-01,test_independant_synthetique,8.38
NOV-03430,bisannuel,78.64,1,0.12298802860917904,0,0.38358025602831813,novalia-demo-1,2026-02-01,test_independant_synthetique,9.67
NOV-04105,mensuel,125.52,0,0.2069062417202395,0,0.38358025602831813,novalia-demo-1,2026-02-01,test_independant_synthetique,25.97
NOV-00827,annuel,78.96,0,0.31157243971400117,0,0.38358025602831813,novalia-demo-1,2026-02-01,test_independant_synthetique,24.6
NOV-03313,annuel,120.39,0,0.24482261875525768,0,0.38358025602831813,novalia-demo-1,2026-02-01,test_independant_synthetique,29.47
NOV-01765,annuel,133.37,0,0.06814474397107817,0,0.38358025602831813,novalia-demo-1,2026-02-01,test_independant_synthetique,9.09
NOV-00273,mensuel,47.28,0,0.18021329912609876,0,0.38358025602831813,novalia-demo-1,2026-02-01,test_independant_synthetique,8.52
NOV-04952,bisannuel,75.39,0,0.05079036831944898,0,0.38358025602831813,novalia-demo-1,2026-02-01,test_independant_synthetique,3.83
NOV-03366,annuel,118.92,0,0.0407293960911199,0,0.38358025602831813,novalia-demo-1,2026-02-01,test_independant_synthetique,4.84
NOV-04667,annuel,113.69,0,0.39722660347132516,1,0.38358025602831813,novalia-demo-1,2026-02-01,test_independant_synthetique,45.16
NOV-04267,mensuel,56.27,0,0.08332732900420653,0,0.38358025602831813,novalia-demo-1,2026-02-01,test_independant_synthetique,4.69
NOV-00620,annuel,119.46,0,0.5340240250130147,1,0.38358025602831813,novalia-demo-1,2026-02-01,test_independant_synthetique,63.79
NOV-01874,annuel,21.31,0,0.039004605228619545,0,0.38358025602831813,novalia-demo-1,2026-02-01,test_independant_synthetique,0.83
NOV-04073,bisannuel,91.58,0,0.056627193895338046,0,0.38358025602831813,novalia-demo-1,2026-02-01,test_independant_synthetique,5.19
NOV-03966,mensuel,50.61,0,0.39583946478197635,1,0.38358025602831813,novalia-demo-1,2026-02-01,test_independant_synthetique,20.03
NOV-04609,bisannuel,23.2,0,0.0974413613594391,0,0.38358025602831813,novalia-demo-1,2026-02-01,test_independant_synthetique,2.26
NOV-04639,mensuel,112.26,0,0.06262746142698405,0,0.38358025602831813,novalia-demo-1,2026-02-01,test_independant_synthetique,7.03
NOV-04481,bisannuel,119.53,0,0.18513212540115298,0,0.38358025602831813,novalia-demo-1,2026-02-01,test_independant_synthetique,22.13
NOV-03058,mensuel,31.46,0,0.023748928242749944,0,0.38358025602831813,novalia-demo-1,2026-02-01,test_independant_synthetique,0.75
NOV-00522,mensuel,104.82,1,0.461134270983557,1,0.38358025602831813,novalia-demo-1,2026-02-01,test_independant_synthetique,48.34
NOV-00587,mensuel,81.17,0,0.03085946071556664,0,0.38358025602831813,novalia-demo-1,2026-02-01,test_independant_synthetique,2.5
NOV-02290,annuel,87.4,0,0.1941759063205504,0,0.38358025602831813,novalia-demo-1,2026-02-01,test_independant_synthetique,16.97
NOV-01039,mensuel,90.2,1,0.6924088964497276,1,0.38358025602831813,novalia-demo-1,2026-02-01,test_independant_synthetique,62.46
NOV-01676,mensuel,70.25,0,0.06255015236255108,0,0.38358025602831813,novalia-demo-1,2026-02-01,test_independant_synthetique,4.39
NOV-03395,bisannuel,33.38,0,0.0063343413929892204,0,0.38358025602831813,novalia-demo-1,2026-02-01,test_independant_synthetique,0.21
NOV-02591,mensuel,49.16,0,0.03533819210077613,0,0.38358025602831813,novalia-demo-1,2026-02-01,test_independant_synthetique,1.74
NOV-00344,mensuel,19.55,0,0.03465849681285211,0,0.38358025602831813,novalia-demo-1,2026-02-01,test_independant_synthetique,0.68
NOV-02667,annuel,119.84,0,0.1099780873894974,0,0.38358025602831813,novalia-demo-1,2026-02-01,test_independant_synthetique,13.18
NOV-01917,mensuel,52.47,0,0.11271392766330406,0,0.38358025602831813,novalia-demo-1,2026-02-01,test_independant_synthetique,5.91
NOV-00576,mensuel,27.59,0,0.09589738698770145,0,0.38358025602831813,novalia-demo-1,2026-02-01,test_independant_synthetique,2.65
NOV-00155,annuel,83.73,0,0.04964684414646571,0,0.38358025602831813,novalia-demo-1,2026-02-01,test_independant_synthetique,4.16
NOV-01026,mensuel,54.73,0,0.03319778757305723,0,0.38358025602831813,novalia-demo-1,2026-02-01,test_independant_synthetique,1.82
NOV-02049,annuel,39.28,0,0.1041841367845744,0,0.38358025602831813,novalia-demo-1,2026-02-01,test_independant_synthetique,4.09
NOV-00399,mensuel,140.92,0,0.15670765565955252,0,0.38358025602831813,novalia-demo-1,2026-02-01,test_independant_synthetique,22.08
NOV-00286,annuel,134.09,0,0.12659213679163803,0,0.38358025602831813,novalia-demo-1,2026-02-01,test_independant_synthetique,16.97
NOV-03325,annuel,86.84,0,0.0755958030486765,0,0.38358025602831813,novalia-demo-1,2026-02-01,test_independant_synthetique,6.56
NOV-01774,annuel,61.29,0,0.016940491356108485,0,0.38358025602831813,novalia-demo-1,2026-02-01,test_independant_synthetique,1.04
NOV-01709,annuel,30.28,0,0.008513149362629568,0,0.38358025602831813,novalia-demo-1,2026-02-01,test_independant_synthetique,0.26
NOV-01511,mensuel,136.06,1,0.3055600893721016,0,0.38358025602831813,novalia-demo-1,2026-02-01,test_independant_synthetique,41.57
NOV-03371,annuel,126.13,0,0.421645718189765,1,0.38358025602831813,novalia-demo-1,2026-02-01,test_independant_synthetique,53.18
NOV-04298,annuel,31.66,0,0.01606104141145048,0,0.38358025602831813,novalia-demo-1,2026-02-01,test_independant_synthetique,0.51
NOV-02103,annuel,73.76,0,0.05484780149549319,0,0.38358025602831813,novalia-demo-1,2026-02-01,test_independant_synthetique,4.05
NOV-01615,mensuel,138.15,1,0.21853081029851654,0,0.38358025602831813,novalia-demo-1,2026-02-01,test_independant_synthetique,30.19
NOV-03625,mensuel,120.27,0,0.1879262539967511,0,0.38358025602831813,novalia-demo-1,2026-02-01,test_independant_synthetique,22.6
NOV-01418,annuel,123.7,0,0.19806195923372433,0,0.38358025602831813,novalia-demo-1,2026-02-01,test_independant_synthetique,24.5
NOV-00254,mensuel,103.28,1,0.2996095495791863,0,0.38358025602831813,novalia-demo-1,2026-02-01,test_independant_synthetique,30.94
NOV-00144,mensuel,22.0,0,0.39807655325083735,1,0.38358025602831813,novalia-demo-1,2026-02-01,test_independant_synthetique,8.76
NOV-01226,mensuel,76.02,0,0.13684661376782475,0,0.38358025602831813,novalia-demo-1,2026-02-01,test_independant_synthetique,10.4
NOV-01769,mensuel,69.57,0,0.14457122472202028,0,0.38358025602831813,novalia-demo-1,2026-02-01,test_independant_synthetique,10.06
NOV-02403,mensuel,87.05,1,0.30981170520528706,0,0.38358025602831813,novalia-demo-1,2026-02-01,test_independant_synthetique,26.97
NOV-02830,mensuel,76.39,0,0.06682853983054154,0,0.38358025602831813,novalia-demo-1,2026-02-01,test_independant_synthetique,5.11
NOV-01157,mensuel,,0,0.11521081715625127,0,0.38358025602831813,novalia-demo-1,2026-02-01,test_independant_synthetique,0.0
NOV-01800,annuel,57.39,0,0.07204332575793844,0,0.38358025602831813,novalia-demo-1,2026-02-01,test_independant_synthetique,4.13
NOV-01128,annuel,37.97,0,0.19954512055756554,0,0.38358025602831813,novalia-demo-1,2026-02-01,test_independant_synthetique,7.58
NOV-04414,annuel,116.43,0,0.22280642634451123,0,0.38358025602831813,novalia-demo-1,2026-02-01,test_independant_synthetique,25.94
NOV-00630,mensuel,,0,0.03097646733620925,0,0.38358025602831813,novalia-demo-1,2026-02-01,test_independant_synthetique,0.0
NOV-02028,mensuel,110.69,0,0.4841166537677899,1,0.38358025602831813,novalia-demo-1,2026-02-01,test_independant_synthetique,53.59
NOV-00818,mensuel,34.53,0,0.1978110569698404,0,0.38358025602831813,novalia-demo-1,2026-02-01,test_independant_synthetique,6.83
NOV-02827,mensuel,126.94,1,0.3472971720437985,0,0.38358025602831813,novalia-demo-1,2026-02-01,test_independant_synthetique,44.09
NOV-03832,annuel,143.44,0,0.09274130708662176,0,0.38358025602831813,novalia-demo-1,2026-02-01,test_independant_synthetique,13.3
NOV-03789,mensuel,26.28,0,0.08656272044989329,0,0.38358025602831813,novalia-demo-1,2026-02-01,test_independant_synthetique,2.27
NOV-00360,mensuel,59.33,0,0.16845611857712056,0,0.38358025602831813,novalia-demo-1,2026-02-01,test_independant_synthetique,9.99
NOV-02967,mensuel,76.26,0,0.04705788235977985,0,0.38358025602831813,novalia-demo-1,2026-02-01,test_independant_synthetique,3.59
NOV-04423,annuel,111.72,0,0.09144621946110884,0,0.38358025602831813,novalia-demo-1,2026-02-01,test_independant_synthetique,10.22
NOV-00194,mensuel,117.58,0,0.2461205997540744,0,0.38358025602831813,novalia-demo-1,2026-02-01,test_independant_synthetique,28.94
NOV-02094,bisannuel,46.98,1,0.07678696173677999,0,0.38358025602831813,novalia-demo-1,2026-02-01,test_independant_synthetique,3.61
NOV-00825,annuel,139.69,0,0.21087051931455691,0,0.38358025602831813,novalia-demo-1,2026-02-01,test_independant_synthetique,29.46
NOV-01270,annuel,87.84,0,0.007981549504159278,0,0.38358025602831813,novalia-demo-1,2026-02-01,test_independant_synthetique,0.7
NOV-02615,annuel,133.35,1,0.1823428817061433,0,0.38358025602831813,novalia-demo-1,2026-02-01,test_independant_synthetique,24.32
NOV-04619,mensuel,93.24,0,0.3494561961797758,0,0.38358025602831813,novalia-demo-1,2026-02-01,test_independant_synthetique,32.58
NOV-00131,mensuel,122.04,1,0.3357356078007273,0,0.38358025602831813,novalia-demo-1,2026-02-01,test_independant_synthetique,40.97
NOV-03473,annuel,28.97,0,0.031548708560281725,0,0.38358025602831813,novalia-demo-1,2026-02-01,test_independant_synthetique,0.91
NOV-02891,annuel,38.0,0,0.07179271845401096,0,0.38358025602831813,novalia-demo-1,2026-02-01,test_independant_synthetique,2.73
NOV-00588,mensuel,65.34,0,0.39029688022860304,1,0.38358025602831813,novalia-demo-1,2026-02-01,test_independant_synthetique,25.5
NOV-01950,annuel,,1,0.22171072616818552,0,0.38358025602831813,novalia-demo-1,2026-02-01,test_independant_synthetique,0.0
NOV-04680,annuel,120.23,0,0.01956208728724036,0,0.38358025602831813,novalia-demo-1,2026-02-01,test_independant_synthetique,2.35
NOV-00234,bisannuel,116.44,0,0.24942078483743316,0,0.38358025602831813,novalia-demo-1,2026-02-01,test_independant_synthetique,29.04
NOV-01469,mensuel,19.42,0,0.10846429787757274,0,0.38358025602831813,novalia-demo-1,2026-02-01,test_independant_synthetique,2.11
NOV-01097,mensuel,95.73,1,0.0445700758752879,0,0.38358025602831813,novalia-demo-1,2026-02-01,test_independant_synthetique,4.27
NOV-00654,mensuel,142.13,1,0.36349703067886074,0,0.38358025602831813,novalia-demo-1,2026-02-01,test_independant_synthetique,51.66
NOV-04956,mensuel,105.56,0,0.20333427226806564,0,0.38358025602831813,novalia-demo-1,2026-02-01,test_independant_synthetique,21.46
NOV-00340,mensuel,24.53,0,0.1483399622487393,0,0.38358025602831813,novalia-demo-1,2026-02-01,test_independant_synthetique,3.64
NOV-02953,mensuel,110.29,1,0.4625958128164635,1,0.38358025602831813,novalia-demo-1,2026-02-01,test_independant_synthetique,51.02
NOV-03131,annuel,49.64,1,0.3668917798744239,0,0.38358025602831813,novalia-demo-1,2026-02-01,test_independant_synthetique,18.21
NOV-02162,mensuel,37.29,1,0.10416707207806569,0,0.38358025602831813,novalia-demo-1,2026-02-01,test_independant_synthetique,3.88
NOV-04389,annuel,59.56,0,0.015422085218735565,0,0.38358025602831813,novalia-demo-1,2026-02-01,test_independant_synthetique,0.92
NOV-04853,mensuel,62.66,0,0.08373773184606184,0,0.38358025602831813,novalia-demo-1,2026-02-01,test_independant_synthetique,5.25
NOV-02632,mensuel,57.55,0,0.031201252730755476,0,0.38358025602831813,novalia-demo-1,2026-02-01,test_independant_synthetique,1.8
NOV-01529,mensuel,104.08,0,0.17690266068714774,0,0.38358025602831813,novalia-demo-1,2026-02-01,test_independant_synthetique,18.41
NOV-02877,mensuel,43.46,0,0.10624108802085838,0,0.38358025602831813,novalia-demo-1,2026-02-01,test_independant_synthetique,4.62
NOV-00780,mensuel,40.9,0,0.1665760330019507,0,0.38358025602831813,novalia-demo-1,2026-02-01,test_independant_synthetique,6.81
NOV-04743,mensuel,64.74,0,0.036130146927414536,0,0.38358025602831813,novalia-demo-1,2026-02-01,test_independant_synthetique,2.34
NOV-00764,bisannuel,37.92,0,0.03848275338113906,0,0.38358025602831813,novalia-demo-1,2026-02-01,test_independant_synthetique,1.46
NOV-01897,bisannuel,78.08,0,0.05049259533322257,0,0.38358025602831813,novalia-demo-1,2026-02-01,test_independant_synthetique,3.94
NOV-02257,annuel,42.47,0,0.01628073183447383,0,0.38358025602831813,novalia-demo-1,2026-02-01,test_independant_synthetique,0.69
NOV-03756,mensuel,102.35,0,0.650126998084995,1,0.38358025602831813,novalia-demo-1,2026-02-01,test_independant_synthetique,66.54
NOV-00904,bisannuel,72.05,1,0.015577097930754727,0,0.38358025602831813,novalia-demo-1,2026-02-01,test_independant_synthetique,1.12
NOV-04823,mensuel,53.15,0,0.06970016607366823,0,0.38358025602831813,novalia-demo-1,2026-02-01,test_independant_synthetique,3.7
NOV-03132,annuel,47.79,0,0.015494093842637913,0,0.38358025602831813,novalia-demo-1,2026-02-01,test_independant_synthetique,0.74
NOV-04326,annuel,104.91,0,0.20385047834773648,0,0.38358025602831813,novalia-demo-1,2026-02-01,test_independant_synthetique,21.39
NOV-03061,bisannuel,47.45,1,0.11669189670656974,0,0.38358025602831813,novalia-demo-1,2026-02-01,test_independant_synthetique,5.54
NOV-04945,mensuel,57.67,1,0.30846334841330236,0,0.38358025602831813,novalia-demo-1,2026-02-01,test_independant_synthetique,17.79
NOV-03975,bisannuel,93.64,0,0.0672504202327874,0,0.38358025602831813,novalia-demo-1,2026-02-01,test_independant_synthetique,6.3
NOV-03255,bisannuel,142.07,0,0.13048593304616338,0,0.38358025602831813,novalia-demo-1,2026-02-01,test_independant_synthetique,18.54
NOV-00382,annuel,104.52,0,0.03830696683684244,0,0.38358025602831813,novalia-demo-1,2026-02-01,test_independant_synthetique,4.0
NOV-02264,annuel,122.32,1,0.2574216453858225,0,0.38358025602831813,novalia-demo-1,2026-02-01,test_independant_synthetique,31.49
NOV-04166,annuel,40.13,0,0.06078068202584385,0,0.38358025602831813,novalia-demo-1,2026-02-01,test_independant_synthetique,2.44
NOV-00329,annuel,128.89,0,0.05553823219709276,0,0.38358025602831813,novalia-demo-1,2026-02-01,test_independant_synthetique,7.16
NOV-04832,mensuel,40.76,1,0.5866896940524137,1,0.38358025602831813,novalia-demo-1,2026-02-01,test_independant_synthetique,23.91
NOV-04060,annuel,146.22,0,0.03333524861656578,0,0.38358025602831813,novalia-demo-1,2026-02-01,test_independant_synthetique,4.87
NOV-01138,bisannuel,37.89,0,0.0325131019831877,0,0.38358025602831813,novalia-demo-1,2026-02-01,test_independant_synthetique,1.23
NOV-02451,annuel,41.22,0,0.10983384352199452,0,0.38358025602831813,novalia-demo-1,2026-02-01,test_independant_synthetique,4.53
NOV-01939,bisannuel,54.23,0,0.07369076000566227,0,0.38358025602831813,novalia-demo-1,2026-02-01,test_independant_synthetique,4.0
NOV-01423,mensuel,134.89,0,0.3730716796874956,0,0.38358025602831813,novalia-demo-1,2026-02-01,test_independant_synthetique,50.32
NOV-02210,mensuel,77.18,0,0.2078472973609693,0,0.38358025602831813,novalia-demo-1,2026-02-01,test_independant_synthetique,16.04
NOV-00120,mensuel,100.11,0,0.1695880798130896,0,0.38358025602831813,novalia-demo-1,2026-02-01,test_independant_synthetique,16.98
NOV-00417,mensuel,45.83,0,0.06778384605265962,0,0.38358025602831813,novalia-demo-1,2026-02-01,test_independant_synthetique,3.11
NOV-00868,mensuel,143.6,1,0.749336228066514,1,0.38358025602831813,novalia-demo-1,2026-02-01,test_independant_synthetique,107.6
NOV-01900,annuel,141.1,0,0.039739804938886944,0,0.38358025602831813,novalia-demo-1,2026-02-01,test_independant_synthetique,5.61
NOV-00891,mensuel,93.12,0,0.10060298512650795,0,0.38358025602831813,novalia-demo-1,2026-02-01,test_independant_synthetique,9.37
NOV-00653,mensuel,100.73,0,0.1713269567612166,0,0.38358025602831813,novalia-demo-1,2026-02-01,test_independant_synthetique,17.26
NOV-01139,mensuel,30.38,0,0.08713759671107298,0,0.38358025602831813,novalia-demo-1,2026-02-01,test_independant_synthetique,2.65
NOV-00293,annuel,129.3,1,0.13944417066286685,0,0.38358025602831813,novalia-demo-1,2026-02-01,test_independant_synthetique,18.03
NOV-03338,mensuel,139.38,0,0.33324206260111017,0,0.38358025602831813,novalia-demo-1,2026-02-01,test_independant_synthetique,46.45
NOV-01190,annuel,137.79,1,0.24243288846632288,0,0.38358025602831813,novalia-demo-1,2026-02-01,test_independant_synthetique,33.4
NOV-01387,mensuel,112.13,0,0.2017252028386304,0,0.38358025602831813,novalia-demo-1,2026-02-01,test_independant_synthetique,22.62
NOV-02674,mensuel,130.85,0,0.28029318476260323,0,0.38358025602831813,novalia-demo-1,2026-02-01,test_independant_synthetique,36.68
NOV-04904,annuel,27.37,0,0.012798488356636321,0,0.38358025602831813,novalia-demo-1,2026-02-01,test_independant_synthetique,0.35
NOV-01506,mensuel,72.32,0,0.19626591715603714,0,0.38358025602831813,novalia-demo-1,2026-02-01,test_independant_synthetique,14.19
NOV-02085,mensuel,61.34,1,0.36637684494341716,0,0.38358025602831813,novalia-demo-1,2026-02-01,test_independant_synthetique,22.47
NOV-02685,mensuel,118.4,0,0.25245387469943387,0,0.38358025602831813,novalia-demo-1,2026-02-01,test_independant_synthetique,29.89
NOV-03227,mensuel,19.6,0,0.5592584780524424,1,0.38358025602831813,novalia-demo-1,2026-02-01,test_independant_synthetique,10.96
NOV-04168,annuel,86.65,0,0.0577876363633014,0,0.38358025602831813,novalia-demo-1,2026-02-01,test_independant_synthetique,5.01
NOV-01718,annuel,42.2,0,0.1800906747551276,0,0.38358025602831813,novalia-demo-1,2026-02-01,test_independant_synthetique,7.6
NOV-04154,annuel,100.51,0,0.2128073593503332,0,0.38358025602831813,novalia-demo-1,2026-02-01,test_independant_synthetique,21.39
NOV-01672,mensuel,130.07,0,0.1660709556381455,0,0.38358025602831813,novalia-demo-1,2026-02-01,test_independant_synthetique,21.6
NOV-01076,bisannuel,126.57,1,0.23436000839945476,0,0.38358025602831813,novalia-demo-1,2026-02-01,test_independant_synthetique,29.66
NOV-01449,bisannuel,92.83,0,0.04559456848722072,0,0.38358025602831813,novalia-demo-1,2026-02-01,test_independant_synthetique,4.23
NOV-03551,bisannuel,60.18,0,0.009639711067776394,0,0.38358025602831813,novalia-demo-1,2026-02-01,test_independant_synthetique,0.58
NOV-01988,mensuel,106.67,1,0.263514233033278,0,0.38358025602831813,novalia-demo-1,2026-02-01,test_independant_synthetique,28.11
NOV-03275,mensuel,92.92,0,0.22050553442449458,0,0.38358025602831813,novalia-demo-1,2026-02-01,test_independant_synthetique,20.49
NOV-01426,mensuel,42.97,0,0.06418887170675061,0,0.38358025602831813,novalia-demo-1,2026-02-01,test_independant_synthetique,2.76
NOV-02002,bisannuel,138.95,0,0.11999424014996798,0,0.38358025602831813,novalia-demo-1,2026-02-01,test_independant_synthetique,16.67
NOV-03929,mensuel,68.87,1,0.4327745444930931,1,0.38358025602831813,novalia-demo-1,2026-02-01,test_independant_synthetique,29.81
NOV-00633,annuel,56.99,0,0.0958523736734983,0,0.38358025602831813,novalia-demo-1,2026-02-01,test_independant_synthetique,5.46
NOV-02365,annuel,67.52,0,0.016711647187964647,0,0.38358025602831813,novalia-demo-1,2026-02-01,test_independant_synthetique,1.13
NOV-00974,bisannuel,141.53,0,0.1212747078381057,0,0.38358025602831813,novalia-demo-1,2026-02-01,test_independant_synthetique,17.16
NOV-01941,mensuel,20.55,0,0.09894483443365404,0,0.38358025602831813,novalia-demo-1,2026-02-01,test_independant_synthetique,2.03
NOV-03941,mensuel,34.69,0,0.01038560438036705,0,0.38358025602831813,novalia-demo-1,2026-02-01,test_independant_synthetique,0.36
NOV-00992,annuel,27.41,0,0.054691164330098754,0,0.38358025602831813,novalia-demo-1,2026-02-01,test_independant_synthetique,1.5
NOV-01614,bisannuel,77.41,0,0.12932159483274872,0,0.38358025602831813,novalia-demo-1,2026-02-01,test_independant_synthetique,10.01
NOV-00339,mensuel,138.98,0,0.4140961293930766,1,0.38358025602831813,novalia-demo-1,2026-02-01,test_independant_synthetique,57.55
NOV-04030,bisannuel,49.08,0,0.01124798511101835,0,0.38358025602831813,novalia-demo-1,2026-02-01,test_independant_synthetique,0.55
NOV-01277,mensuel,146.8,0,0.2292262582116808,0,0.38358025602831813,novalia-demo-1,2026-02-01,test_independant_synthetique,33.65
NOV-01976,mensuel,117.37,0,0.4256353374194845,1,0.38358025602831813,novalia-demo-1,2026-02-01,test_independant_synthetique,49.96
NOV-03792,annuel,42.97,0,0.014350477375166624,0,0.38358025602831813,novalia-demo-1,2026-02-01,test_independant_synthetique,0.62
NOV-01719,mensuel,140.87,0,0.38416961176477193,1,0.38358025602831813,novalia-demo-1,2026-02-01,test_independant_synthetique,54.12
NOV-03846,mensuel,55.76,1,0.1582869667306675,0,0.38358025602831813,novalia-demo-1,2026-02-01,test_independant_synthetique,8.83
NOV-03783,mensuel,87.91,0,0.09118989538466064,0,0.38358025602831813,novalia-demo-1,2026-02-01,test_independant_synthetique,8.02
NOV-01931,annuel,39.41,0,0.07934800160752759,0,0.38358025602831813,novalia-demo-1,2026-02-01,test_independant_synthetique,3.13
NOV-04824,mensuel,133.36,1,0.5466672825727324,1,0.38358025602831813,novalia-demo-1,2026-02-01,test_independant_synthetique,72.9
NOV-02923,bisannuel,136.19,0,0.15383104048904478,0,0.38358025602831813,novalia-demo-1,2026-02-01,test_independant_synthetique,20.95
NOV-00922,mensuel,128.93,1,0.28937570004648366,0,0.38358025602831813,novalia-demo-1,2026-02-01,test_independant_synthetique,37.31
NOV-01140,mensuel,46.19,0,0.10342166938169381,0,0.38358025602831813,novalia-demo-1,2026-02-01,test_independant_synthetique,4.78
NOV-02532,bisannuel,92.43,0,0.02983851069032041,0,0.38358025602831813,novalia-demo-1,2026-02-01,test_independant_synthetique,2.76
NOV-04712,bisannuel,51.34,0,0.043434321348368624,0,0.38358025602831813,novalia-demo-1,2026-02-01,test_independant_synthetique,2.23
NOV-04648,mensuel,116.42,0,0.41029982946057686,1,0.38358025602831813,novalia-demo-1,2026-02-01,test_independant_synthetique,47.77
NOV-00845,mensuel,,0,0.23161579599058635,0,0.38358025602831813,novalia-demo-1,2026-02-01,test_independant_synthetique,0.0
NOV-02653,mensuel,36.66,0,0.07704300759649606,0,0.38358025602831813,novalia-demo-1,2026-02-01,test_independant_synthetique,2.82
NOV-04246,annuel,69.89,0,0.10243208760286149,0,0.38358025602831813,novalia-demo-1,2026-02-01,test_independant_synthetique,7.16
NOV-00687,annuel,94.38,0,0.015509465459168826,0,0.38358025602831813,novalia-demo-1,2026-02-01,test_independant_synthetique,1.46
NOV-02318,mensuel,113.97,0,0.0907765253540658,0,0.38358025602831813,novalia-demo-1,2026-02-01,test_independant_synthetique,10.35
NOV-02425,annuel,91.82,0,0.12741683705850912,0,0.38358025602831813,novalia-demo-1,2026-02-01,test_independant_synthetique,11.7
NOV-04097,mensuel,51.24,0,0.07189848730397538,0,0.38358025602831813,novalia-demo-1,2026-02-01,test_independant_synthetique,3.68
NOV-02994,bisannuel,21.98,0,0.006468295075476948,0,0.38358025602831813,novalia-demo-1,2026-02-01,test_independant_synthetique,0.14
NOV-03316,mensuel,132.73,0,0.498838804066361,1,0.38358025602831813,novalia-demo-1,2026-02-01,test_independant_synthetique,66.21
NOV-00843,bisannuel,43.46,0,0.03650547050103599,0,0.38358025602831813,novalia-demo-1,2026-02-01,test_independant_synthetique,1.59
NOV-01725,mensuel,,1,0.23070248642696417,0,0.38358025602831813,novalia-demo-1,2026-02-01,test_independant_synthetique,0.0
NOV-03305,mensuel,120.86,1,0.23487797715272662,0,0.38358025602831813,novalia-demo-1,2026-02-01,test_independant_synthetique,28.39
NOV-02609,annuel,139.45,0,0.09241830262237562,0,0.38358025602831813,novalia-demo-1,2026-02-01,test_independant_synthetique,12.89
NOV-01179,mensuel,28.12,0,0.08296939697890812,0,0.38358025602831813,novalia-demo-1,2026-02-01,test_independant_synthetique,2.33
NOV-01282,mensuel,90.86,0,0.05297053338004852,0,0.38358025602831813,novalia-demo-1,2026-02-01,test_independant_synthetique,4.81
NOV-03450,mensuel,27.67,0,0.009270476467286423,0,0.38358025602831813,novalia-demo-1,2026-02-01,test_independant_synthetique,0.26
NOV-00674,mensuel,113.03,0,0.02241798618958079,0,0.38358025602831813,novalia-demo-1,2026-02-01,test_independant_synthetique,2.53
NOV-04689,mensuel,135.3,0,0.26096209818507726,0,0.38358025602831813,novalia-demo-1,2026-02-01,test_independant_synthetique,35.31
NOV-01484,annuel,139.43,0,0.015151613040698167,0,0.38358025602831813,novalia-demo-1,2026-02-01,test_independant_synthetique,2.11
NOV-02014,annuel,117.82,1,0.09136531793340055,0,0.38358025602831813,novalia-demo-1,2026-02-01,test_independant_synthetique,10.76
NOV-00094,annuel,144.37,0,0.2510811437526543,0,0.38358025602831813,novalia-demo-1,2026-02-01,test_independant_synthetique,36.25
NOV-03894,mensuel,42.76,0,0.11451059582268516,0,0.38358025602831813,novalia-demo-1,2026-02-01,test_independant_synthetique,4.9
NOV-01937,mensuel,131.79,0,0.10315323711414347,0,0.38358025602831813,novalia-demo-1,2026-02-01,test_independant_synthetique,13.59
NOV-00830,annuel,77.68,0,0.13045780481027297,0,0.38358025602831813,novalia-demo-1,2026-02-01,test_independant_synthetique,10.13
NOV-03122,annuel,30.25,0,0.027280328554383834,0,0.38358025602831813,novalia-demo-1,2026-02-01,test_independant_synthetique,0.83
NOV-01628,annuel,41.32,0,0.11904550582066015,0,0.38358025602831813,novalia-demo-1,2026-02-01,test_independant_synthetique,4.92
NOV-02513,mensuel,113.74,1,0.30599066378934453,0,0.38358025602831813,novalia-demo-1,2026-02-01,test_independant_synthetique,34.8
NOV-00673,mensuel,38.46,0,0.31764559241393114,0,0.38358025602831813,novalia-demo-1,2026-02-01,test_independant_synthetique,12.22
NOV-00473,mensuel,132.46,1,0.11321019914263206,0,0.38358025602831813,novalia-demo-1,2026-02-01,test_independant_synthetique,15.0
NOV-02727,mensuel,69.08,0,0.05420946964121841,0,0.38358025602831813,novalia-demo-1,2026-02-01,test_independant_synthetique,3.74
NOV-00699,mensuel,53.24,0,0.13863672066718805,0,0.38358025602831813,novalia-demo-1,2026-02-01,test_independant_synthetique,7.38
NOV-02145,mensuel,91.85,0,0.059395846178602406,0,0.38358025602831813,novalia-demo-1,2026-02-01,test_independant_synthetique,5.46
NOV-02435,annuel,112.61,0,0.1485091149007902,0,0.38358025602831813,novalia-demo-1,2026-02-01,test_independant_synthetique,16.72
NOV-04320,bisannuel,70.27,0,0.016247495464247037,0,0.38358025602831813,novalia-demo-1,2026-02-01,test_independant_synthetique,1.14
NOV-03250,annuel,142.07,0,0.2926184417452273,0,0.38358025602831813,novalia-demo-1,2026-02-01,test_independant_synthetique,41.57
NOV-04755,annuel,118.91,1,0.3824127262638755,0,0.38358025602831813,novalia-demo-1,2026-02-01,test_independant_synthetique,45.47
NOV-00737,bisannuel,93.99,1,0.020372726017534773,0,0.38358025602831813,novalia-demo-1,2026-02-01,test_independant_synthetique,1.91
NOV-03464,mensuel,30.61,1,0.07281453976392445,0,0.38358025602831813,novalia-demo-1,2026-02-01,test_independant_synthetique,2.23
NOV-02788,annuel,86.03,0,0.03399541789605093,0,0.38358025602831813,novalia-demo-1,2026-02-01,test_independant_synthetique,2.92
NOV-00288,annuel,79.51,0,0.015526026206565107,0,0.38358025602831813,novalia-demo-1,2026-02-01,test_independant_synthetique,1.23
NOV-02378,mensuel,44.77,0,0.08505922172342752,0,0.38358025602831813,novalia-demo-1,2026-02-01,test_independant_synthetique,3.81
NOV-03220,mensuel,40.68,0,0.2912926134318044,0,0.38358025602831813,novalia-demo-1,2026-02-01,test_independant_synthetique,11.85
NOV-01238,annuel,29.38,0,0.03551238223249537,0,0.38358025602831813,novalia-demo-1,2026-02-01,test_independant_synthetique,1.04
NOV-03857,annuel,53.76,0,0.01372657093208834,0,0.38358025602831813,novalia-demo-1,2026-02-01,test_independant_synthetique,0.74
NOV-01819,mensuel,119.92,0,0.10418287633732635,0,0.38358025602831813,novalia-demo-1,2026-02-01,test_independant_synthetique,12.49
NOV-04236,mensuel,49.46,1,0.8307460602717304,1,0.38358025602831813,novalia-demo-1,2026-02-01,test_independant_synthetique,41.09
NOV-01324,annuel,123.96,0,0.049387158086987085,0,0.38358025602831813,novalia-demo-1,2026-02-01,test_independant_synthetique,6.12
NOV-04297,mensuel,88.06,1,0.7190549558526182,1,0.38358025602831813,novalia-demo-1,2026-02-01,test_independant_synthetique,63.32
NOV-03016,mensuel,56.56,0,0.06343098080261327,0,0.38358025602831813,novalia-demo-1,2026-02-01,test_independant_synthetique,3.59
NOV-03935,bisannuel,19.23,0,0.07021294107974531,0,0.38358025602831813,novalia-demo-1,2026-02-01,test_independant_synthetique,1.35
NOV-00574,mensuel,21.73,0,0.03534409388966072,0,0.38358025602831813,novalia-demo-1,2026-02-01,test_independant_synthetique,0.77
NOV-01255,annuel,30.77,0,0.044102596380134855,0,0.38358025602831813,novalia-demo-1,2026-02-01,test_independant_synthetique,1.36
NOV-00296,bisannuel,104.67,0,0.08761336663122839,0,0.38358025602831813,novalia-demo-1,2026-02-01,test_independant_synthetique,9.17
NOV-00565,bisannuel,75.26,0,0.10066193253319444,0,0.38358025602831813,novalia-demo-1,2026-02-01,test_independant_synthetique,7.58
NOV-01210,annuel,55.06,0,0.009989807757889083,0,0.38358025602831813,novalia-demo-1,2026-02-01,test_independant_synthetique,0.55
NOV-03161,mensuel,25.08,1,0.4554005076690634,1,0.38358025602831813,novalia-demo-1,2026-02-01,test_independant_synthetique,11.42
NOV-03203,mensuel,100.83,0,0.28757164085418113,0,0.38358025602831813,novalia-demo-1,2026-02-01,test_independant_synthetique,29.0
NOV-02356,annuel,77.76,0,0.08631433370205974,0,0.38358025602831813,novalia-demo-1,2026-02-01,test_independant_synthetique,6.71
NOV-00027,bisannuel,83.63,0,0.02534312789927508,0,0.38358025602831813,novalia-demo-1,2026-02-01,test_independant_synthetique,2.12
NOV-04426,mensuel,98.55,0,0.07110921500456376,0,0.38358025602831813,novalia-demo-1,2026-02-01,test_independant_synthetique,7.01
NOV-03474,bisannuel,78.62,1,0.049292467574697046,0,0.38358025602831813,novalia-demo-1,2026-02-01,test_independant_synthetique,3.88
NOV-01600,annuel,49.02,0,0.006460554890665463,0,0.38358025602831813,novalia-demo-1,2026-02-01,test_independant_synthetique,0.32
NOV-01712,bisannuel,62.19,0,0.012585609264060249,0,0.38358025602831813,novalia-demo-1,2026-02-01,test_independant_synthetique,0.78
NOV-03774,annuel,134.99,0,0.053567593993670934,0,0.38358025602831813,novalia-demo-1,2026-02-01,test_independant_synthetique,7.23
NOV-00826,mensuel,119.81,0,0.381469102009666,0,0.38358025602831813,novalia-demo-1,2026-02-01,test_independant_synthetique,45.7
NOV-03770,annuel,46.77,0,0.0366203490011985,0,0.38358025602831813,novalia-demo-1,2026-02-01,test_independant_synthetique,1.71
NOV-04099,mensuel,122.47,0,0.13146686528258714,0,0.38358025602831813,novalia-demo-1,2026-02-01,test_independant_synthetique,16.1
NOV-03828,mensuel,122.58,1,0.441497317811033,1,0.38358025602831813,novalia-demo-1,2026-02-01,test_independant_synthetique,54.12
NOV-03479,bisannuel,101.36,0,0.02481558876442983,0,0.38358025602831813,novalia-demo-1,2026-02-01,test_independant_synthetique,2.52
NOV-03166,bisannuel,113.93,0,0.013995421990952182,0,0.38358025602831813,novalia-demo-1,2026-02-01,test_independant_synthetique,1.59
NOV-04914,mensuel,29.34,0,0.3754854173696979,0,0.38358025602831813,novalia-demo-1,2026-02-01,test_independant_synthetique,11.02
NOV-02400,annuel,43.77,0,0.019215376163954353,0,0.38358025602831813,novalia-demo-1,2026-02-01,test_independant_synthetique,0.84
NOV-01735,annuel,20.07,0,0.12464298378069777,0,0.38358025602831813,novalia-demo-1,2026-02-01,test_independant_synthetique,2.5
NOV-02539,mensuel,29.38,1,0.49809046158302395,1,0.38358025602831813,novalia-demo-1,2026-02-01,test_independant_synthetique,14.63
NOV-04935,bisannuel,115.67,0,0.04625104764006028,0,0.38358025602831813,novalia-demo-1,2026-02-01,test_independant_synthetique,5.35
NOV-04277,mensuel,104.91,1,0.26577836425654594,0,0.38358025602831813,novalia-demo-1,2026-02-01,test_independant_synthetique,27.88
NOV-02829,annuel,141.53,1,0.18127799729477445,0,0.38358025602831813,novalia-demo-1,2026-02-01,test_independant_synthetique,25.66
NOV-04315,mensuel,57.57,0,0.06309239146998195,0,0.38358025602831813,novalia-demo-1,2026-02-01,test_independant_synthetique,3.63
NOV-02545,annuel,122.36,0,0.30228184760859206,0,0.38358025602831813,novalia-demo-1,2026-02-01,test_independant_synthetique,36.99
NOV-02700,mensuel,138.67,1,0.7166908196801848,1,0.38358025602831813,novalia-demo-1,2026-02-01,test_independant_synthetique,99.38
NOV-00160,mensuel,84.05,0,0.21105800929319607,0,0.38358025602831813,novalia-demo-1,2026-02-01,test_independant_synthetique,17.74
NOV-04820,mensuel,75.71,0,0.1683923906458213,0,0.38358025602831813,novalia-demo-1,2026-02-01,test_independant_synthetique,12.75
NOV-03865,mensuel,106.7,0,0.12862180043020768,0,0.38358025602831813,novalia-demo-1,2026-02-01,test_independant_synthetique,13.72
NOV-03160,mensuel,125.46,0,0.08166786509544595,0,0.38358025602831813,novalia-demo-1,2026-02-01,test_independant_synthetique,10.25
NOV-00927,mensuel,31.93,0,0.03880720529229277,0,0.38358025602831813,novalia-demo-1,2026-02-01,test_independant_synthetique,1.24
NOV-03491,annuel,63.35,0,0.05855474558801319,0,0.38358025602831813,novalia-demo-1,2026-02-01,test_independant_synthetique,3.71
NOV-03685,mensuel,76.78,0,0.04866321053622726,0,0.38358025602831813,novalia-demo-1,2026-02-01,test_independant_synthetique,3.74
NOV-02631,annuel,112.01,0,0.14757926666963447,0,0.38358025602831813,novalia-demo-1,2026-02-01,test_independant_synthetique,16.53
NOV-04294,mensuel,25.94,0,0.14545656768183582,0,0.38358025602831813,novalia-demo-1,2026-02-01,test_independant_synthetique,3.77
NOV-02089,bisannuel,144.83,0,0.41950705704369917,1,0.38358025602831813,novalia-demo-1,2026-02-01,test_independant_synthetique,60.76
NOV-02317,mensuel,87.95,0,0.040883658277905514,0,0.38358025602831813,novalia-demo-1,2026-02-01,test_independant_synthetique,3.6
NOV-03415,mensuel,94.63,0,0.06353940709313527,0,0.38358025602831813,novalia-demo-1,2026-02-01,test_independant_synthetique,6.01
NOV-02952,mensuel,84.8,0,0.36390901923285973,0,0.38358025602831813,novalia-demo-1,2026-02-01,test_independant_synthetique,30.86
NOV-01732,mensuel,133.47,0,0.3264784873652734,0,0.38358025602831813,novalia-demo-1,2026-02-01,test_independant_synthetique,43.58
NOV-00527,mensuel,123.19,0,0.3453221715369276,0,0.38358025602831813,novalia-demo-1,2026-02-01,test_independant_synthetique,42.54
NOV-02101,annuel,44.06,0,0.04885593049546873,0,0.38358025602831813,novalia-demo-1,2026-02-01,test_independant_synthetique,2.15
NOV-02441,annuel,104.43,0,0.3001728653487802,0,0.38358025602831813,novalia-demo-1,2026-02-01,test_independant_synthetique,31.35
NOV-04356,mensuel,61.05,0,0.17371068247518964,0,0.38358025602831813,novalia-demo-1,2026-02-01,test_independant_synthetique,10.61
NOV-03922,annuel,142.75,0,0.22076340666295252,0,0.38358025602831813,novalia-demo-1,2026-02-01,test_independant_synthetique,31.51
NOV-00262,annuel,60.18,0,0.05659513712922158,0,0.38358025602831813,novalia-demo-1,2026-02-01,test_independant_synthetique,3.41
NOV-02747,bisannuel,140.06,0,0.05675446436951067,0,0.38358025602831813,novalia-demo-1,2026-02-01,test_independant_synthetique,7.95
NOV-02027,mensuel,108.63,0,0.4754592179630656,1,0.38358025602831813,novalia-demo-1,2026-02-01,test_independant_synthetique,51.65
NOV-03153,bisannuel,68.41,0,0.09242355599046918,0,0.38358025602831813,novalia-demo-1,2026-02-01,test_independant_synthetique,6.32
NOV-01756,annuel,142.33,0,0.009671186477135633,0,0.38358025602831813,novalia-demo-1,2026-02-01,test_independant_synthetique,1.38
NOV-01837,annuel,107.88,1,0.05123047806221068,0,0.38358025602831813,novalia-demo-1,2026-02-01,test_independant_synthetique,5.53
NOV-03194,annuel,73.99,0,0.020608529273859918,0,0.38358025602831813,novalia-demo-1,2026-02-01,test_independant_synthetique,1.52
NOV-03911,mensuel,42.63,0,0.09836448561241298,0,0.38358025602831813,novalia-demo-1,2026-02-01,test_independant_synthetique,4.19
NOV-04752,mensuel,111.15,0,0.02976014312049752,0,0.38358025602831813,novalia-demo-1,2026-02-01,test_independant_synthetique,3.31
NOV-00089,annuel,63.43,0,0.04747014468232503,0,0.38358025602831813,novalia-demo-1,2026-02-01,test_independant_synthetique,3.01
NOV-04025,mensuel,77.89,0,0.2605891546260323,0,0.38358025602831813,novalia-demo-1,2026-02-01,test_independant_synthetique,20.3
NOV-02053,bisannuel,129.4,0,0.2606994809558582,0,0.38358025602831813,novalia-demo-1,2026-02-01,test_independant_synthetique,33.73
NOV-03521,annuel,101.05,0,0.03981325408176808,0,0.38358025602831813,novalia-demo-1,2026-02-01,test_independant_synthetique,4.02
NOV-03702,annuel,25.79,0,0.07747210762039798,0,0.38358025602831813,novalia-demo-1,2026-02-01,test_independant_synthetique,2.0
NOV-01104,mensuel,39.02,0,0.2887761457196274,0,0.38358025602831813,novalia-demo-1,2026-02-01,test_independant_synthetique,11.27
NOV-00851,mensuel,89.26,1,0.2547839796729987,0,0.38358025602831813,novalia-demo-1,2026-02-01,test_independant_synthetique,22.74
NOV-00807,mensuel,136.71,0,0.11429031649529128,0,0.38358025602831813,novalia-demo-1,2026-02-01,test_independant_synthetique,15.62
NOV-02226,mensuel,74.92,1,0.17575627446049893,0,0.38358025602831813,novalia-demo-1,2026-02-01,test_independant_synthetique,13.17
NOV-02936,mensuel,71.25,0,0.08505207180463221,0,0.38358025602831813,novalia-demo-1,2026-02-01,test_independant_synthetique,6.06
NOV-04520,mensuel,106.33,0,0.27457391604009773,0,0.38358025602831813,novalia-demo-1,2026-02-01,test_independant_synthetique,29.2
NOV-02411,mensuel,76.81,0,0.3071395386096366,0,0.38358025602831813,novalia-demo-1,2026-02-01,test_independant_synthetique,23.59
NOV-04053,annuel,117.06,0,0.03250153650775695,0,0.38358025602831813,novalia-demo-1,2026-02-01,test_independant_synthetique,3.8
NOV-02898,bisannuel,111.73,0,0.04768000309874301,0,0.38358025602831813,novalia-demo-1,2026-02-01,test_independant_synthetique,5.33
NOV-02506,mensuel,62.55,0,0.19314712474045267,0,0.38358025602831813,novalia-demo-1,2026-02-01,test_independant_synthetique,12.08
NOV-02056,bisannuel,88.54,1,0.1500331274966726,0,0.38358025602831813,novalia-demo-1,2026-02-01,test_independant_synthetique,13.28
NOV-01085,annuel,31.57,0,0.016272933086630356,0,0.38358025602831813,novalia-demo-1,2026-02-01,test_independant_synthetique,0.51
NOV-03475,mensuel,70.37,0,0.07698117540701963,0,0.38358025602831813,novalia-demo-1,2026-02-01,test_independant_synthetique,5.42
NOV-02254,annuel,76.9,0,0.0378050010347304,0,0.38358025602831813,novalia-demo-1,2026-02-01,test_independant_synthetique,2.91
NOV-01843,mensuel,76.39,0,0.18766653202859193,0,0.38358025602831813,novalia-demo-1,2026-02-01,test_independant_synthetique,14.34
NOV-02568,mensuel,128.03,1,0.26386057156768167,0,0.38358025602831813,novalia-demo-1,2026-02-01,test_independant_synthetique,33.78
NOV-01578,annuel,118.18,0,0.05934004940716764,0,0.38358025602831813,novalia-demo-1,2026-02-01,test_independant_synthetique,7.01
NOV-02338,annuel,29.59,0,0.03161951934312231,0,0.38358025602831813,novalia-demo-1,2026-02-01,test_independant_synthetique,0.94
NOV-03187,mensuel,146.18,0,0.24377229253002033,0,0.38358025602831813,novalia-demo-1,2026-02-01,test_independant_synthetique,35.63
NOV-03152,mensuel,60.59,0,0.1721743004994138,0,0.38358025602831813,novalia-demo-1,2026-02-01,test_independant_synthetique,10.43
NOV-04900,mensuel,48.92,1,0.07124573712910579,0,0.38358025602831813,novalia-demo-1,2026-02-01,test_independant_synthetique,3.49
NOV-01844,mensuel,102.48,0,0.2444655346135356,0,0.38358025602831813,novalia-demo-1,2026-02-01,test_independant_synthetique,25.05
NOV-04195,mensuel,,1,0.22456680085362962,0,0.38358025602831813,novalia-demo-1,2026-02-01,test_independant_synthetique,0.0
NOV-01795,bisannuel,86.09,0,0.04770605744303686,0,0.38358025602831813,novalia-demo-1,2026-02-01,test_independant_synthetique,4.11
NOV-01583,annuel,99.12,0,0.08093147580293152,0,0.38358025602831813,novalia-demo-1,2026-02-01,test_independant_synthetique,8.02
NOV-00668,mensuel,141.91,0,0.5070240046645508,1,0.38358025602831813,novalia-demo-1,2026-02-01,test_independant_synthetique,71.95
NOV-02315,annuel,95.1,0,0.027981707054074385,0,0.38358025602831813,novalia-demo-1,2026-02-01,test_independant_synthetique,2.66
NOV-03957,annuel,84.27,0,0.04276642962280658,0,0.38358025602831813,novalia-demo-1,2026-02-01,test_independant_synthetique,3.6
NOV-04152,mensuel,116.21,1,0.43469905997642405,1,0.38358025602831813,novalia-demo-1,2026-02-01,test_independant_synthetique,50.52
NOV-04173,mensuel,27.22,0,0.1797480902273456,0,0.38358025602831813,novalia-demo-1,2026-02-01,test_independant_synthetique,4.89
NOV-02864,bisannuel,98.88,0,0.24922337638161166,0,0.38358025602831813,novalia-demo-1,2026-02-01,test_independant_synthetique,24.64
NOV-03585,annuel,44.23,0,0.10278060120096774,0,0.38358025602831813,novalia-demo-1,2026-02-01,test_independant_synthetique,4.55
NOV-04113,mensuel,143.04,0,0.25052440563848505,0,0.38358025602831813,novalia-demo-1,2026-02-01,test_independant_synthetique,35.84
NOV-00181,bisannuel,94.6,0,0.07836307789654712,0,0.38358025602831813,novalia-demo-1,2026-02-01,test_independant_synthetique,7.41
NOV-04746,mensuel,133.17,0,0.19744413676860814,0,0.38358025602831813,novalia-demo-1,2026-02-01,test_independant_synthetique,26.29
NOV-01808,mensuel,131.89,0,0.15496533947517663,0,0.38358025602831813,novalia-demo-1,2026-02-01,test_independant_synthetique,20.44
NOV-02177,bisannuel,,0,0.07401808605335403,0,0.38358025602831813,novalia-demo-1,2026-02-01,test_independant_synthetique,0.0
NOV-04234,mensuel,64.6,0,0.08979121125780062,0,0.38358025602831813,novalia-demo-1,2026-02-01,test_independant_synthetique,5.8
NOV-01254,mensuel,137.74,0,0.08445887258562403,0,0.38358025602831813,novalia-demo-1,2026-02-01,test_independant_synthetique,11.63
NOV-03383,mensuel,148.31,1,0.7374010061635652,1,0.38358025602831813,novalia-demo-1,2026-02-01,test_independant_synthetique,109.36
NOV-01300,mensuel,102.64,1,0.23976405399574238,0,0.38358025602831813,novalia-demo-1,2026-02-01,test_independant_synthetique,24.61
NOV-04462,bisannuel,65.88,0,0.06585225665442326,0,0.38358025602831813,novalia-demo-1,2026-02-01,test_independant_synthetique,4.34
NOV-02622,mensuel,143.29,0,0.0976058419191286,0,0.38358025602831813,novalia-demo-1,2026-02-01,test_independant_synthetique,13.99
NOV-02106,annuel,134.32,0,0.38843405345026066,1,0.38358025602831813,novalia-demo-1,2026-02-01,test_independant_synthetique,52.17
NOV-03814,mensuel,28.75,0,0.3477984192052987,0,0.38358025602831813,novalia-demo-1,2026-02-01,test_independant_synthetique,10.0
NOV-00666,annuel,102.18,1,0.6452914142983152,1,0.38358025602831813,novalia-demo-1,2026-02-01,test_independant_synthetique,65.94
NOV-00029,mensuel,134.13,0,0.4857425361352499,1,0.38358025602831813,novalia-demo-1,2026-02-01,test_independant_synthetique,65.15
NOV-01558,mensuel,21.33,0,0.051911748410091496,0,0.38358025602831813,novalia-demo-1,2026-02-01,test_independant_synthetique,1.11
NOV-00957,mensuel,147.55,0,0.15632142225957338,0,0.38358025602831813,novalia-demo-1,2026-02-01,test_independant_synthetique,23.07
NOV-00108,annuel,54.73,0,0.09855884905140838,0,0.38358025602831813,novalia-demo-1,2026-02-01,test_independant_synthetique,5.39
NOV-01971,bisannuel,64.12,0,0.0034194903376395715,0,0.38358025602831813,novalia-demo-1,2026-02-01,test_independant_synthetique,0.22
NOV-00526,annuel,56.01,0,0.04207744653934875,0,0.38358025602831813,novalia-demo-1,2026-02-01,test_independant_synthetique,2.36
NOV-00494,mensuel,40.53,0,0.021457950111863557,0,0.38358025602831813,novalia-demo-1,2026-02-01,test_independant_synthetique,0.87
NOV-04191,mensuel,50.27,0,0.03336196061518038,0,0.38358025602831813,novalia-demo-1,2026-02-01,test_independant_synthetique,1.68
NOV-02921,annuel,115.11,1,0.3189411672811387,0,0.38358025602831813,novalia-demo-1,2026-02-01,test_independant_synthetique,36.71
NOV-02931,mensuel,140.04,0,0.15559265765352298,0,0.38358025602831813,novalia-demo-1,2026-02-01,test_independant_synthetique,21.79
NOV-02081,annuel,109.59,0,0.050736649176853055,0,0.38358025602831813,novalia-demo-1,2026-02-01,test_independant_synthetique,5.56
NOV-02954,annuel,19.15,0,0.022486135483136625,0,0.38358025602831813,novalia-demo-1,2026-02-01,test_independant_synthetique,0.43
NOV-01349,annuel,,0,0.044510351146553294,0,0.38358025602831813,novalia-demo-1,2026-02-01,test_independant_synthetique,0.0
NOV-00643,mensuel,103.49,0,0.05710016657239387,0,0.38358025602831813,novalia-demo-1,2026-02-01,test_independant_synthetique,5.91
NOV-01538,annuel,62.36,1,0.3595208103418419,0,0.38358025602831813,novalia-demo-1,2026-02-01,test_independant_synthetique,22.42
NOV-04167,mensuel,139.66,0,0.07304398718920559,0,0.38358025602831813,novalia-demo-1,2026-02-01,test_independant_synthetique,10.2
NOV-04208,mensuel,25.95,0,0.07903264559081115,0,0.38358025602831813,novalia-demo-1,2026-02-01,test_independant_synthetique,2.05
NOV-01483,mensuel,45.59,0,0.08397717933413536,0,0.38358025602831813,novalia-demo-1,2026-02-01,test_independant_synthetique,3.83
NOV-01597,annuel,101.84,0,0.07759301835717329,0,0.38358025602831813,novalia-demo-1,2026-02-01,test_independant_synthetique,7.9
NOV-03018,mensuel,78.44,0,0.05819496514451486,0,0.38358025602831813,novalia-demo-1,2026-02-01,test_independant_synthetique,4.56
NOV-02134,mensuel,97.03,0,0.1947910570337449,0,0.38358025602831813,novalia-demo-1,2026-02-01,test_independant_synthetique,18.9
NOV-00615,mensuel,31.65,0,0.052161546738084034,0,0.38358025602831813,novalia-demo-1,2026-02-01,test_independant_synthetique,1.65
NOV-00634,mensuel,70.58,0,0.021690022715153207,0,0.38358025602831813,novalia-demo-1,2026-02-01,test_independant_synthetique,1.53
NOV-01051,annuel,23.46,0,0.11317879459697892,0,0.38358025602831813,novalia-demo-1,2026-02-01,test_independant_synthetique,2.66
NOV-01355,mensuel,144.72,0,0.133871367240921,0,0.38358025602831813,novalia-demo-1,2026-02-01,test_independant_synthetique,19.37
NOV-04421,mensuel,30.83,0,0.12084808226030772,0,0.38358025602831813,novalia-demo-1,2026-02-01,test_independant_synthetique,3.73
NOV-03217,mensuel,79.79,0,0.5004531450589512,1,0.38358025602831813,novalia-demo-1,2026-02-01,test_independant_synthetique,39.93
NOV-00098,annuel,127.39,0,0.08949824982884592,0,0.38358025602831813,novalia-demo-1,2026-02-01,test_independant_synthetique,11.4
NOV-02852,mensuel,145.4,1,0.2536462100587901,0,0.38358025602831813,novalia-demo-1,2026-02-01,test_independant_synthetique,36.88
NOV-04279,annuel,53.62,0,0.07834185921007775,0,0.38358025602831813,novalia-demo-1,2026-02-01,test_independant_synthetique,4.2
NOV-03848,bisannuel,132.43,0,0.012596048664823367,0,0.38358025602831813,novalia-demo-1,2026-02-01,test_independant_synthetique,1.67
NOV-00064,bisannuel,144.59,0,0.03741376642655102,0,0.38358025602831813,novalia-demo-1,2026-02-01,test_independant_synthetique,5.41
NOV-03049,bisannuel,123.85,1,0.2538204326654776,0,0.38358025602831813,novalia-demo-1,2026-02-01,test_independant_synthetique,31.44
NOV-01552,bisannuel,,0,0.1899516299643572,0,0.38358025602831813,novalia-demo-1,2026-02-01,test_independant_synthetique,0.0
NOV-01855,mensuel,48.77,0,0.027136761531031024,0,0.38358025602831813,novalia-demo-1,2026-02-01,test_independant_synthetique,1.32
NOV-04812,mensuel,19.46,0,0.056623516503995566,0,0.38358025602831813,novalia-demo-1,2026-02-01,test_independant_synthetique,1.1
NOV-04656,mensuel,109.23,1,0.23871435178950978,0,0.38358025602831813,novalia-demo-1,2026-02-01,test_independant_synthetique,26.07
NOV-04863,mensuel,132.24,0,0.09955029123315601,0,0.38358025602831813,novalia-demo-1,2026-02-01,test_independant_synthetique,13.16
NOV-02789,annuel,130.31,0,0.03427580476748964,0,0.38358025602831813,novalia-demo-1,2026-02-01,test_independant_synthetique,4.47
NOV-01667,mensuel,112.0,0,0.15105775402961993,0,0.38358025602831813,novalia-demo-1,2026-02-01,test_independant_synthetique,16.92
NOV-02462,mensuel,90.73,0,0.4078964421884574,1,0.38358025602831813,novalia-demo-1,2026-02-01,test_independant_synthetique,37.01
NOV-00813,annuel,136.06,0,0.5491679502102442,1,0.38358025602831813,novalia-demo-1,2026-02-01,test_independant_synthetique,74.72
NOV-00865,annuel,78.1,0,0.15718233205607446,0,0.38358025602831813,novalia-demo-1,2026-02-01,test_independant_synthetique,12.28
NOV-04892,annuel,108.03,1,0.29687527007404957,0,0.38358025602831813,novalia-demo-1,2026-02-01,test_independant_synthetique,32.07
NOV-01659,mensuel,55.04,0,0.3321284243216275,0,0.38358025602831813,novalia-demo-1,2026-02-01,test_independant_synthetique,18.28
NOV-02010,mensuel,139.05,0,0.36691796062241416,0,0.38358025602831813,novalia-demo-1,2026-02-01,test_independant_synthetique,51.02
NOV-01521,bisannuel,61.54,0,0.017237174758084797,0,0.38358025602831813,novalia-demo-1,2026-02-01,test_independant_synthetique,1.06
NOV-02374,annuel,148.38,0,0.14783817845339314,0,0.38358025602831813,novalia-demo-1,2026-02-01,test_independant_synthetique,21.94
NOV-03466,annuel,28.32,0,0.032624334918522464,0,0.38358025602831813,novalia-demo-1,2026-02-01,test_independant_synthetique,0.92
NOV-00157,mensuel,25.71,0,0.11114106057540143,0,0.38358025602831813,novalia-demo-1,2026-02-01,test_independant_synthetique,2.86
